paperId,title,titleZh,authors,journal,year,doi,citationCount,abstract,url,source
814571980660408321,Antifouling Activities of Antagonistic Marine Bacterium Pseudomonas putida Associated with an Octopus,与章鱼相关的拮抗海洋细菌恶臭假单胞菌的防污活性,N. Viju; S. Satheesh; S. Mary Josephine Punitha,Proceedings of the National Academy of Sciences,2015,10.1007/s40011-015-0691-x,7,"Bacterial symbionts associated with an octopus were isolated and their intra and extracellular extracts were tested for the antagonistic activities against biofilm-forming bacteria. Among the three antagonistic bacterial symbionts, both intra and extracellular extracts of the bacterium, Pseudomonas putida exhibited strong antibacterial activity against biofilm bacteria. Results also showed that both intra and extracellular extracts of P. putida significantly reduced the biofilm formation on test",https://link.springer.com/article/10.1007/s40011-015-0691-x,paper-results-PaperSearchToFile_2.json
814583162423214081,Colonisation and succession of marine biofilm-dwelling ciliate assemblages on biocidal antifouling and fouling-release coatings in temperate Australia,澳大利亚温带地区杀生防污涂料和防污释放涂料上海洋生物膜纤毛虫群落的定殖与演替 ,Matthew G. Watson; Andrew J. Scardino; Liliana Zalizniak; Jeff Shimeta,Biofouling,2015,10.1080/08927014.2015.1105221,13,"Ciliate assemblages are often overlooked, but ubiquitous components of microbial biofilms which require a better understanding. Ciliate, diatom and bacterial colonisation were evaluated on two fouling-release (FR) coatings, viz . Intersleek 970 and Hempasil X3, and two biocidal antifouling (AF) coatings, viz . Intersmooth 360 and Interspeed 5640, in Port Phillip Bay, Australia. A total of 15 genera were identified during the 10 week deployment. Intersleek 970 displayed the most rapid fouling by ",https://www.tandfonline.com/doi/abs/10.1080/08927014.2015.1105221,paper-results-PaperSearchToFile_2.json
814653277210673154,Ecofriendly Antifouling Marine Coatings,生态友好型防污海洋涂料,Rosaria Ciriminna; Frank V. Bright; Mario Pagliaro,ACS Sustainable Chemistry & Engineering,2015,10.1021/sc500845n,124,"Foul release coatings were first used on vessels in the early 1990s, but despite early excitement about the technology, they have had a prolonged modest market share due to high cost and poorer performance when compared to biocidal marine coatings. Recently, these coatings are experiencing a renaissance. Accelerated progress based on nanochemistry has enabled the synthesis of ecofriendly coatings with improved foul release performance, and also antifouling properties. This study aims to provide ",https://pubs.acs.org/doi/10.1021/sc500845n,paper-results-PaperSearchToFile_1.json
814641980066758657,Fabrication of Liquid-Infused Surfaces Using Reactive Polymer Multilayers: Principles for Manipulating the Behaviors and Mobilities of Aqueous Fluids on Slippery Liquid Interfaces,利用反应性聚合物多层体制备 infused 液体表面：操纵润滑液体界面上水流体行为与迁移率的原理,Uttam Manna; David M. Lynn,Advanced Materials,2015,10.1002/adma.201500893,107,The design of slippery liquid-infused porous surfaces (SLIPS) using nanoporous and chemically reactive polymer multilayers is reported. This approach permits fabrication of slippery anti-fouling coatings on complex surfaces and provides new means to manipulate the mobilities of contacting aqueous fluids. The results expand the range of tools that can be used to manipulate the behaviors of SLIPS and open the door to new applications of this emerging class of soft materials. ,https://onlinelibrary.wiley.com/doi/10.1002/adma.201500893,paper-results-PaperSearchToFile_2.json
814601470266572801,Improved Antifouling Properties of Poly(Ether Sulfone) Membrane by Incorporating the Amphiphilic Comb Copolymer with Mixed Poly(Ethylene Glycol) and Poly(Dimethylsiloxane) Brushes,通过引入具有聚（乙二醇）和聚（二甲基硅氧烷）混合刷的两亲性梳状共聚物改善聚醚砜膜的抗污染性能,Fan Gao; Guangfa Zhang; Qinghua Zhang; Xiaoli Zhan; Fengqiu Chen,Industrial & Engineering Chemistry Research,2015,10.1021/acs.iecr.5b02864,50,"In this study, a novel amphiphilic comb copolymer P(poly(ethylene glycol) (PEG)-r-poly(dimethylsiloxane) (PDMS)) with mixed hydrophilic and low surface energy side chains was synthesized by the free radical polymerization method. The microstructure of the synthesized amphiphilic copolymers was characterized by Fourier transform infrared (FTIR) and the nuclear magnetic resonance proton spectra (1H NMR). The copolymers were blended with poly(ether sulfone) (PES) to fabricate low-fouling ultrafiltr",https://pubs.acs.org/doi/10.1021/acs.iecr.5b02864,paper-results-PaperSearchToFile_1.json
814641726248452097,Micro- and nanotechnologies in plankton research,浮游生物研究中的微纳技术,Javeed Shaikh Mohammed,Progress In Oceanography,2015,10.1016/j.pocean.2015.03.010,10,,https://www.sciencedirect.com/science/article/abs/pii/S0079661115000518,paper-results-PaperSearchToFile_1.json
814697623532339203,On the hydration of subnanometric antifouling organosilane adlayers: A molecular dynamics simulation,关于亚纳米级防污有机硅烷吸附层的水合作用：分子动力学模拟,Sonia Sheikh; Christophe Blaszykowski; Robert Nolan; Damien Thompson; Michael Thompson,Journal of Colloid and Interface Science,2015,10.1016/j.jcis.2014.09.025,29,,https://www.sciencedirect.com/science/article/abs/pii/S0021979714006742,paper-results-PaperSearchToFile_2.json
814627261712957440,Optimising the settlement and hatchery culture of Saccharina latissima (Phaeophyta) by manipulation of growth medium and substrate surface condition,通过调控生长培养基和基质表面条件优化海带（褐藻门）的采苗和孵化场养殖,Philip D. Kerrison; Michele S. Stanley; Maeve Kelly; Adrian MacLeod; Kenneth D. Black; Adam D. Hughes,Journal of Applied Phycology,2015,10.1007/s10811-015-0621-6,12,"The phaeophyte macroalga Saccharina latissima is gaining economic importance as an aquaculture crop. To decrease costs associated with the hatchery, the time required for meiospores to develop into sporophytes ready for outplanting must be minimised and survivorship maximised. The settlement and juvenile development of S. latissima was examined in a series of experimental manipulations. It was determined that (1) Meiospore settlement should be conducted in the dark in nutrient-enriched medium. (",https://link.springer.com/article/10.1007/s10811-015-0621-6,paper-results-PaperSearchToFile_2.json
814612120317460481,Perfluoropolyether/poly(ethylene glycol) triblock copolymers with controllable self-assembly behaviour for highly efficient anti-bacterial materials,,Jing Song; Qun Ye; Wang Ting Lee; Xiaobai Wang; Tao He; Kwok Wei Shah; Jianwei Xu,RSC Advances,2015,10.1039/C5RA08138F,13,Fluoropolymer PEG triblock copolymer antifouling anti-bacterial,,inline_search_new
814705472287277058,Rice and Butterfly Wing Effect Inspired Low Drag and Antifouling Surfaces: A Review,受水稻和蝴蝶翅膀效应启发的低阻力和防污表面：综述,Gregory D. Bixler; Bharat Bhushan,Critical Reviews in Solid State and Material Sciences,2015,10.1080/10408436.2014.917368,80,"In this article, a comprehensive overview of the reported rice and butterfly wing effect discovered by the authors is presented with the hope to attract and inspire others in the field. Living nature has inspired researchers for centuries to solve complex engineering challenges with much attention given to unique structures, materials, and surfaces. Such challenges include drag reducing and antifouling surfaces to save energy, lives, and money. Many flora and fauna exhibit low drag and antifouli",https://www.tandfonline.com/doi/abs/10.1080/10408436.2014.917368,paper-results-PaperSearchToFile_2.json
814660900093952001,Slippery liquid-infused porous surfaces fabricated on aluminum as a barrier to corrosion induced by sulfate reducing bacteria,在铝表面制备的注入滑液的多孔表面，作为防止硫酸盐还原菌引起腐蚀的屏障 ,Peng Wang; Zhou Lu; Dun Zhang,Corrosion Science,2015,10.1016/j.corsci.2015.01.015,94,,https://www.sciencedirect.com/science/article/abs/pii/S0010938X15000232,paper-results-PaperSearchToFile_2.json
814588362936549377,Zwitterionic Antifouling Coatings for the Purification of High-Salinity Shale Gas Produced Water,用于高盐度页岩气采出水净化的两性离子防污涂层,Rong Yang; Esma Goktekin; Karen K. Gleason,Langmuir,2015,10.1021/acs.langmuir.5b02795,18,"Fouling refers to the undesirable attachment of organic molecules and microorganisms to submerged surfaces. It is an obstacle to the purification of shale gas produced water and is currently without an effective solution due to the highly contaminated nature of produced water. Here, we demonstrate the direct vapor application of a robust zwitterionic coating to a variety of substrates. The coating remains unprecedentedly hydrophilic, smooth, and effectively antifouling in extremely high salinity",https://pubs.acs.org/doi/10.1021/acs.langmuir.5b02795,paper-results-PaperSearchToFile_1.json
811133419122589698,"Antifouling, Antimicrobial, and Antibiocorrosion Multilayer Coatings Assembled by Layer-by-layer Deposition Involving Host–Guest Interaction",通过涉及主客体相互作用的层层沉积组装的防污、抗菌和抗生物腐蚀多层涂层,Gang Xu; Dicky Pranantyo; Liqun Xu; Koon-Gee Neoh; En-Tang Kang; Serena Lay-Ming Teo,Industrial & Engineering Chemistry Research,2016,10.1021/acs.iecr.6b02190,31,"Layer-by-layer (LBL) deposition of polyethylenimine-β-cyclodextrin (PEI-β-CD) and ferrocene-modified chitosan (Fc-CHT) via host–guest interaction chemistry was developed for the fabrication of low-fouling, antimicrobial, and biocorrosion inhibition multilayer coatings on stainless steel. An electrochemical method is proposed to monitor and determine the LBL deposition process. The resulting multilayer coatings exhibit good resistance to bacterial adhesion, including Pseudomonas sp. and Staphyloc",https://pubs.acs.org/doi/10.1021/acs.iecr.6b02190,paper-results-PaperSearchToFile_2.json
814567387616509956,"Coating morphology and surface composition of acrylic terpolymers with pendant catechol, OEG and perfluoroalkyl groups in varying ratio and the effect on protein adsorption",具有不同比例的侧链儿茶酚、OEG和全氟烷基的丙烯酸三元共聚物的涂层形态和表面组成及其对蛋白质吸附的影响,Jun Zhong; Hua Ji; Jiang Duan; Haiyang Tu; Aidong Zhang,Colloids and Surfaces B Biointerfaces,2016,10.1016/j.colsurfb.2015.12.051,17,,https://www.sciencedirect.com/science/article/abs/pii/S0927776515303994,paper-results-PaperSearchToFile_1.json
811169686749184001,Comparison of laboratory and field testing performance evaluations of siloxane-polyurethane fouling-release marine coatings,硅氧烷 - 聚氨酯防污海洋涂层的实验室与现场测试性能评估比较,Shane J. Stafslien; Stacy Sommer; Dean C. Webster; Rajan Bodkhe; Robert Pieper; Justin Daniels; Lyndsi Vander Wal; Maureen C. Callow; James A. Callow; Emily Ralston; Geoff Swain; Lenora Brewer; Dean Wendt; Gary H. Dickinson; Chin-Sing Lim; Serena Lay-Ming Teo,Biofouling,2016,10.1080/08927014.2016.1211269,19,"A series of eight novel siloxane-polyurethane fouling-release (FR) coatings were assessed for their FR performance in both the laboratory and in the field. Laboratory analysis included adhesion assessments of bacteria, microalgae, macroalgal spores, adult barnacles and pseudobarnacles using high-throughput screening techniques, while field evaluations were conducted in accordance with standardized testing methods at three different ocean testing sites over the course of six-months exposure. The ",https://www.tandfonline.com/doi/abs/10.1080/08927014.2016.1211269,paper-results-PaperSearchToFile_2.json
811120485101207554,Corrosion assessment of infrastructure assets in coastal seas,沿海海域基础设施资产的腐蚀评估,Benjamín Valdez; Jorge Ramirez; Amir Eliezer; Michael Schorr; Rogelio Ramos; Ricardo Salinas,Journal of Marine Engineering & Technology,2016,10.1080/20464177.2016.1247635,20,"The seas play an essential role for the peoples living on their coastal regions, since the marine infrastructure is located in the coasts. Seawater is a corrosive environment that affects infrastructure particularly in polluted seawater. Corrosion and pollution are pernicious chemical, physical processes that impair the quality of the environment and the durability of the marine structures and materials. They are aggravated by the discharge into the sea coast of municipal, industrial and agricul",https://www.tandfonline.com/doi/abs/10.1080/20464177.2016.1247635,paper-results-PaperSearchToFile_1.json
814527523357458432,Dopamine-assisted deposition and zwitteration of hyaluronic acid for the nanoscale fabrication of low-fouling surfaces,用于低污染表面纳米级制造的多巴胺辅助透明质酸沉积及两性离子化,Huijun Ye; Yinqiang Xia; Zhiqiang Liu; Renliang Huang; Rongxin Su; Wei Qi; Libing Wang; Zhimin He,Journal of Materials Chemistry B,2016,10.1039/C6TB01022A,42,"In this study, we proposed a bioinspired approach for the deposition and zwitteration of hyaluronic acid (HA) with a reduced glutathione (GSH) to form a composite layer that functions as a low fouling coating. A polyanion of the HA–dopamine conjugate (HADA) possessing catechol groups was synthesized by carbodiimide chemistry between HA and dopamine. Then, the dopamine conjugated biofunctional polymers (HADA) were grafted onto Au substrates via the transformation of catechol into a quinone group ",https://pubs.rsc.org/en/content/articlelanding/2016/tb/c6tb01022a,paper-results-PaperSearchToFile_1.json
811105067078778880,Fabrication of Slippery Lubricant-Infused Porous Surface with High Underwater Transparency for the Control of Marine Biofouling,用于控制海洋生物污损的具有高水下透明度的注入滑润剂的多孔表面的制备,Peng Wang; Dun Zhang; Shimei Sun; Tianping Li; Yan Sun,ACS Applied Materials & Interfaces,2016,10.1021/acsami.6b09117,108,"Marine optical instruments are bearing serious biofouling problem, which affects the accuracy of data collected. To solve the biofouling problem of marine optical instruments, a novel instance of slippery lubricant-infused porous surface (SLIPS) with high underwater-transparency was designed over glass substrate via infusing lubricant into its porous microstructure fabricated with hydrothermal method. The advantage of SLIPS as antibiofouling strategy to marine optical instruments was proven by c",https://pubs.acs.org/doi/10.1021/acsami.6b09117,paper-results-PaperSearchToFile_2.json
814530202481721344,Hydrolysis-controlled protein adsorption and antifouling behaviors of mixed charged self-assembled monolayer: A molecular simulation study,混合电荷自组装单分子层的水解控制蛋白质吸附及抗污行为：一项分子模拟研究,Jie Liu; Jian Zhou,Acta Biomaterialia,2016,10.1016/j.actbio.2016.04.044,18,,https://www.sciencedirect.com/science/article/abs/pii/S1742706116302069,paper-results-PaperSearchToFile_2.json
811259717346131969,Release and detection of nanosized copper from a commercial antifouling paint,从商用防污漆中释放和检测纳米级铜,Adeyemi S. Adeleye; Ekene A. Oranu; Mengya Tao; Arturo A. Keller,Water Research,2016,10.1016/j.watres.2016.06.056,91,,https://www.sciencedirect.com/science/article/abs/pii/S0043135416304948,paper-results-PaperSearchToFile_1.json
811270254360526849,Slippery Liquid-Infused Porous Surfaces that Prevent Bacterial Surface Fouling and Inhibit Virulence Phenotypes in Surrounding Planktonic Cells,防止细菌表面污染并抑制周围浮游细胞毒力表型的注入滑液的多孔表面,Michael J. Kratochvil; Michael A. Welsh; Uttam Manna; Benjamín J. Ortiz; Helen E. Blackwell; David M. Lynn,ACS Infectious Diseases,2016,10.1021/acsinfecdis.6b00065,59,"Surfaces that can both prevent bacterial biofouling and inhibit the expression of virulence phenotypes in surrounding planktonic bacteria are of interest in a broad range of contexts. Here, we report new slippery-liquid infused porous surfaces (SLIPS) that resist bacterial colonization (owing to inherent “slippery” surface character) and also attenuate virulence phenotypes in non-adherent cells by gradually releasing small-molecule quorum sensing inhibitors (QSIs). QSIs active against Pseudomona",https://pubs.acs.org/doi/10.1021/acsinfecdis.6b00065,paper-results-PaperSearchToFile_2.json
814535727537717248,Surface heterogeneity: a friend or foe of protein adsorption – insights from theoretical simulations,表面非均质性：蛋白质吸附的助力还是阻力——来自理论模拟的见解,Matthew Penna; Kamron Ley; Shane Maclaughlin; Irene Yarovsky,Faraday Discussions,2016,10.1039/C6FD00050A,21,"A lack in the detailed understanding of mechanisms through which proteins adsorb or are repelled at various solid/liquid interfaces limits the capacity to rationally design and produce more sophisticated surfaces with controlled protein adsorption in both biomedical and industrial settings. To date there are three main approaches to achieve anti biofouling efficacy, namely chemically adjusting the surface hydrophobicity and introducing various degrees of surface roughness, or a combination of bo",https://pubs.rsc.org/en/content/articlelanding/2016/fd/c6fd00050a,paper-results-PaperSearchToFile_2.json
814535248854384640,Temperature-dependent phase-segregation behavior and antifouling performance of UV-curable methacrylated PDMS/PEG coatings,紫外光固化甲基丙烯酸化聚二甲基硅氧烷/聚乙二醇涂层的温度依赖性相分离行为及防污性能,Yunjiao Gu; Shuxue Zhou; Huali Luo; Limin Wu; Wei Gao; Jinlong Yang,Journal of Polymer Science Part B Polymer Physics,2016,10.1002/polb.24064,12,"Controllable phase segregation adjustment for immiscible polymer blends has always been tough, which hinders the development of amphiphilic antifouling coatings from more accessible blends. Herein, methacrylated poly(dimethylsiloxane) (PDMS-MA) was synthesized and mixed with poly(ethylene glycol)methylether methacrylate (PEG-MA). It was interestingly discovered that these PDMS-MA/PEG-MA blends displayed upper critical solution temperatures (UCST) due to thermo-induced conformational change of PE",https://onlinelibrary.wiley.com/doi/10.1002/polb.24064,paper-results-PaperSearchToFile_1.json
813115569430593536, The Dispersion Tolerance of Micro/Nano Particle in Polydimethylsiloxane and Its Influence on the Properties of Fouling Release Coatings Based on Polydimethylsiloxane ,微/纳米颗粒在聚二甲基硅氧烷中的分散耐受性及其对聚二甲基硅氧烷基污损释放涂层性能的影响,Miao Ba; Zhanping Zhang; Yuhong Qi,Coatings,2017,10.3390/coatings7070107,12,"Particles can be used to improve the mechanical properties of fouling release coatings based on polydimethylsiloxane (PDMS). In this study, coatings were prepared by high speed stirring using seven types of particles, with different particle size from nanometer to micrometer. The influence of specific surface area of the particles on the dispersion tolerance was investigated. The results showed that the dispersion tolerance of particles in PDMS decreased with the increase in specific surface are",https://www.mdpi.com/2079-6412/7/7/107,paper-results-PaperSearchToFile_1.json
811060838432505857,A brief review of recent developments in the designs that prevent bio-fouling on silicon and silicon-based materials,对近期防止硅及硅基材料生物污染的设计进展的简要回顾,Xiaoning Zhang; DaShan Brodus; Valerie Hollimon; Hongmei Hu,Chemistry Central Journal,2017,10.1186/s13065-017-0246-8,27,"Silicon and silicon-based materials are essential to our daily life. They are widely used in healthcare and manufacturing. However, silicon and silicon-based materials are susceptible to bio-fouling, which is of great concern in numerous applications. To date, interdisciplinary research in surface science, polymer science, biology, and engineering has led to the implementation of antifouling strategies for silicon-based materials. However, a review to discuss those antifouling strategies for sil",https://bmcchem.biomedcentral.com/articles/10.1186/s13065-017-0246-8,paper-results-PaperSearchToFile_2.json
811042503766573057,A molecular dynamics study on the adsorption of a mussel protein on two different films: Polymer film and a SAM,一项关于贻贝蛋白在两种不同薄膜（聚合物薄膜和自组装单分子层（SAM））上吸附的分子动力学研究,Cunxue He; Heng Zhang; Cunguo Lin; Li Wang; Shiling Yuan,Chemical Physics Letters,2017,10.1016/j.cplett.2017.03.070,4,,https://www.sciencedirect.com/science/article/abs/pii/S0009261417302968,paper-results-PaperSearchToFile_2.json
813112070005325827,A new flow-through bioassay for testing low-emission antifouling coatings,一种用于测试低排放防污涂料的新型流通式生物测定法,Christian Pansch; Per R. Jonsson; Mattias Berglin; Emiliano Pinori; Anna-Lisa Wrange,Biofouling,2017,10.1080/08927014.2017.1349897,5,"Current antifouling (AF) technologies are based on the continuous release of biocides into the water, and consequently discharge into the environment. Major efforts to develop more environmentally friendly coatings require efficient testing in laboratory assays, followed by field studies. Barnacles are important fouling organisms worldwide, increasing hydrodynamic drag on ships and damaging coatings on underwater surfaces, and thus are extensively used as models in AF research, mostly in static,",https://www.tandfonline.com/doi/abs/10.1080/08927014.2017.1349897,paper-results-PaperSearchToFile_2.json
811052528710975488,Amphiphilic Polymer Platforms: Surface Engineering of Films for Marine Antibiofouling,两亲性聚合物平台：用于海洋防污的薄膜表面工程,Giancarlo Galli; Elisa Martinelli,Macromolecular Rapid Communications,2017,10.1002/marc.201600704,79,"A range of amphiphilic polymers with diverse macromolecular architectures has been developed and incorporated into films and coatings with potential for marine antibiofouling applications, without resorting to addition of currently used biocidal, toxic agents. Novel “green” chemical technologies employ different building blocks to endow the polymer film with surface activity, functionality, structure, and reconstruction according to the outer environment as a result of a tailored amphiphilic cha",https://onlinelibrary.wiley.com/doi/10.1002/marc.201600704,paper-results-PaperSearchToFile_1.json
1134875128388124672,Development and Application of Antifouling Coatings Based on Fluorinated Amphiphilic Polymer Brushes,含氟两亲性聚合物刷构筑及防污应用研究进展,Shu TIAN; Wen-qing LIU; Zhi-xiong LIU; Ji-bin PU; Li-ping WANG,Surface Technology,2017,10.16490/j.cnki.issn.1001-3660.2017.11.016,0,"Surface grafted polymer brush is an effective method of improving surface physicochemical property and pre-venting adsorption of biomacromolecules including protein as well as other fouling organisms. Fluoropolymer is an ideal con-stituent forming amphiphilic polymer brush due to its strong hydrophobicity, low surface energy and low surface adhesive force. Forming method, category and antifouling mechanism of fluorine-containing amphiphilic polymer brush were overviewed, latest research results ",https://doi.org/10.16490/j.cnki.issn.1001-3660.2017.11.016,paper-results-PaperSearchToFile_1.json
813132263469350912,Fouling-resistant behavior of liquid-infused porous slippery surfaces,液体注入多孔光滑表面的抗污行为,Dan Zhao; Xiao-dong Xu; Shuai-shuai Yuan; Shun-jie Yan; Xiang-hong Wang; Shi-fang Luan; Jing-hua Yin,Chinese Journal of Polymer Science,2017,10.1007/s10118-017-1930-9,12,"Marine economy is seriously affected by marine biofouling, which has plagued people for thousands of years. Although various strategies have been developed to protect artificial surfaces against marine biofouling, cost-effective biofouling-resistant coating is still a goal in pursue. Herein, a cost-effective liquid-infused porous slippery surface (LIPSS) was facilely prepared by using poly(styrene-b-(ethylene-co-butylene)-b-styrene) (SEBS) elastomer to form microsphere surfaces, followed by infu",https://link.springer.com/article/10.1007/s10118-017-1930-9,paper-results-PaperSearchToFile_2.json
811074231889559553,Funktionelle Isoeugenol-modifizierte Nanogel-Beschichtungen für biologische Grenzflächen,用于生物界面的功能性异丁香酚修饰的纳米凝胶涂层,Michael Kather; Merle Skischus; Pierre Kandt; Prof. Andrij Pich; Prof. Georg Conrads; Dr. Sabine Neuss,Angewandte Chemie,2017,10.1002/ange.201609180,3,"Abstract Es wurde eine neue Route zur Synthese funktioneller wässriger Nanogele mit kontrollierter Isoeugenol‐Oberflächenbeladung entwickelt. Die so erhaltenen Nanogele haben zwei Schlüsselfunktionen: a) antibakterielle Aktivität gegen diverse orale Krankheitserreger sowie b) zelladhäsive und zellwachstumsfördernde Eigenschaften. Diese funktionellen Nanogele sind potenzielle Bausteine für bioaktive Beschichtungen auf verschiedenen Implantaten, die zur Verhinderung von Infektionen und zur Förderu",https://onlinelibrary.wiley.com/doi/10.1002/ange.201609180,paper-results-PaperSearchToFile_2.json
811028047447719936,Methods of assessing antifouling and foul-release efficacy of non-toxic marine coatings,,Dean E. Wendt,Green Materials,2017,10.1680/jgrma.17.00002,3,Methods for assessing non-toxic antifouling coatings...,,inline_search
813132680806793218,Oligopeptide-modified hydrophobic and hydrophilic polymers as antifouling coatings,,David R. Calabrese; Brandon M. Wenning; Hilda Buss; John A. Finlay; Daniel Fischer; Anthony S. Clare; Rachel A. Segalman; Christopher K. Ober,Green Materials,2017,10.1680/jgrma.17.00006,7,Oligopeptide modified hydrophobic hydrophilic polymer antifouling coating,,inline_search_new
811102800569171970,PDMS-based films containing surface-active amphiphilic block copolymers to combat fouling from barnacles,,Matteo Oliva; Elisa Martinelli; Giancarlo Galli; Carlo Pretti,Polymer,2017,10.1016/j.polymer.2016.12.021,26,PDMS amphiphilic block copolymer barnacle fouling antifouling,,inline_search_new
813091161324388355,Polymer brushes on structural surfaces: a novel synergistic strategy for perfectly resisting algae settlement,结构表面的聚合物刷：一种完美抵抗藻类附着的新型协同策略,Yu Zhang; Haiyuan Hu; Xiaowei Pei; Yupeng Liu; Qian Ye; Feng Zhou,Biomaterials Science,2017,10.1039/C7BM00842B,17,"The current paper reports a novel model of a marine antibiofouling surface based on polymer brushes on a wrinkled silicone elastomer. Polymer brushes (POEGMA and PSPMA) were grafted via surface-initiated atom transfer radical polymerization (SI-ATRP). Successful grafting was verified with various characterization techniques including infrared spectroscopy, X-ray photoelectron spectroscopy and contact angle measurements. A series of laboratory static and dynamic bioassays as well as field immersi",https://pubs.rsc.org/en/content/articlelanding/2017/bm/c7bm00842b,paper-results-PaperSearchToFile_1.json
813118343245463553,Preparation and evaluation of amphiphilic polymer as fouling-release coating in marine environment,两亲性聚合物作为海洋环境中防污涂层的制备与评价,Jiang Li; Zhuolin Xie; Guoqing Wang; Chunhua Ding; Hong Jiang; Peiqing Wang,Journal of Coatings Technology and Research,2017,10.1007/s11998-017-9935-4,5,"Polystyrene–polybutadiene–polystyrene (SBS), vinyl fluoride silicone (BD-FT-LSR) and polyethylene glycol were chosen as the reactors to synthesize amphiphilic polymer which was used to prepare a new type of fouling-release coating. To evaluate the fouling-release performance and explore the mechanism of the coating, artificial and real-sea environment tests were carried out in the experiments, respectively. IR and 1H NMR were utilized to characterize the structure of the polymer. The effect of f",https://link.springer.com/article/10.1007/s11998-017-9935-4,paper-results-PaperSearchToFile_1.json
813109471894044674,Reinforcement effects of multiwall carbon nanotubes and graphene oxide on PDMS marine coatings,多壁碳纳米管和氧化石墨烯对聚二甲基硅氧烷海洋涂料的增强作用,Levent Cavas; Pelin Gokfiliz Yildiz; Paraskevi Mimigianni; Andreas Sapalidis; Stephanos Nitodas,Journal of Coatings Technology and Research,2017,10.1007/s11998-017-9956-z,31,"Poly (dimethyl siloxane) (PDMS) is a model silicon elastomer used as marine fouling-release coating, because it meets the fouling-release zone conditions of the Baier curve. However, weak mechanical properties limit its use. In this aspect, incorporation of carbon nanoparticles into PDMS is a common method for improving its mechanical properties. Since effective dispersion of nanofillers into polymer matrices is a challenge, a major aim of this study was to examine the PDMS mechanical reinforcem",https://link.springer.com/article/10.1007/s11998-017-9956-z,paper-results-PaperSearchToFile_1.json
813134311275364353,Surface sensing and stress-signalling in Ulva and fouling diatoms – potential targets for antifouling: a review,石莼和污损硅藻中的表面传感与应激信号传导——防污的潜在靶点：综述,Stephanie E. M. Thompson; Juliet C. Coates,Biofouling,2017,10.1080/08927014.2017.1319473,6,"Understanding the underlying signalling pathways that enable fouling algae to sense and respond to surfaces is essential in the design of environmentally friendly coatings. Both the green alga Ulva and diverse diatoms are important ecologically and economically as they are persistent biofoulers. Ulva spores exhibit rapid secretion, allowing them to adhere quickly and permanently to a ship, whilst diatoms secrete an abundance of extracellular polymeric substances (EPS), which are highly adaptable",https://www.tandfonline.com/doi/abs/10.1080/08927014.2017.1319473,paper-results-PaperSearchToFile_2.json
811035333188648962,"The corrosivity and performance evaluation of antifouling paint exposed in seawater Muara Baru Port, Jakarta",雅加达丹戎不碌港海水环境中防污漆的腐蚀性及性能评估,L Nuraini; S Prifiharni; G Priyotomo; Sundjono,Journal of Physics Conference Series,2017,10.1088/1742-6596/817/1/012068,1,"Antifouling paints were applied on a wide range of the under seawater structures in order to protect them from the growth of fouling organisms. The performance investigation of two commercial anticorrosion and antifouling paints was conducted in Muara Baru port, Jakarta. The specimens were coated by anticorrosion and/or antifouling paint. Blank specimen (without exposed) were also prepared as a control. On the other hand, bare mild steel was prepared for measure the corrosion rate through weight",https://iopscience.iop.org/article/10.1088/1742-6596/817/1/012068,paper-results-PaperSearchToFile_1.json
813038940633169926, Synthesis of Polydimethylsiloxane-Modified Polyurethane and the Structure and Properties of Its Antifouling Coatings ,聚二甲基硅氧烷改性聚氨酯的合成及其防污涂层的结构与性能,Zhan-Ping Zhang; Xiao-Fei Song; Li-Ying Cui; Yu-Hong Qi,Coatings,2018,10.3390/coatings8050157,33,"Polydimethylsiloxane (PDMS) could be used to improve the antifouling properties of the fouling release coatings based on polyurethane (PU). A series of polydimethylsiloxane-modified polyurethane coatings were synthesized with various PDMS contents, using the solvent-free method. The effects of PDMS content and seawater immersion on the chain structure and surface morphology were investigated by confocal laser scanning microscopy (CLSM), atomic force microscopy (AFM), Fourier transform infrared s",https://www.mdpi.com/2079-6412/8/5/157,paper-results-PaperSearchToFile_1.json
813034402282995712,A comparison of the antifouling performance of air plasma spray (APS) ceramic and high velocity oxygen fuel (HVOF) coatings for use in marine hydraulic applications,用于船舶液压应用的空气等离子喷涂（APS）陶瓷涂层和高速氧燃料（HVOF）涂层的防污性能比较,Richard Piola; Andrew S. M. Ang; Matthew Leigh; Scott A. Wade,Biofouling,2018,10.1080/08927014.2018.1465052,7,"Maritime hydraulic components are often exposed to harsh environmental conditions which can lead to accelerated deterioration, reduced function, equipment failure and costly repair. Two leading causes of maritime hydraulic failure are biofouling accumulation and corrosion. This study examined the antifouling performance of three candidate replacement high velocity oxygen fuel (HVOF) coatings relative to the performance of the current baseline air plasma spray (APS) ceramic coating for protection",https://www.tandfonline.com/doi/abs/10.1080/08927014.2018.1465052,paper-results-PaperSearchToFile_2.json
812848029311696898,A life-stage conflict of interest in kelp: Higher meiospore settlement where sporophyte attachment is weak,海带生活史阶段的利益冲突：在孢子体附着较弱的地方，减数孢子的沉降率更高 ,Philip D. Kerrison; Michele S. Stanley; Elaine Mitchell; Liam Cunningham; Adam D. Hughes,Algal Research,2018,10.1016/j.algal.2018.08.001,5,,https://www.sciencedirect.com/science/article/abs/pii/S2211926417307749,paper-results-PaperSearchToFile_2.json
813073151461163008,Amphiphilic Alginates for Marine Antifouling Applications,用于海洋防污应用的两亲性海藻酸盐,Victoria Jakobi; Jana Schwarze; John A. Finlay; Kim A. Nolte; Stephan Spöllmann; Hans-Werner Becker; Anthony S. Clare; Axel Rosenhahn,Biomacromolecules,2018,10.1021/acs.biomac.7b01498,29,,https://www.sciencedirect.com/org/science/article/abs/pii/S1525779721014458,paper-results-PaperSearchToFile_1.json
813001780458684417,"Anti-Biofouling and Healable Materials: Preparation, Mechanisms, and Biomedical Applications",,Shuo Liu; Weiwei Guo,Advanced Functional Materials,2018,10.1002/adfm.201800596,50,Anti-biofouling healable materials biomedical...,,inline_search
813103520902283266,Catechol functionalized hyperbranched polymers as biomedical materials,,Hong Zhang; Tianyu Zhao; Ben Newland; Wenguang Liu; Wei Wang; Wenxin Wang,Progress in Polymer Science,2018,10.1016/j.progpolymsci.2017.09.002,68,Catechol-functionalized hyperbranched polymers; mussel-mimetic antifouling via globular graft architectures.,,inline_search_batch9
812999689543614464,Cell-Membrane-Inspired Silicone Interfaces that Mitigate Proinflammatory Macrophage Activation and Bacterial Adhesion,受细胞膜启发的硅氧烷界面可减轻促炎巨噬细胞激活和细菌粘附,Xiao-Hua Qin; Berna Senturk; Jules Valentin; Vera Malheiro; Giuseppino Fortunato; Qun Ren; Markus Rottmar; Katharina Maniura-Weber,Langmuir,2018,10.1021/acs.langmuir.8b02292,16,"Biofouling on silicone implants causes serious complications such as fibrotic encapsulation, bacterial infection, and implant failure. Here we report the development of antifouling, antibacterial silicones through covalent grafting with a cell-membrane-inspired zwitterionic gel layer composed of 2-methacryolyl phosphorylcholine (MPC). To investigate how substrate properties influence cell adhesion, we cultured human-blood-derived macrophages and Escherichia coli on poly(dimethylsiloxane) (PDMS) ",https://pubs.acs.org/doi/10.1021/acs.langmuir.8b02292,paper-results-PaperSearchToFile_1.json
811145058110668801,Cold spray deposition to prevent fouling of polymer surfaces,冷喷涂沉积以防止聚合物表面结垢,C. Stenson; K. A. McDonnell; S. Yin; B. Aldwell; M. Meyer; D. P. Dowling; R. Lupoi,Surface Engineering,2018,10.1080/02670844.2016.1229833,24,"Copper particles embedded into polymer surfaces by cold spray (CS) have been confirmed as a method for antifouling (AF) protection. CS is a low-heat coating process which can be used or employed over large areas. The key parameters that indicate AF potency are particle penetration depth and copper surface coverage. Adaptation of this process towards industrial level requires the process inputs leading to the best outputs to be identified. In this paper, copper particles were deposited onto two p",https://journals.sagepub.com/doi/abs/10.1080/02670844.2016.1229833,paper-results-PaperSearchToFile_1.json
813035718073909248,Comparative study of biofilm formation on biocidal antifouling and fouling-release coatings using next-generation DNA sequencing,使用下一代DNA测序技术对杀生防污涂层和防污释放涂层上生物膜形成的比较研究,Mark O. Winfield; Adrian Downer; Jennifer Longyear; Marie Dale; Gary L. A. Barker,Biofouling,2018,10.1080/08927014.2018.1464152,14,"The bacterial and eukaryotic communities forming biofilms on six different antifouling coatings, three biocidal and three fouling-release, on boards statically submerged in a marine environment were studied using next-generation sequencing. Sequenced amplicons of bacterial 16S ribosomal DNA and eukaryotic ribosomal DNA internal transcribed spacer were assigned taxonomy by comparison to reference databases and relative abundances were calculated. Differences in species composition, bacterial and ",https://www.tandfonline.com/doi/abs/10.1080/08927014.2018.1464152,paper-results-PaperSearchToFile_1.json
812825032358100992,Development and Characterization of Mechanically Durable Silicone-Polythiourethane Composites Modified with Tetrapodal Shaped ZnO Particles for Fouling-Release Coating in the Marine Sector,,Haoyi Qiu; Iris Hölken; Anna Gapeeva; Volkan Filiz; Rainer Adelung; Martina Baum,Materials,2018,10.3390/ma11122413,19,Silicone-polythiourethane composites with tetrapodal ZnO; surface/mechanical properties and barnacle removal fouling-release performance; long-term static immersion.,,inline_search_batch12
812830869013135361,Dynamic surface antifouling: mechanism and systems,,Qingyi Xie; Jiansen Pan; Chunfeng Ma; Guangzhao Zhang,Soft Matter,2018,10.1039/C8SM01853G,106,Dynamic surface antifouling mechanism PDMS...,,inline_search
813020600531419136,Influence of long-range forces and capillarity on the function of underwater superoleophobic wrinkled surfaces,长程力和毛细作用对水下超疏油褶皱表面功能的影响,Ahmed Owais; Truis Smith-Palmer; Angus Gentle; Chiara Neto,Soft Matter,2018,10.1039/C8SM00709H,10,"Underwater superoleophobic surfaces can be considered a particular type of lubricant-infused surface, that have anti-fouling properties by virtue of a trapped water layer that repels oils. However, as their function relies on a water layer being trapped in the surface roughness, it is crucial to understand the factors that determine the layer stability. In this work, the forces that are responsible for the stability of thin liquid films within structured surfaces were quantified, and the conclus",https://pubs.rsc.org/en/content/articlelanding/2018/sm/c8sm00709h,paper-results-PaperSearchToFile_2.json
812833164106924032,Low-Fouling Thin Hydrogel Coatings Made of Photo-Cross-Linked Polyzwitterions,,Julian Koc; Eric Schönemann; Ajitha Amuthalingam; Jessica Clarke; John A. Finlay; Anthony S. Clare; Andre Laschewsky; Axel Rosenhahn,Langmuir,2018,10.1021/acs.langmuir.8b02799,41,Photo-cross-linked polyzwitterion thin hydrogel coatings; diatom attachment and Ulva linza zoospore settlement assays.,,inline_search_batch10
813035330104983553,Peptide-Based Approaches to Fight Biofouling,,Gowri Priya Sakala; Meital Reches,Advanced Materials Interfaces,2018,10.1002/admi.201800073,49,"Review of peptide-based approaches to fight biofouling; DOPA anchors, fluorinated peptides, zwitterionic peptides.",,inline_search_batch11
812818747067727873,Rapid Mussel-Inspired Surface Zwitteration for Enhanced Antifouling and Antibacterial Properties,,Anika Benozir Asha; Yangjun Chen; Huixin Zhang; Sina Ghaemi; Kazuhiko Ishihara; Yang Liu; Ravin Narain,Langmuir,2018,10.1021/acs.langmuir.8b03810,41,Mussel-inspired surface zwitteration with catechol-PDA/AgNPs dual function antifouling antibacterial.,,inline_search_batch9
813006559238946816,Rational Design of Amphiphilic Peptides and Its Effect on Antifouling Performance,,Sheng Long Gaw; Gowripriya Sakala; Sivan Nir; Abhijit Saha; Zhichuan J. Xu; Pooi See Lee; Meital Reches,Biomacromolecules,2018,10.1021/acs.biomac.8b00587,13,Amphiphilic peptide rational design; amino acid positioning affecting antifouling performance via surface modification.,,inline_search_batch11
813071103302828032,Topographic cues guide the attachment of diatom cells and algal zoospores,地形线索引导硅藻细胞和藻类游动孢子的附着,Linlin Xiao; John A. Finlay; Michael Röhrig; Sophie Mieszkin; Matthias Worgull; Hendrik Hölscher; James A. Callow; Maureen E. Callow; Michael Grunze; Axel Rosenhahn,Biofouling,2018,10.1080/08927014.2017.1408801,9,"Surface topography plays a key role in the colonization of substrata by the colonizing stages of marine fouling organisms. For the innovation of marine antifouling coatings, it is essential to understand how topographic cues affect the settlement of these organisms. In this study, tapered, spiked microstructures and discrete honeycombs of varying feature dimensions were designed and fabricated in order to examine the influence of topography on the attachment of zoospores of the green macroalga U",https://www.tandfonline.com/doi/abs/10.1080/08927014.2017.1408801,paper-results-PaperSearchToFile_2.json
813002691469901824,Ultralow Fouling Surfaces from Self-Assembly of Copolymers with Sticky Biomimic Functional Groups,,Fei Wan; Rui Pu; Chao Feng,Key Engineering Materials,2018,10.4028/www.scientific.net/KEM.775.298,0,Catechol-containing copolymers for ultralow fouling surface via self-assembly; Chlorella and Ulva zoospore tests.,,inline_search_batch9
812840640827097088,Zwitterion-Functionalized Graphene Oxide Incorporated Polyamide Membranes with Improved Antifouling Properties,具有改善抗污染性能的两性离子功能化氧化石墨烯复合聚酰胺膜,Wen Ma; Tiantian Chen; Santino Nanni; Liuqing Yang; Zhibin Ye; Md. Saifur Rahaman,Langmuir,2018,10.1021/acs.langmuir.8b02044,23,"In this study, zwitterionic polymer poly(sulfobetaine methacrylate) (PSBMA) functionalized graphene oxide (GO) nanocomposites (GO-PSBMA) were synthesized and incorporated into the active layer of a polyamide membrane to improve its water perm-selectivity and fouling-resistant properties. GO-PSBMA nanocomposite contained covalently tethered PSBMA brushes on GO sheets, which were grown by activators regenerated by the electron transfer–atom transfer radical polymerization technique via the “graft-",https://pubs.acs.org/doi/10.1021/acs.langmuir.8b02044,paper-results-PaperSearchToFile_1.json
812743525425741825, Assessment of Antifouling Potential of Novel Transparent Sol Gel Coatings for Application in the Marine Environment ,新型海洋环境用透明溶胶-凝胶涂层防污性能评估,Chloe Richards; Ciprian Briciu-Burghina; Matthew R. Jacobs; Alan Barrett; Fiona Regan,Molecules,2019,10.3390/molecules24162983,7,"In recent years, there has become a growing need for the development of antifouling technology for application in the marine environment. The accumulation of large quantities of biomass on these surfaces cause substantial economic burdens within the marine industry, or adversely impact the performance of sensor technologies. Here, we present a study of transparent coatings with potential for applications on sensors or devices with optical windows. The focus of the study is on the abundance and d",https://www.mdpi.com/1420-3049/24/16/2983,paper-results-PaperSearchToFile_2.json
812801280631111681, Hydrolyzable Additive-Based Silicone Elastomers: A New Approach for Antifouling Coatings ,基于可水解添加剂的硅氧烷弹性体：防污涂层的新方法,Laure Gevaux; Marlène Lejars; André Margaillan; Jean-François Briand; Robert Bunet; Christine Bressy,Polymers,2019,10.3390/polym11020305,23,"Fouling Release Coatings are marine antifouling coatings based on silicone elastomers. Contrary to commonly used biocide-based antifouling coatings, they do not release biocides into the marine environment, however, they suffer from poor antifouling efficacy during idle periods. To improve their antifouling performances in static conditions, various amounts of hydrolyzable polymers were incorporated within a silicone matrix. These hydrolyzable polymers were chosen for the well-known hydrolytic d",https://www.mdpi.com/2073-4360/11/2/305,paper-results-PaperSearchToFile_2.json
812736567998152705,4D-quantitative structure-activity relationship modeling: making a comeback,,Denis Fourches; Jeremy Ash,Expert Opinion on Drug Discovery,2019,10.1080/17460441.2019.1664467,14,4D-QSAR modeling machine learning structure activity relationship,,inline_search_new
812739747297361924,A facile preparation of epoxy-PDMS polymer coatings for marine applications,,Shatakshi Verma; Sonalee Das; Smita Mohanty; Sanjay Kumar Nayak,Journal of Materials Research,2019,10.1557/jmr.2019.235,5,Epoxy PDMS marine polymer coating field test...,,inline_search
812791965463609344,A new hybrid silicone-based antifouling coating with nanocomposite hydrogel for durable antifouling properties,一种新型的基于硅氧烷的混合防污涂层，带有纳米复合水凝胶，具有持久的防污性能,Shu Tian; Daoyi Jiang; Jibin Pu; Xiaofeng Sun; Zhanming Li; Bin Wu; Wenru Zheng; Wenqing Liu; Zhixiong Liu,Chemical Engineering Journal,2019,10.1016/j.cej.2019.03.185,47,,https://www.sciencedirect.com/science/article/abs/pii/S1385894719306606,paper-results-PaperSearchToFile_2.json
812763421224206336,Advances in the application of biomimetic surface engineering in the oil and gas industry,仿生表面工程在石油和天然气工业中的应用进展,Yanbao Guo; Zheng Zhang; Siwei Zhang,Friction,2019,10.1007/s40544-019-0292-4,15,"Friction is widespread in almost every field in the oil and gas industry, and it is accompanied by huge energy losses and potential safety hazards. To deal with a series of questions in this regard, biomimetic surfaces have been developed over the past decades to significantly reduce economic losses. Presently, biomimetic surface engineering on different scales has been successfully introduced into related fields of the oil and gas industry, such as drill bits and the inner surfaces of pipes. In",https://link.springer.com/article/10.1007/s40544-019-0292-4,paper-results-PaperSearchToFile_2.json
812808053370912769,Antifouling (Bio)materials for Electrochemical (Bio)sensing,用于电化学（生物）传感的防污（生物）材料,Susana Campuzano; María Pedrero; Paloma Yáñez-Sedeño; José Pingarrón,International Journal of Molecular Sciences,2019,10.3390/ijms20020423,55,"(Bio)fouling processes arising from nonspecific adsorption of biological materials (mainly proteins but also cells and oligonucleotides), reaction products of neurotransmitters oxidation, and precipitation/polymerization of phenolic compounds, have detrimental effects on reliable electrochemical (bio)sensing of relevant analytes and markers either directly or after prolonged incubation in rich-proteins samples or at extreme pH values. Therefore, the design of antifouling (bio)sensing interfaces ",https://www.mdpi.com/1422-0067/20/2/423,paper-results-PaperSearchToFile_2.json
812710662059851777,Antifouling and Fouling-Release Performance of Photo-Embossed Fluorogel Elastomers,,Sander Kommeren; Andrew J. Guerin; Marie L. Dale,Journal of Marine Science and Engineering,2019,10.3390/jmse7110419,7,Fluorogel elastomer photo-embossed antifouling...,,inline_search
812795818992992257,Biodegradable Poly(ester-co-acrylate) with Antifoulant Pendant Groups for Marine Anti-Biofouling,,Guoxiong Dai; Qingyi Xie; Chunfeng Ma; Guangzhao Zhang,ACS Applied Materials & Interfaces,2019,10.1021/acsami.9b01247,33,Biodegradable poly(ester-co-acrylate) with antifoulant pendant groups; field test in East China Sea.,,inline_search_batch9
812751869846749185,Biotoxicity and life cycle assessment of two commercial antifouling coatings in marine systems,,Paolo Rossini; Loredana Napolano; Gabriele Matteucci,Chemosphere,2019,10.1016/j.chemosphere.2019.124475,9,Biotoxicity life cycle antifouling coatings marine...,,inline_search
812732555336876033,Computational modelling of mechanical properties for new polymeric materials with high molecular weight,新型高分子量聚合物材料力学性能的计算建模,Fiorella Cravero; M. Jimena Martínez; Ignacio Ponzoni; Mónica F. Díaz,Chemometrics and Intelligent Laboratory Systems,2019,10.1016/j.chemolab.2019.103851,4,,https://www.sciencedirect.com/science/article/abs/pii/S0169743919304186,paper-results-PaperSearchToFile_2.json
812751322301333506,Contemporary antibiofouling modifications of reverse osmosis desalination membrane: A review,反渗透海水淡化膜的当代抗生物污染改性：综述,P.S. Goh; A.K. Zulhairun; A.F. Ismail; N. Hilal,Desalination,2019,10.1016/j.desal.2019.114072,61,,https://www.sciencedirect.com/science/article/abs/pii/S0011916419307908,paper-results-PaperSearchToFile_1.json
812793856457179137,Correlative assays of barnacle cyprid behaviour for the laboratory evaluation of antifouling coatings: a study of surface energy components,用于防污涂料实验室评估的藤壶无节幼虫行为相关测定：表面能成分研究,Nick Aldred; Caitlyn M. Gatley-Montross; Meredith Lang; Michael R. Detty; Anthony S. Clare,Biofouling,2019,10.1080/08927014.2019.1577394,4,"Laboratory evaluation of antifouling coatings is underpinned by settlement studies with specific fouling organisms. Established methods provide insight into the likelihood of failure of a particular coating system, but can neglect the process of surface selection that often precedes attachment. The present approach for quantifying the exploratory behaviour of barnacle cypris larvae suggested that inspection behaviour can be a rapid and predictive proxy for settlement. Two series of xerogels with",https://www.tandfonline.com/doi/abs/10.1080/08927014.2019.1577394,paper-results-PaperSearchToFile_2.json
812765636349394944,Direct formation of amphiphilic crosslinked networks based on PVP as a marine anti-biofouling coating,基于聚乙烯吡咯烷酮（PVP）直接形成两亲性交联网络作为海洋防污涂层,Hongshuang Guo; Jing Yang; Weiqiang Zhao; Tong Xu; Cunguo Lin; Jinwei Zhang; Lei Zhang,Chemical Engineering Journal,2019,10.1016/j.cej.2019.06.025,32,,https://www.sciencedirect.com/science/article/abs/pii/S1385894719312823,paper-results-PaperSearchToFile_1.json
812695746225635328,Eco-Friendly Antifouling Coating Consisting of Poly(lactic acid)-Based Polyurethane and Natural Antifoulant,,Jiansen Pan; Qingyi Xie; Hoyin Chiang; Qingmei Peng; Pei-Yuan Qian; Chunfeng Ma; Guangzhao Zhang,ACS Sustainable Chemistry & Engineering,2019,10.1021/acssuschemeng.9b06917,28,PLA-based polyurethane with natural antifoulant (butenolide) marine antifouling; field test in Hong Kong.,,inline_search_batch9
812700460140986368,Engineered Chemical Nanotopographies: Reversible Addition–Fragmentation Chain-Transfer Mediated Grafting of Anisotropic Poly(acrylamide) Patterns on Poly(dimethylsiloxane) To Modulate Marine Biofouling,工程化化学纳米拓扑结构：通过可逆加成-断裂链转移介导在聚二甲基硅氧烷上接枝各向异性聚丙烯酰胺图案以调控海洋生物污损,Cary A. Kuliasha; Rebecca L. Fedderwitz; John A. Finlay; Sofia C. Franco; Anthony S. Clare; Anthony B. Brennan,Langmuir,2019,10.1021/acs.langmuir.9b03117,9,"Effectively negating the deleterious impact of marine biofouling on the world’s maritime fleet in an environmentally conscientious manner presents a difficult challenge due to a variety of factors including the complexity and diversity of fouling species and the differing surface adhesion strategies. Understanding how surface properties relate to biofouling can inform and guide the development of new antibiofouling coatings to address this challenge. Herein, we report on the development of a liv",https://pubs.acs.org/doi/10.1021/acs.langmuir.9b03117,paper-results-PaperSearchToFile_2.json
813025742366441472,Environmentally Benign Fouling-Resistant Marine Coatings: A Review,环境友好型防污海洋涂料综述,Sukanya Pradhan; Sudheer Kumar; Smita Mohanty; Sanjay K. Nayak,Polymer-Plastics Technology and Materials,2019,10.1080/03602559.2018.1482922,11,"The undesirable accumulation of marine organisms on any surfaces immersed in seawater is termed as marine fouling. This natural phenomenon contributes a major economic concern for marine industries, e.g. for ships, vessels, oil, wind-turbine sea-platforms, pipelines, water valves and filters by limiting the performances of the devices and materials. In the last decades, several efforts have been employed in the development of efficient antifouling (AF) coatings by following the recent trend in m",https://www.tandfonline.com/doi/abs/10.1080/03602559.2018.1482922,paper-results-PaperSearchToFile_2.json
812751235982557185,Evaluation of the Corrosion Protection of Two Underwater Coating Systems in a Simulated Marine Environment,,Ivan Stojanović; Andrea Farkas; Vesna Alar; Nastia Degiuli,JOM,2019,10.1007/s11837-019-03669-4,5,Marine coating corrosion protection evaluation...,,inline_search
812796299974803456,Expanding the DOPA Universe with Genetically Encoded Mussel-Inspired Bioadhesives for Material Sciences and Medicine,,Nediljko Budisa; Tobias Schneider,ChemBioChem,2019,10.1002/cbic.201900030,17,Mussel-inspired DOPA bioadhesives; catechol anchoring for antifouling polymer coatings.,,inline_search_batch9
812778466507227138,Fabrication of epoxy modified polysiloxane with enhanced mechanical properties for marine antifouling application,,Xun Sun; Rongrong Chen; Xiang Gao,European Polymer Journal,2019,10.1016/j.eurpolymj.2019.05.002,19,Epoxy modified polysiloxane for marine antifouling application...,,inline_search
812732728079286272,Layer-by-layer constructed hyaluronic acid/chitosan multilayers as antifouling and fouling-release coatings,,Wenfa Yu; Julian Koc; John A Finlay,Biointerphases,2019,10.1116/1.5110887,13,HA/Ch LbL antifouling fouling-release coating...,,inline_search
812821162491904000,Multiscale modeling and simulations of protein adsorption: progresses and perspectives,蛋白质吸附的多尺度建模与模拟：进展与展望,Xuebo Quan; Jie Liu; Jian Zhou,Current Opinion in Colloid & Interface Science,2019,10.1016/j.cocis.2018.12.004,35,,https://www.sciencedirect.com/science/article/abs/pii/S135902941830092X,paper-results-PaperSearchToFile_2.json
813000801873035265,Photopolymerized biomimetic self-adhesive Polydimethylsiloxane-based amphiphilic cross-linked coating for anti-biofouling,用于防污的光聚合仿生自粘聚二甲基硅氧烷基两亲性交联涂层,Jianxiu Wang; Chunju He,Applied Surface Science,2019,10.1016/j.apsusc.2018.08.214,18,,https://www.sciencedirect.com/science/article/abs/pii/S0169433218323572,paper-results-PaperSearchToFile_1.json
812703253845245954,Preparation of hydrophobic epoxy-PDMS-graphene oxide nanocomposite coatings for antifouling application,,Shatakshi Verma; Smita Mohanty; S. K. Nayak,Soft Matter,2019,10.1039/C9SM01952A,24,Epoxy PDMS graphene oxide nanocomposite antifouling...,,inline_search
812808393159868416,Quantitative design rules for protein-resistant surface coatings using machine learning,,Tu C. Le; Matthew Penna; David A. Winkler; Irene Yarovsky,Scientific Reports,2019,10.1038/s41598-018-36597-5,3,Machine learning QSPR protein-resistant surface coating design rules,,inline_search_new
812771503211806720,Self-Stratifying Silicone Coating with Nonleaching Antifoulant for Marine Anti-Biofouling,用于海洋抗生物污损的含非渗出型防污剂的自分层硅酮涂层,Qingyi Xie; Haohang Zeng; Qingmei Peng; Christine Bressy; Chunfeng Ma; Guangzhao Zhang,Advanced Materials Interfaces,2019,10.1002/admi.201900535,29,"Chemical immobilization of antifoulant groups to polymers is a promising approach to develop ecofriendly antifouling materials with static antifouling ability and a durable efficacy. In this work, telomer of dodecafluoroheptyl methacrylate (DFMA), triclosan acrylate (TA), and 3-mercaptopropyl trimethoxysilane (KH590) is grafted to bis-silanol terminated poly(dimethylsiloxane) (PDMS), yielding a novel self-stratifying silicone coating containing nonleaching antifoulants. X-ray photoelectron spect",https://onlinelibrary.wiley.com/doi/10.1002/admi.201900535,paper-results-PaperSearchToFile_1.json
812759026583470080,Stress-localized durable anti-biofouling surfaces,,Bahareh Eslami; Peyman Irajizad; Parham Jafari; Masoumeh Nazari; Ali Masoudi; Varun Kashyap; Shane Stafslien; Hadi Ghasemi,Soft Matter,2019,10.1039/C9SM00790C,7,Stress-localized durable anti-biofouling surfaces; Ulva zoospore settlement assay and durability evaluation.,,inline_search_batch10
812759026583470080b,Stress-localized durable anti-biofouling surfaces (Ulva assay study),,Bahareh Eslami; Peyman Irajizad; Parham Jafari; Hadi Ghasemi,Soft Matter,2019,,7,Stress-localized durable anti-biofouling surfaces; Ulva zoospore settlement assay surface property characterization.,,inline_search_batch11
812703480773869569,Strong adhesion of poly(vinyl alcohol)–glycerol hydrogels onto metal substrates for marine antifouling applications,用于海洋防污应用的聚乙烯醇-甘油水凝胶在金属基底上的强附着力,Heng-Wei Zhu; Jia-Nan Zhang; Pei Su; Tianqi Liu; Changcheng He; Danqing Feng; Huiliang Wang,Soft Matter,2019,10.1039/C9SM01413F,13,"Hydrogels can be used as an alternative coating material for ships against marine biofouling. However, the adhesion of wet and soft hydrogels onto solid metals remains a challenging problem. Here we report the adhesion of a typical hydrogel material, poly(vinyl alcohol) (PVA)–glycerol hydrogel, onto stainless steel substrates and the antifouling potency of the adhered PVA–glycerol hydrogels. Poly(allylamine hydrochloride) (PAH) hydrogel and ethyl α-cyanoacrylate (ECA) are used as the binders, an",https://pubs.rsc.org/en/content/articlelanding/2020/sm/c9sm01413f,paper-results-PaperSearchToFile_2.json
812790684779020288,Synthesis and characterization of eco-friendly siloxane-semifluorinated polyurethane coatings for underwater application,用于水下应用的环保型硅氧烷-半氟化聚氨酯涂料的合成与表征,Anthony Yesudass Sebastin; Smita Mohanty; Sanjay K. Nayak,Journal of Applied Polymer Science,2019,10.1002/app.47720,3,"Siloxane-semifluorinated polyurethane coatings were prepared for robust underwater application. Initially, acrylic polyol (FS-GPTACP)-containing fluoroalkoxysilane (1H,1H,2H,2H-Perfluorooctyltrimethoxysilane) pendant group was synthesized by the free-radical polymerization method. Different weight percentages of polydimethylsiloxane (0, 10, and 20 wt %) were added to the polyol to tune the mechanical and the surface energy of the coating. Subsequently, this polyol mixture was cured with 4, 4′-me",https://onlinelibrary.wiley.com/doi/10.1002/app.47720,paper-results-PaperSearchToFile_1.json
812726923682643968,Time-dependent biofouling growth model for predicting the effects of biofouling on ship resistance and powering,,Dogancan Uzun; Yigit Kemal Demirel; Andrea Coraddu; Osman Turan,Ocean Engineering,2019,10.1016/j.oceaneng.2019.106432,16,Biofouling ship resistance model prediction...,,inline_search
812708079970811907,Using hydrodynamic testing to assess the performance of fouling control coatings,,Kelli Z. Hunsucker; Harrison Gardner; Kody Lieberman; Geoff Swain,Ocean Engineering,2019,10.1016/j.oceaneng.2019.106677,4,Hydrodynamic testing to assess fouling control coating performance; comparison with ASTM D3623 static immersion.,,inline_search_batch9
812746367876202499,Using ultraviolet light for improved antifouling performance on ship hull coatings,利用紫外线提高船舶船体涂层的防污性能,Kelli Z. Hunsucker; Cierra Braga; Harrison Gardner; Michel Jongerius; Roelant Hietbrink; Bart Salters; Geoffrey Swain,Biofouling,2019,10.1080/08927014.2019.1642334,14,"A two-part study was designed to investigate the efficacy of using UVC to prevent biofouling in the context of ship hull coatings. The first study determined the frequency of UVC required for a coating that does not have any additives (epoxy). It was found that 1 min/day was effective at preventing hard fouling but not biofilm development. The second study addressed several variables: coating type (epoxy, copper, fouling release), frequency of UVC (no exposure, continuous exposure, 1min/6h, 1 mi",https://www.tandfonline.com/doi/abs/10.1080/08927014.2019.1642334,paper-results-PaperSearchToFile_1.json
812591880897298433, Marine Biofouling: A European Database for the Marine Renewable Energy Sector ,海洋生物污损：面向海洋可再生能源行业的欧洲数据库,Pedro Almeida Vinagre; Teresa Simas; Erica Cruz; Emiliano Pinori; Johan Svenson,Journal of Marine Science and Engineering,2020,10.3390/jmse8070495,27,Biofouling is a major problem shared among all maritime sectors employing submerged structures where it leads to substantially increased costs and lowered operational lifespans if poorly addressed. Insight into the ongoing processes at the relevant marine locations is key to effective management of biofouling. Of specific concern for the marine renewable energy (MRE) sector is the fact that information on biofouling composition and magnitude across geographies is dispersed throughout published p,https://www.mdpi.com/2077-1312/8/7/495,paper-results-PaperSearchToFile_2.json
812527413333327873," Modification, Degradation and Evaluation of a Few Organic Coatings for Some Marine Applications ",几种用于海洋领域的有机涂层的改性、降解与评估,Guang-Ling Song; Zhenliang Feng,Corrosion and Materials Degradation,2020,10.3390/cmd1030019,4,"Organic coatings for marine applications must have great corrosion protection and antifouling performance. This review presents an overview of recent investigations into coating microstructure, corrosion protection performance, antifouling behavior, and evaluation methods, particularly the substrate effect and environmental influence on coating protectiveness, aiming to improve operational practice in the coating industry. The review indicates that the presence of defects in an organic coating i",https://www.mdpi.com/2624-5558/1/3/19,paper-results-PaperSearchToFile_1.json
812597169767841795, Recent Advances in Surface Nanoengineering for Biofilm Prevention and Control. Part I: Molecular Basis of Biofilm Recalcitrance. Passive Anti-Biofouling Nanocoatings ,用于生物膜预防与控制的表面纳米工程最新进展。第一部分：生物膜顽抗性的分子基础。被动抗生物污染纳米涂层,Paul Cătălin Balaure; Alexandru Mihai Grumezescu,Nanomaterials,2020,10.3390/nano10061230,16,"Medical device-associated infections are becoming a leading cause of morbidity and mortality worldwide, prompting researchers to find new, more effective ways to control the bacterial colonisation of surfaces and biofilm development. Bacteria in biofilms exhibit a set of “emergent properties”, meaning those properties that are not predictable from the study of free-living bacterial cells. The social coordinated behaviour in the biofilm lifestyle involves intricate signaling pathways and molecula",https://www.mdpi.com/2079-4991/10/6/1230,paper-results-PaperSearchToFile_1.json
812580854168551427,A scope at antifouling strategies to prevent catheter-associated infections,一种预防导管相关感染的防污策略的研究范围,Célia M.C. Faustino; Sara M.C. Lemos; Nuno Monge; Isabel A.C. Ribeiro,Advances in Colloid and Interface Science,2020,10.1016/j.cis.2020.102230,18,,https://www.sciencedirect.com/science/article/abs/pii/S0001868620301044,paper-results-PaperSearchToFile_1.json
812540995366289410,Amphiphilic Marine Antifouling Coatings Based on a Hydrophilic Polyvinylpyrrolidone and Hydrophobic Fluorine-Silicon-Containing Block Copolymer,,Hongshuang Guo; Pengguang Chen; Shu Tian; Yiming Ma; Qingsi Li; Chiyu Wen; Jing Yang; Lei Zhang,Langmuir,2020,10.1021/acs.langmuir.0c02329,21,Amphiphilic block copolymer combining hydrophilic PVP with hydrophobic fluorine-silicon segments for marine antifouling coatings.,,inline_search_batch8
812637220329488385,Amphiphilic hydrolyzable polydimethylsiloxane- b -poly(ethyleneglycol methacrylate- co -trialkylsilyl methacrylate) block copolymers for marine coatings. II. Antifouling laboratory tests and field trials,用于海洋涂料的两亲性可水解聚二甲基硅氧烷- b -聚（甲基丙烯酸乙二醇酯- co -甲基丙烯酸三烷基硅酯）嵌段共聚物。II. 防污实验室测试和现场试验,Elisa Guazzelli; Elisa Martinelli; Lucile Pelloquet; Jean-François Briand; André Margaillan; Robert Bunet; Giancarlo Galli; Christine Bressy,Biofouling,2020,10.1080/08927014.2020.1762868,6,"Poly(dimethylsiloxane) (PDMS) elastomer coatings containing an amphiphilic hydrolyzable diblock copolymer additive were prepared and their potential as marine antifouling and antiadhesion materials was tested. The block copolymer additive consisted of a PDMS first block and a random poly(trialkylsilyl methacrylate (TRSiMA, R = butyl, isopropyl)- co -poly(ethyleneglycol) methacrylate (PEGMA) copolymer second block. PDMS- b -TRSiMA block copolymer additives without PEGMA units were also used as ad",https://www.tandfonline.com/doi/abs/10.1080/08927014.2020.1762868,paper-results-PaperSearchToFile_1.json
812716011315789825,"Amphiphilic hydrolyzable polydimethylsiloxane- b- poly(ethyleneglycol methacrylate- co -trialkylsilyl methacrylate) block copolymers for marine coatings. I. Synthesis, hydrolysis and surface wettability",用于海洋涂层的两亲可水解聚二甲基硅氧烷-b-聚(甲基丙烯酸乙二醇酯-co-甲基丙烯酸三烷基硅酯)嵌段共聚物。I. 合成、水解与表面润湿性,Elisa Guazzelli; Giancarlo Galli; Elisa Martinelli; André Margaillan; Christine Bressy,Polymer,2020,10.1016/j.polymer.2019.121954,11,,https://www.sciencedirect.com/science/article/abs/pii/S0032386119309619,paper-results-PaperSearchToFile_1.json
812664315218755585,An overview of controlled-biocide-release coating based on polymer resin for marine antifouling applications,基于聚合物树脂的用于海洋防污应用的可控杀生剂释放涂层概述,Abid Ali; Muhammad Imran Jamil; Jingxian Jiang; Muhammad Shoaib; Bilal Ul Amin; Shengzhe Luo; Xiaoli Zhan; Fengqiu Chen; Qinghua Zhang,Journal of Polymer Research,2020,10.1007/s10965-020-02054-z,17,"Biofouling is one of the major worldwide problems associated with the vessel due to its accumulation with the surface of the ship hull. The biofouling is the main origin of the coating’s deterioration that ultimately leads to bio-corrosion, roughness and drag, resulting in an enormous increase in the fuel consumption. Although Tributyltin (TBT) has been used as a pioneer class of antifoulant to overcome this problem, however, after the legal restriction on TBT, some biocides have been used as it",https://link.springer.com/article/10.1007/s10965-020-02054-z,paper-results-PaperSearchToFile_1.json
812661442288287745,Antifouling Strategies for Selective In Vitro and In Vivo Sensing,用于选择性体外和体内传感的防污策略,Cheng Jiang; Guixiang Wang; Robert Hein; Nianzu Liu; Xiliang Luo; Jason J. Davis,Chemical Reviews,2020,10.1021/acs.chemrev.9b00739,139,"The ability to fabricate sensory systems capable of highly selective operation in complex fluid will undoubtedly underpin key future developments in healthcare. However, the abundance of (bio)molecules in these samples can significantly impede performance at the transducing interface where nonspecific adsorption (fouling) can both block specific signal (reducing sensitivity) and greatly reduce assay specificity. Herein, we aim to provide a comprehensive review discussing concepts and recent adva",https://pubs.acs.org/doi/10.1021/acs.chemrev.9b00739,paper-results-PaperSearchToFile_2.json
812571016017477634,Antifouling paints leach copper in excess - study of metal release rates and efficacy along a salinity gradient,,Maria Lagerström; Erik Ytreberg; Ann-Kristin E. Wiklund; Lena Granhag,Water Research,2020,10.1016/j.watres.2020.116383,14,Antifouling paints copper release rates marine...,,inline_search
812536262148751361,Degradable hyaluronic acid/chitosan polyelectrolyte multilayers with marine fouling-release properties,,Wenfa Yu; Robin Wanka; John A. Finlay,Biofouling,2020,10.1080/08927014.2020.1846725,6,Hyaluronic acid chitosan polyelectrolyte marine fouling release...,,inline_search
812709512497594368,Degradation of coatings for steel in environments susceptible to corrosion associated with fouling,在易受与污垢相关的腐蚀影响的环境中钢涂层的降解,Samanbar Permeh; Kingsley Lau; Matthew Duncan,Structure and Infrastructure Engineering,2020,10.1080/15732479.2019.1694543,6,"Steel piles in a Florida bridge showed severe localised corrosion uncharacteristic of the general corrosion typically found in marine environments. Sampling from the water and the steel pile surface showed presence of bacteria associated with microbiologically influenced corrosion, MIC. Coincident heavy marine growth was observed. The interactions of marine macro- and microorganisms set up conditions where the severe corrosion occurred. The initiation of macrofouling require initial biofilm pres",https://www.tandfonline.com/doi/abs/10.1080/15732479.2019.1694543,paper-results-PaperSearchToFile_1.json
812763337254240258,Endowing antibacterial ability to poly(ε-caprolactone) by blending with cationic − zwitterionic copolymers for biomedical purposes,通过与阳离子-两性离子共聚物共混赋予聚（ε-己内酯）抗菌能力以用于生物医学目的,Wenhong Hu; Zhenguang Li; Lixia Ren; Yunhui Zhao; Xiaoyan Yuan,International Journal of Polymeric Materials,2020,10.1080/00914037.2019.1626392,1,"Biocompatible poly(ε-caprolactone) (PCL) was definitely endowed with antibacterial efficiency via blending with cationic − zwitterionic block copolymers of 2-(dimethylamino)ethyl methacrylate and sulfobetaine methacrylate (pDMA- b -pSBMA). The involved pDMA- b -pSBMA, obtained via reversible addition-fragmentation chain transfer polymerization, was prominent with well-defined structure and efficient antibacterial ability. In dip coatable PCL/pDMA- b -pSBMA blends, the zwitterionic moiety was det",https://www.tandfonline.com/doi/abs/10.1080/00914037.2019.1626392,paper-results-PaperSearchToFile_1.json
812563525519015936,Engineered topographies and hydrodynamics in relation to biofouling control—a review,与生物污损控制相关的工程地形学和流体动力学——综述,Partha Halder; Nazia Hossain; Biplob Kumar Pramanik; Muhammed A Bhuiyan,Environmental Science and Pollution Research,2020,10.1007/s11356-020-10864-3,1,"Biofouling, the unwanted growth of microorganisms on submerged surfaces, has appeared as a significant impediment for underwater structures, water vessels, and medical devices. For fixing the biofouling issue, modification of the submerged surface is being experimented as a non-toxic approach worldwide. This technique necessitated altering the surface topography and roughness and developing a surface with a nano- to micro-structured pattern. The main objective of this study is to review the rece",https://link.springer.com/10.1007/s11356-020-10864-3,paper-results-PaperSearchToFile_2.json
812678800121790465,Environmentally Friendly Marine Antifouling Coating Based on a Synergistic Strategy,,Changhai Xie; Hongshuang Guo; Weiqiang Zhao; Lei Zhang,Langmuir,2020,10.1021/acs.langmuir.9b03764,19,Synergistic marine antifouling coating with field test in Yellow Sea; environmental-friendly strategy.,,inline_search_batch9
812565959108722688,Experimental Assessment of the Performance of Two Marine Coatings to Curb Biofilm Formation of Microfoulers,,Sara I. Faria; Rita Teixeira-Santos; Luciana C. Gomes; Elisabete R. Silva; João Morais; Vítor Vasconcelos; Filipe J. M. Mergulhão,Coatings,2020,10.3390/coatings10090893,8,Silicone-based paint evaluated to prevent biofilm formation...,,inline_search
812678528314114049,Green biolubricant infused slippery surfaces to combat marine biofouling,用于对抗海洋生物污损的注入绿色生物润滑剂的光滑表面,Snehasish Basu; Bui My Hanh; J.Q. Isaiah Chua; Dan Daniel; Muhammad Hafiz Ismail; Manon Marchioro; Shahrouz Amini; Scott A. Rice; Ali Miserez,Journal of Colloid and Interface Science,2020,10.1016/j.jcis.2020.02.049,25,,https://www.sciencedirect.com/science/article/abs/pii/S0021979720301909,paper-results-PaperSearchToFile_2.json
812661044190117889,Hybrid Sol-gel Coatings for Corrosion Mitigation: A Critical Review,,Rita B. Figueira,Polymers,2020,10.3390/polym12030689,30,Critical review of hybrid sol-gel coatings for corrosion mitigation including antifouling sol-gel coatings in marine environments.,,inline_search_batch8
812599695162474497,In-Water Cleaning and Capture to Remove Ship Biofouling: An Initial Evaluation of Efficacy and Environmental Safety,水中清洗与捕获以去除船舶生物污垢：功效与环境安全性的初步评估,Mario N. Tamburri; Ian C. Davidson; Matthew R. First; Christopher Scianni; Katherine Newcomer; Graeme J. Inglis; Eugene T. Georgiades; Janet M. Barnes; Gregory M. Ruiz,Frontiers in Marine Science,2020,10.3389/fmars.2020.00437,11,"Biofouling is a long-standing challenge for ships because it can interfere with operations and increases vessel drag, fuel consumption and exhaust emissions. More recently, ship biofouling has also been recognized as a leading vector for global transfers and introductions of marine non-indigenous species. Ship in-water cleaning and capture (IWCC) systems, to remove and collect macrofouling organisms and associated antifouling coating compounds, are now becoming available as a possible solution t",https://www.frontiersin.org/journals/marine-science/articles/10.3389/fmars.2020.00437/full,paper-results-PaperSearchToFile_1.json
812646275315924994,Inductive transfer learning for molecular activity prediction: Next-Gen QSAR Models with MolPMoFiT,,Xinhao Li; Denis Fourches,Journal of Cheminformatics,2020,10.1186/s13321-020-00430-x,29,Transfer learning QSAR MolPMoFiT molecular activity prediction,,inline_search_new
812681970826870784,Influence of Epoxy Content on the Properties and Marine Bacterial Adhesion of Epoxy Modified Silicone Coatings,,Ruikang Zhao; Zhanping Zhang; Yuhong Qi,Coatings,2020,10.3390/coatings10020126,2,Marine biofouling is a serious challenge...,,inline_search
812576489177350146,Inhibition Effectiveness of Laser-Cleaned Nanostructured Aluminum Alloys to Sulfate-reducing Bacteria Based on Superwetting and Ultraslippery Surfaces,基于超浸润和超滑表面的激光清洗纳米结构铝合金对硫酸盐还原菌的抑制效果,Ze Tian; Zhenglong Lei; Yanbin Chen; Chuan Chen; Ruochen Zhang; Xi Chen; Jiang Bi; Haoran Sun,ACS Applied Bio Materials,2020,10.1021/acsabm.0c00714,3,"This paper is a continued study on laser cleaning removal of marine microbiofouling from Al alloy surfaces. According to our previous study, it is noted that the antifouling functions of the generated laser-cleaned metallic surfaces must be highlighted. In this work, the inhibition effectiveness of the laser-cleaned Al alloy surfaces was evaluated using a type of vital marine microorganism, sulfate-reducing bacteria (SRB) Desulfovibrio desulfuricans subsp. desulfuricans, in a dynamic bacterial s",https://pubs.acs.org/doi/10.1021/acsabm.0c00714,paper-results-PaperSearchToFile_2.json
812557254040485889,"Laboratory and Field Testing Assessment of Next Generation Biocide-Free, Fouling-Resistant Slippery Coatings",下一代无杀生剂防污滑涂层的实验室和现场测试评估,Snehasish Basu; Bui My Hanh; Muhammad Hafiz Ismail; J. Q. Isaiah Chua; Srikanth Narasimalu; Manoj Sekar; Andrew Labak; Alex Vena; Philseok Kim; Teluka P. Galhenage; Scott A. Rice; Ali Miserez,ACS Applied Polymer Materials,2020,10.1021/acsapm.0c00916,3,"Recent research efforts to combat marine biofouling have focused on foul-release coatings that are not harmful for the marine environment. Inspired by nature, Slippery lubricant infused porous surfaces (SLIPS) is a surface modification technology platform with excellent antiadhesive and antifouling capacities. Precommercial coatings based on the SLIPS concept have demonstrated promising results as an environmentally friendly strategy to combat marine biofouling. Here, we investigated the resista",https://pubs.acs.org/doi/10.1021/acsapm.0c00916,paper-results-PaperSearchToFile_2.json
812664671256444928,Molecular simulations and understanding of antifouling zwitterionic polymer brushes,抗污两性离子聚合物刷的分子模拟与理解,Yonglan Liu; Dong Zhang; Baiping Ren; Xiong Gong; Lijian Xu; Zhang-Qi Feng; Yung Chang; Yi He; Jie Zheng,Journal of Materials Chemistry B,2020,10.1039/D0TB00520G,150,"Zwitterionic materials are an important class of antifouling biomaterials for various applications. Despite such desirable antifouling properties, molecular-level understanding of the structure–property relationship associated with surface chemistry/topology/hydration and antifouling performance still remains to be elucidated. In this work, we computationally studied the packing structure, surface hydration, and antifouling property of three zwitterionic polymer brushes of poly(carboxybetaine me",https://pubs.rsc.org/en/content/articlelanding/2020/tb/d0tb00520g,paper-results-PaperSearchToFile_2.json
812703581093232641,"Multicharge zwitterionic molecules: Hydration, kosmotropicity and anti-fouling potential",多电荷两性离子分子：水合作用、促溶盐效应和抗污潜力,Gaelle Level; Jiaxin Zhang; John Brown; Oliver Hammond; Brian Hannigan; Lorenzo Stella; Peter Nockemann; Marijana Blesic,Journal of Colloid and Interface Science,2020,10.1016/j.jcis.2019.12.009,5,,https://www.sciencedirect.com/science/article/abs/pii/S0021979719314687,paper-results-PaperSearchToFile_1.json
812597031339032577,Nanodiamond Reinforced Poly(dimethylsiloxane)-Based Polyurea with Self-Healing Ability for Fouling Release Coating,,Qingyi Xie; Chao Liu; Xiaobin Lin; Chunfeng Ma; Guangzhao Zhang,ACS Applied Polymer Materials,2020,10.1021/acsapm.0c00356,10,Nanodiamond-reinforced PDMS polyurea self-healing fouling release coating; field test in Xiamen Bay.,,inline_search_batch9
812590792345387009,Recent Advances in Mussel-Inspired Synthetic Polymers as Marine Antifouling Coatings,,Ioannis Manolakis; Usaid Azhar,Coatings,2020,10.3390/coatings10070653,12,Review of mussel-inspired synthetic polymers and functional coatings for marine antifouling.,,inline_search_batch8
812605285427314688,Recent Developments and Practical Feasibility of Polymer-Based Antifouling Coatings,聚合物基防污涂层的最新进展与实际可行性,Anna M. C. Maan; Anton H. Hofman; Wiebe M. de Vos; Marleen Kamperman,Advanced Functional Materials,2020,10.1002/adfm.202000936,121,"While nature has optimized its antifouling strategies over millions of years, synthetic antifouling coatings have not yet reached technological maturity. For an antifouling coating to become technically feasible, it should fulfill many requirements: high effectiveness, long-term stability, durability, ecofriendliness, large-scale applicability, and more. It is therefore not surprising that the search for the perfect antifouling coating has been going on for decades. With the discovery of metal-b",https://onlinelibrary.wiley.com/doi/10.1002/adfm.202000936,paper-results-PaperSearchToFile_1.json
812521675093442560,"Self-healing, highly elastic and amphiphilic silicone-based polyurethane for antifouling coatings",,Xiaobin Lin; Qingyi Xie; Chunfeng Ma; Guangzhao Zhang,Journal of Materials Chemistry B,2020,10.1039/D0TB02465A,11,Self-healing amphiphilic silicone polyurethane antifouling...,,inline_search
812681047719280642,Silicone-Based Fouling-Release Coatings for Marine Antifouling,用于海洋防污的有机硅基防污涂层,Peng Hu; Qingyi Xie; Chunfeng Ma; Guangzhao Zhang,Langmuir,2020,10.1021/acs.langmuir.9b03926,99,"Marine biofouling profoundly influences marine industries and activities. It slows the speed and increases the fuel consumption of ships, corrodes offshore platforms, and blocks seawater pipelines. The most effective and economical antifouling approach uses coatings. Fouling-release coatings (FRCs) with low surface free energy and high elasticity weakly adhere to marine organisms, so they can be readily removed by the water shear force. FRCs have attracted increasing interest because they are bi",https://pubs.acs.org/doi/10.1021/acs.langmuir.9b03926,paper-results-PaperSearchToFile_1.json
812544247713497088,Sol–Gel-Based Hybrid Materials as Antifouling and Fouling-Release Coatings for Marine Applications,基于溶胶-凝胶的杂化材料作为海洋应用中的防污和防污释放涂层,Robin Wanka; Julian Koc; Jessica Clarke; Kelli Z. Hunsucker; Geoffrey W. Swain; Nick Aldred; John A. Finlay; Anthony S. Clare; Axel Rosenhahn,ACS Applied Materials & Interfaces,2020,10.1021/acsami.0c15288,4,"Hybrid materials (HMs) offer unique properties as they combine inorganic and organic components into a single material. Here, we developed HM coatings for marine antifouling applications using sol–gel chemistry and naturally occurring polysaccharides. The coatings were characterized by spectroscopic ellipsometry, contact angle goniometry, AFM, and ATR-FTIR, and their stability was tested in saline media. Marine antifouling and fouling-release properties were tested in laboratory assays against t",https://pubs.acs.org/doi/10.1021/acsami.0c15288,paper-results-PaperSearchToFile_2.json
812664635927822338,Superhydrophilicity and strong salt-affinity: Zwitterionic polymer grafted surfaces with significant potentials particularly in biological systems,超亲水性和强盐亲和性：两性离子聚合物接枝表面具有显著潜力，尤其在生物系统中,Dongxiang Li; Qianling Wei; Chunxing Wu; Xiaofang Zhang; Qihao Xue; Taoran Zheng; Meiwen Cao,Advances in Colloid and Interface Science,2020,10.1016/j.cis.2020.102141,25,,https://www.sciencedirect.com/science/article/abs/pii/S0001868620300464,paper-results-PaperSearchToFile_1.json
812689661607542787,Surface Functionalization of Poly(N-Vinylpyrrolidone) onto Poly(Dimethylsiloxane) for Anti-Biofilm Application,,Trong-Nghia Le; Cheng-Kang Lee,Applied Biochemistry and Biotechnology,2020,10.1007/s12010-020-03238-5,11,Mussel-inspired PVP grafted onto PDMS via catechol chemistry for anti-biofilm antifouling application.,,inline_search_batch9
812594025038086144,Surface-Modifying Polymers for Blood-Contacting Polymeric Biomaterials,,Chung-Man Lim; Mei-Xian Li; Yoon Ki Joung,Advances in Experimental Medicine and Biology,2020,10.1007/978-981-15-3262-7_13,2,Surface-modifying amphiphilic polymers with fluorinated/PDMS low-surface-energy chains and PEG hydrophilic chains for anti-biofouling.,,inline_search_batch8
812658673322033152,The design and development of short peptide-based novel smart materials to prevent fouling by the formation of non-toxic and biocompatible coatings,,Amutha Arul; Subramaniyam Sivagnanam; Ananta Dey; Oindrilla Mukherjee; Soumyajit Ghosh; Priyadip Das,RSC Advances,2020,10.1039/C9RA10018K,8,Short peptide-based smart antifouling coatings; fluorinated aromatic peptides forming non-toxic coatings via drop-coating self-assembly.,,inline_search_batch11
812592731204354049,The role of artificial material for benthic communities – Establishing different concrete materials as hard bottom environments,人工材料对底栖生物群落的作用——将不同的混凝土材料构建为硬底质环境,Lydia R. Becker; Andreas Ehrenberg; Volkert Feldrappe; Ingrid Kröncke; Kai Bischof,Marine Environmental Research,2020,10.1016/j.marenvres.2020.105081,4,,https://www.sciencedirect.com/science/article/abs/pii/S0141113620302567,paper-results-PaperSearchToFile_2.json
812572880750510083,Towards cost-effective biofouling management in salmon aquaculture: a strategic outlook,salmon水产养殖中低成本生物污损管控：前景展望,Nina Bloecher; Oliver Floerl,Reviews in Aquaculture,2020,10.1111/raq.12498,7,"Biofouling is an ongoing challenge for marine salmon aquaculture, impacting farming operations, fish health and welfare. Current mitigation strategies employed in Norway and Scotland rely mainly on the use of antifouling coatings and reactive removal of biofouling. These approaches are not only costly and of limited efficacy, but also pose active risks and likely contribute to mortality of fish during grow-out at sea. Given the inefficiencies of current biofouling management approaches and the i",https://onlinelibrary.wiley.com/doi/10.1111/raq.12498,paper-results-PaperSearchToFile_1.json
812586124680626180,Using finite element analyses to assess the effect of a thickness gradient on the stress profile at the epoxy/silicone interface of thin coatings subjected to pull-off loading,,Melissa M. Gibbons; James G. Kohl,International Journal of Adhesion and Adhesives,2020,10.1016/j.ijadhadh.2020.102686,2,FEA of thickness gradient effect on stress at epoxy/silicone interface; foul-release depends on elastic modulus and coating thickness.,,inline_search_batch12
812645800331968514,Zwitterionic polymers and hydrogels for antibiofouling applications in implantable devices,用于可植入设备抗生物污损应用的两性离子聚合物和水凝胶,Nandanan Erathodiyil; Hsi-Min Chan; Hong Wu; Jackie Y. Ying,Materials Today,2020,10.1016/j.mattod.2020.03.024,27,,https://www.sciencedirect.com/science/article/abs/pii/S1369702120301012,paper-results-PaperSearchToFile_1.json
811786445684473857, Adsorption of Mussel Protein on Polymer Antifouling Membranes: A Molecular Dynamics Study ,贻贝蛋白在聚合物抗污膜上的吸附：分子动力学研究,Fengfeng Gao,Molecules,2021,10.3390/molecules26185660,3,"Biofouling is one of the most difficult problems in the field of marine engineering. In this work, molecular dynamics simulation was used to study the adsorption process of mussel protein on the surface of two antifouling films—hydrophilic film and hydrophobic film—trying to reveal the mechanism of protein adsorption and the antifouling mechanism of materials at the molecular level. The simulated conclusion is helpful to design and find new antifouling coatings for the experiments in the future.",https://www.mdpi.com/1420-3049/26/18/5660,paper-results-PaperSearchToFile_2.json
812288865443250177, The Application of UVC Used in Synergy with Surface Material to Prevent Marine Biofouling ,紫外线C与表面材料协同应用于海洋生物污损防控,Kailey N. Richard; Kelli Z. Hunsucker; Harrison Gardner; Kris Hickman; Geoffrey Swain,Journal of Marine Science and Engineering,2021,10.3390/jmse9060662,2,"Biofouling is problematic for the shipping industry and can lead to functional and financial setbacks. One possible means of biofouling prevention is the use of ultraviolet-C (UVC) light. Previous studies have investigated UVC with marine coatings, but the synergistic effect with color and surface material, specifically reflectance, has yet to be determined. This study comprised three parts: UVC and color (red vs. white), UVC and reflectance (stainless steel vs. polycarbonate), and UVC and expos",https://www.mdpi.com/2077-1312/9/6/662,paper-results-PaperSearchToFile_1.json
812479029964701696,A Brief Review on Conducting Polymer Nanocomposite Based Epoxy Coatings for Marine Applications,用于海洋应用的基于导电聚合物纳米复合材料的环氧涂料综述,A.M Fitriya; Syed Shahabuddin; Nanthini Sridewi; M. Norsyarizad; A.K. Pandey,IOP Conference Series: Materials Science and Engineering,2021,10.1088/1757-899X/1127/1/012013,2,"Recently, fouling has become the main concern in the marine, naval and shipping industries. Furthermore, fouling has caused an increase in ship drag and fuel consumption whilst reducing the hydrodynamic performance of ships. Marine structures that partly or fully submerged such as oilrigs, submarine pipes and marine buoys are also impacted. Therefore, research and numerous studies had conducted to propose the best antifouling coating. The main objective of this review is to provide an overview o",https://iopscience.iop.org/article/10.1088/1757-899X/1127/1/012013,paper-results-PaperSearchToFile_1.json
812473857372848130,Aggregation of Zoospores on Sharklet Microtopographic Surfaces,鲨鱼皮微地形表面上游动孢子的聚集,Nhung Thi Thuy Nguyen; Trinh Xuan Hoang,Communications in Physics,2021,10.15625/0868-3166/15668,0,"Surfaces with engineered microtopographies are potential candidate against biofouling to replace the use of biocides in the marine environment. Understanding the antifouling mechanism of microtopographic surfaces against marine microorganisms, however, has been limited. In this work, we theoretically studied the aggregation of Ulva linza zoospores on the Sharklet topographic surfaces by employing the extended Surface Energetic Attachment (SEA) model proposedin a previous work. The energy paramet",https://vjst.net/index.php/cip/article/view/15668,paper-results-PaperSearchToFile_2.json
812369114931658753,Application of green surfactants to control barnacle recruitment,,Maria da Gloria C. Silva; Anderson O. de Medeiros; Darne G. Almeida; Maria Eduarda P. da Silva; Hugo M. Meira; Leonie A. Sarubbo,Regional Studies in Marine Science,2021,10.1016/j.rsma.2021.101854,1,Green surfactants applied to control barnacle recruitment; ASTM D6990 antifouling field assessment.,,inline_search_batch9
812452137375105024,Assessment of the environmental compatibility and antifouling performance of an innovative biocidal and foul-release multifunctional marine coating,,Elisabete R. Silva; Ameessa V. Tulcidas; Olga Ferreira,Environmental Research,2021,10.1016/j.envres.2021.111219,7,Multifunctional marine coating biocidal foul-release environmental test...,,inline_search
seed_002,Biodegradable Polymer with Hydrolysis-Induced Zwitterions for Antibiofouling,,Unknown,Unknown,2021,,0,Biodegradable zwitterionic polymer antibiofouling,,user_upload
812519382876946433,"Biomimetic surface coatings for marine antifouling: Natural antifoulants, synthetic polymers and surface microtopography",用于海洋防污的仿生表面涂层：天然防污剂、合成聚合物和表面微观形貌,Liren Chen; Yanyi Duan; Mei Cui; Renliang Huang; Rongxin Su; Wei Qi; Zhimin He,The Science of The Total Environment,2021,10.1016/j.scitotenv.2020.144469,23,,https://www.sciencedirect.com/science/article/abs/pii/S0048969720380001,paper-results-PaperSearchToFile_2.json
817365286125568000,"Chemical Prevention and Control of the Green Tide and Fouling Organism Ulva: Key Chemicals, Mechanisms, and Applications",,Tao Tang; Kokoette Effiong; Jing Hu; Chao Li; Xi Xiao,Frontiers in Marine Science,2021,10.3389/fmars.2021.618950,20,"Review of chemical prevention and control of Ulva fouling: key allelochemicals, mechanisms and applications.",,inline_search_batch10
811635698808389633,Combination of AFM and Electrochemical QCM-D for Probing Zwitterionic Polymer Brushes in Water: Visualization of Ionic Strength and Surface Potential Effects,用于探测水中两性离子聚合物刷的原子力显微镜（AFM）与电化学石英晶体微天平（QCM-D）联用：离子强度和表面电势效应的可视化,Chia-Hsuan Lin; Shyh-Chyang Luo,Langmuir,2021,10.1021/acs.langmuir.1c02230,14,"The surface modification of soft zwitterionic polymer brushes with antifouling properties represents a facile approach to enhancing the performance of bioelectronics. Ionic strength and applied potentials play a crucial role in controlling polymer brushes’ conformation and hydration states. In this study, we quantitatively investigated and compared poly(2-methacryloyloxyethyl phosphorylcholine) (PMPC) and poly(sulfobetaine methacrylate) (PSBMA) brushes at different salt concentrations and applie",https://pubs.acs.org/doi/10.1021/acs.langmuir.1c02230,paper-results-PaperSearchToFile_1.json
812487097037357058,Comparative analysis of two isocyanate-free urethane-based gels for antifouling applications,两种用于防污应用的无异氰酸酯聚氨酯基凝胶的比较分析,Vishal Vignesh; Shane Stafslien; Morgan Evans; Kellen Wise; Alec Marmo; Michael Tonks; Anthony Brennan,Biofouling,2021,10.1080/08927014.2020.1870679,4,"Amphiphilic gels consisting of acrylamide (AAM)/2-hydroxyethyl methacrylate (HEMA), hexafluorobutyl methacrylate (HFBMA) and non-isocyanate urethane dimethacrylate (NIUDMA) of varying molecular weights were compared. A three-level Taguchi analysis was performed using the amount of AAM/HEMA, HFBMA, NIUDMA and reaction time as dependent variables to determine the optimal formulation of the gels with maximized toughness and elastic modulus. The results were compared with commercial AF/FR Intersleek",https://www.tandfonline.com/doi/abs/10.1080/08927014.2020.1870679,paper-results-PaperSearchToFile_1.json
813360583427489792,Comparison of Machine Learning Methods towards Developing Interpretable Polyamide Property Prediction,用于开发可解释聚酰胺性能预测的机器学习方法比较,Franklin Langlang Lee; Jaehong Park; Sushmit Goyal; Yousef Qaroush; Shihu Wang; Hong Yoon; Aravind Rammohan; Youngseon Shim,Polymers,2021,10.3390/polym13213653,2,"Polyamides are often used for their superior thermal, mechanical, and chemical properties. They form a diverse set of materials that have a large variation in properties between linear to aromatic compounds, which renders the traditional quantitative structure–property relationship (QSPR) challenging. We use extended connectivity fingerprints (ECFP) and traditional QSPR fingerprints to develop machine learning models to perform high fidelity prediction of glass transition temperature ( T g ), me",https://www.mdpi.com/2073-4360/13/21/3653,paper-results-PaperSearchToFile_2.json
812500301029310464,Dual approach of bimodality and nano-reinforcement towards toughened PDMS based foul release coatings,基于双峰分布和纳米增强的双方法制备用于防污释放涂层的增韧聚二甲基硅氧烷,Sangram K. Rath; S. Praveen; Jayesh G. Chavan; Srikanth Billa; T. Umasankar Patro; Manoranjan Patri,Journal of Coatings Technology and Research,2021,10.1007/s11998-020-00450-0,1,"It is well established that crosslinked polydimethylsiloxane (PDMS) based coatings have efficacious foul release characteristics. However, a trade-off between mechanical integrity of filled and crosslinked PDMS based coatings and their foul release performance has been a bottleneck for producing efficient and durable coatings. In the present study, we report a dual approach of nano-reinforcement of a bimodal PDMS network as a strategy to produce simultaneously reinforced and toughened PDMS netwo",https://link.springer.com/article/10.1007/s11998-020-00450-0,paper-results-PaperSearchToFile_1.json
813159764581154817,Effect of Network Topology on the Protein Adsorption Behavior of Hydrophilic Polymeric Coatings,,Hassan Ghermezcheshme; Mohsen Mohseni; Morteza Ebrahimi; Hesam Makki; Elisa Martinelli,ACS Applied Polymer Materials,2021,10.1021/acsapm.1c01071,7,Network topology protein adsorption hydrophilic polymeric antifouling,,inline_search_new
812487230567219200,Efficient Prevention of Marine Biofilm Formation Employing a Surface-Grafted Repellent Marine Peptide,,Moshe Herzberg; Mattias Berglin; Sarai Eliahu; Lovisa Bodin; Karin Agrenius; Amir Zlotkin; Johan Svenson,ACS Applied Bio Materials,2021,10.1021/acsabm.0c01672,3,Surface-grafted cyclic marine peptide for efficient prevention of marine biofilm formation; antifouling surface modification.,,inline_search_batch11
812473210443399169,Emerging trends in self-polishing anti-fouling coatings for marine environment,海洋环境用自抛光防污涂料的新趋势,Iheoma Chigoziri Nwuzor; Christopher Igwe Idumah; Simeon Chukwudozie Nwanonenyi; Obumneme Emmanuel Ezeani,Safety in Extreme Environments,2021,10.1007/s42797-021-00031-3,11,"The structural parts of marine architectures permanently submerged in sea-water (such as underwater pipelines, oil well-heads, platforms, ship-hulls, barges, jetties and so on) are basically made of metals, alloys, composites, blends and other materials. These architectures are prone to severe and deteriorative biofouling because their interactions with aquatic organisms on wet environment initiates the biofouling activities. Also, the consequential implications of biofouling on ship hulls, for ",https://link.springer.com/article/10.1007/s42797-021-00031-3,paper-results-PaperSearchToFile_2.json
811928266834182147,Evaluation of the Anti-fouling Efficacy of Bacillus licheniformis Extracts Under Environmental and Natural Conditions,,Andrea Muras; Severine Larroze; Celia Mayer; Tânia Teixeira; Reut Wengier; Yehuda Benayahu; Ana Otero,Frontiers in Marine Science,2021,10.3389/fmars.2021.711108,6,Evaluation of Bacillus licheniformis extract antifouling efficacy under field conditions using ASTM D3623 and D6990 panel standards.,,inline_search_batch9
812490376974696450,Fluoropolymers in biomedical applications: state-of-the-art and future perspectives,生物医学应用中的含氟聚合物：现状与未来展望,Jia Lv; Yiyun Cheng,Chemical Society Reviews,2021,10.1039/D0CS00258E,36,"Fluoropolymers have unique physicochemical properties such as hydrophobicity and lipophobicity, good chemical stability and bio-inertness, low surface energy and phase segregation. Owing to these properties, fluoropolymers have been widely used to prepare high performance materials. Especially, the use of fluoropolymers in biomedical applications has grown rapidly during the past decade. This critical review focuses on the recent advances of fluoropolymers in gene delivery, cytosolic protein del",https://pubs.rsc.org/en/content/articlelanding/2021/cs/d0cs00258e,paper-results-PaperSearchToFile_2.json
812573184795607041,Fouling resistant silicone coating with self-healing induced by metal coordination,,Peng Hu; Qingyi Xie; Chunfeng Ma; Guangzhao Zhang,Chemical Engineering Journal,2021,10.1016/j.cej.2020.126870,16,Metal coordination self-healing silicone antifouling...,,inline_search
811763785277636609,Imparting Strong Antifouling Properties to the Transparent PVB Coating through the Zwitterionic Compound Condensation,,Jianbin Zhang; Shangshang Bo; Haiyan Feng,Coatings,2021,10.3390/coatings11101164,1,Zwitterionic PVB antifouling coating...,,inline_search
813198480775315456,Integration of antifouling properties into epoxy coatings: a review,,P. Poornima Vijayan; Krzysztof Formela; Mohammad Reza Saeb; P. G. Chithra; Sabu Thomas,Journal of Coatings Technology and Research,2021,10.1007/s11998-021-00555-0,25,The ban on harmful biocides turned attentions toward nonsticky polymer surface coatings...,,inline_search
812496819979288577,Machine Learning-Enabled Design and Prediction of Protein Resistance on Self-Assembled Monolayers and Beyond,基于机器学习的自组装单分子层及其他体系中蛋白质抗性的设计与预测,Yonglan Liu; Dong Zhang; Yijing Tang; Yanxian Zhang; Yung Chang; Jie Zheng,ACS Applied Materials & Interfaces,2021,10.1021/acsami.1c00642,3,"The rational design of highly antifouling materials is crucial for a wide range of fundamental research and practical applications. The immense variety and complexity of the intrinsic physicochemical properties of materials (i.e., chemical structure, hydrophobicity, charge distribution, and molecular weight) and their surface coating properties (i.e., packing density, film thickness and roughness, and chain conformation) make it challenging to rationally design antifouling materials and reveal t",https://pubs.acs.org/doi/10.1021/acsami.1c00642,paper-results-PaperSearchToFile_2.json
812472977126850560,Machine Learning-Enabled Repurposing and Design of Antifouling Polymer Brushes,基于机器学习的防污聚合物刷的再利用与设计,Yonglan Liu; Dong Zhang; Yijing Tang; Yanxian Zhang; Xiong Gong; Shaowen Xie; Jie Zheng,Chemical Engineering Journal,2021,10.1016/j.cej.2021.129872,5,,https://www.sciencedirect.com/science/article/abs/pii/S138589472101456X,paper-results-PaperSearchToFile_2.json
812517233140957185,Mechanical Properties of Protective Coatings against Marine Fouling: A Review,,Alessandro Pistone; Cristina Scolaro; Annamaria Visco,Polymers,2021,10.3390/polym13020173,16,Mechanical properties of marine fouling protective coatings review...,,inline_search
812510460199829505,Membrane fouling by lysozyme: Effect of local interaction,溶菌酶引起的膜污染：局部相互作用的影响,Yunqiao Ma; Andrew L. Zydney; Jia Wei Chew,AIChE Journal,2021,10.1002/aic.17212,5,"Molecular dynamics simulations were performed to understand the adsorption of positive-charged lysozyme onto negative-charged polyvinylidene fluoride membrane at three pH and two ionic strengths. The lysozyme was initialized at six orientations at 10 Å from the membrane and adsorption was deemed to occur when the lysozyme is less than 4 Å from the membrane. Local interactions are clearly important: (i) despite opposite net charges, no adsorption occurs in some cases throughout; (ii) lysozyme-mem",https://onlinelibrary.wiley.com/doi/10.1002/aic.17212,paper-results-PaperSearchToFile_2.json
812514966551658498,Molecular simulations of charged complex fluids: A review,带电复杂流体的分子模拟：综述,Zhiyong Xu; Zhongjin He; Xuebo Quan; Delin Sun; Zhaohong Miao; Hai Yu; Shengjiang Yang; Zheng Chen; Jinxiang Zeng; Jian Zhou,Chinese Journal of Chemical Engineering,2021,10.1016/j.cjche.2020.11.036,3,,https://www.sciencedirect.com/science/article/pii/S1004954120307357,paper-results-PaperSearchToFile_1.json
813222075052326913,Nanocoating Is a New Way for Biofouling Prevention,纳米涂层是一种防止生物污垢的新方法,Santosh Kumar; Fei Ye; Sergey Dobretsov; Joydeep Dutta,Frontiers in Nanotechnology,2021,10.3389/fnano.2021.771098,21,"Biofouling is a major concern to the maritime industry. Biofouling increases fuel consumption, accelerates corrosion, clogs membranes and pipes, and reduces the buoyancy of marine installations, such as ships, platforms, and nets. While traditionally marine installations are protected by toxic biocidal coatings, due to recent environmental concerns and legislation, novel nanomaterial-based anti-fouling coatings are being developed. Hybrid nanocomposites of organic-inorganic materials give a poss",https://www.frontiersin.org/journals/nanotechnology/articles/10.3389/fnano.2021.771098/full,paper-results-PaperSearchToFile_1.json
seed_ml_001,Polymer Coating Materials and Their Fouling-Release Activity: A Cheminformatics Approach to Predict Properties,,Unknown,Unknown,2021,,0,Cheminformatics QSPR antifouling polymer fouling release,,user_upload
812478847290179584,Polymer informatics: Expert-in-the-loop in QSPR modeling of refractive index,聚合物信息学：折射率定量构效关系建模中的专家参与循环,Santiago A. Schustik; Fiorella Cravero; Ignacio Ponzoni; Mónica F. Díaz,Computational Materials Science,2021,10.1016/j.commatsci.2021.110460,3,,https://www.sciencedirect.com/science/article/abs/pii/S0927025621001853,paper-results-PaperSearchToFile_2.json
812474582458957824,Polymer-Based Coatings with Integrated Antifouling and Bactericidal Properties for Targeted Biomedical Applications,用于靶向生物医学应用的具有集成防污和杀菌性能的聚合物基涂层,Debirupa Mitra; En-Tang Kang; Koon Gee Neoh,ACS Applied Polymer Materials,2021,10.1021/acsapm.1c00125,15,"One of the most detrimental consequences of surface colonization by bacteria is healthcare-associated infections (HAIs), which contribute to increased patient mortality and morbidity. Medical devices inserted into the body provide a route for bacterial migration and conducive surfaces for their attachment and proliferation. Antibacterial coatings can potentially minimize bacterial colonization and consequently reduce the occurrence of HAIs. Antibacterial coatings function by either inhibiting th",https://pubs.acs.org/doi/10.1021/acsapm.1c00125,paper-results-PaperSearchToFile_1.json
812508269019922435,Predicting glass transition of amorphous polymers by application of cheminformatics and molecular dynamics simulations,通过应用化学信息学和分子动力学模拟预测非晶态聚合物的玻璃化转变,Anas Karuth; Amirhadi Alesadi; Wenjie Xia; Bakhtiyor Rasulev,Polymer,2021,10.1016/j.polymer.2021.123495,87,,https://www.sciencedirect.com/science/article/abs/pii/S003238612100118X,paper-results-PaperSearchToFile_2.json
812549217888239616,Quantification of Cu and Zn in antifouling paint films by XRF,,Maria Lagerström; Erik Ytreberg,Talanta,2021,10.1016/j.talanta.2020.121820,6,Quantification of copper zinc in antifouling paints...,,inline_search
812462017553104901,Recent developments in antimicrobial and antifouling coatings to reduce or prevent contamination and cross-contamination of food contact surfaces by bacteria,抗菌与防污涂层在减少或预防细菌对食品接触表面污染及交叉污染方面的最新研究进展,William DeFlorio; Shuhao Liu; Andrew R. White; Thomas Matthew Taylor; Luis Cisneros-Zevallos; Younjin Min; Ethan M. A. Scholar,Comprehensive Reviews in Food Science and Food Safety,2021,10.1111/1541-4337.12750,6,Illness as the result of ingesting bacterially contaminated foodstuffs represents a significant annual loss of human quality of life and economic impact globally. Significant research investment has recently been made in developing new materials that can be used to construct food contacting tools and surfaces that might minimize the risk of cross-contamination of bacteria from one food item to another. This is done to mitigate the spread of bacterial contamination and resultant foodborne illness,https://onlinelibrary.wiley.com/doi/10.1111/1541-4337.12750,paper-results-PaperSearchToFile_2.json
812324696446992384,Research progress of environmentally friendly marine antifouling coatings,环保型海洋防污涂料的研究进展,Mengyue Liu; Shaonan Li; Hao Wang; Rijia Jiang; Xing Zhou,Polymer Chemistry,2021,10.1039/d1py00512j,6,,https://www.sciencedirect.com/org/science/article/abs/pii/S1759995422014115,paper-results-PaperSearchToFile_1.json
812589774849179652,Special issue on advanced corrosion-resistance materials and emerging applications. The progress on antifouling organic coating: From biocide to biomimetic surface,先进耐腐蚀材料与新兴应用特刊。防污有机涂层的进展：从杀生剂到仿生表面,Xu Han; Jianhua Wu; Xianhui Zhang; Junyou Shi; Jiaxin Wei; Yang Yang; Bo Wu; Yonghui Feng,Journal of Materials Science and Technology,2021,10.1016/j.jmst.2020.07.002,24,"The advancement in material science and engineering technology has led to the development of antifouling (AF) coatings which are cheaper, durable, less toxic, and safe to the environment. The use of AF coatings containing tributyltin compounds was prohibited at the beginning of 2003, this necessitated the development of environmentally friendly coatings. The fouling release coating (FRC) lacks biocides and has low surface energy, low elastic modulus with smooth surface properties, hence a better",https://www.sciencedirect.com/science/article/abs/pii/S1005030220305570,paper-results-PaperSearchToFile_1.json
812347505533517825,Superior antifouling properties of a CoCrFeMnNi high-entropy alloy,,Sujung Son; Sinyang Kim; Jaeik Kwak; Gang Hee Gu; Dong Soo Hwang; Yong-Tae Kim; Hyoung Seop Kim,Materials Letters,2021,10.1016/j.matlet.2021.130130,5,CoCrFeMnNi high-entropy alloy superior antifouling; Ulva spore settlement density compared with 304 stainless steel.,,inline_search_batch10
811998960049717251,Synergistic Anti-inflammatory Coating on Polypropylene Hernia Mesh with Catechol and Zwitterionic Groups,,Yansha Qiao; Qian Zhang; Qian Wang; Jing Lin; Junshuo Wang; Yan Li; Lu Wang,ACS Applied Materials & Interfaces,2021,10.1021/acsami.1c09089,4,Tannic acid metal-phenolic network (MPN) coating with catechol and zwitterionic antifouling groups.,,inline_search_batch9
812267105352155136,Tailoring the Micro-galvanic Dissolution Behavior and Antifouling Performance Through Laminated-Structured Cu-X Composite Coating,,Kai Wang; Kangwei Xu; Jiajia Tian,Journal of Thermal Spray Technology,2021,10.1007/s11666-021-01211-0,7,Cu-Ni laminated antifouling coating marine...,,inline_search
812475946337566725,Urushiol titanium polymer-based composites coatings for anti-corrosion and antifouling in marine spray splash zones,,Ke Yang; Jipeng Chen; Lu Zheng,Journal of Applied Polymer Science,2021,10.1002/app.50861,3,Urushiol titanium composite coating antifouling anticorrosion...,,inline_search
812521421447102464,Wrapper-based feature selection using regression trees to predict intrinsic viscosity of polymer,基于包装器的特征选择方法，使用回归树预测聚合物的特性粘度,R. Mortazavi; S. Mortazavi; A. Troncoso,Engineering With Computers,2021,10.1007/s00366-020-01226-1,4,"This paper introduces different types of regression trees for viscosity property forecasting in polymer solutions. Although regression trees have been extensively used in other fields, they do not have been explored to predict the viscosity. One key issue in the context of materials science is to determine a priori which characteristics must be included to describe the prediction model due to a large number of molecular descriptors is obtained. To deal with this, we propose a wrapper method to s",https://link.springer.com/article/10.1007/s00366-020-01226-1,paper-results-PaperSearchToFile_2.json
813379998810374145,Zwitterionic Peptides Reduce Accumulation of Marine and Freshwater Biofilm Formers,,Cindy D. Beyer; Sugina Thavalingam; Tatiana Guseva; Lisa Schardt; Ralf Zimmermann; Carsten Werner; Pascal Dietze; Julia Elisabeth Bandow; Nils Metzler-Nolte; Axel Rosenhahn,ACS Applied Materials & Interfaces,2021,10.1021/acsami.1c13459,1,Zwitterionic peptides reduce marine and freshwater biofilm former accumulation; contact angle and biofilm attachment studies.,,inline_search_batch11
812528980212056064,Zwitterionic modified electrostatic flocking surfaces for diatoms and mussels resistance,用于抗硅藻和抗贻贝的两性离子改性静电植绒表面,Xingyang Xu; Kun Wang; Hui Guo; Gaohui Sun; Rongrong Chen; Jing Yu; Jingyuan Liu; Cunguo Lin; Jun Wang,Journal of Colloid and Interface Science,2021,10.1016/j.jcis.2020.12.036,7,,https://www.sciencedirect.com/science/article/pii/S0021979720316921,paper-results-PaperSearchToFile_1.json
817353356061179904, Comparative Study on the Degradation of Two Self-Polishing Antifouling Coating Systems with Copper-Based Antifouling Agents ,两种含铜基防污剂的自抛光防污涂层体系降解的对比研究,Hanlu Zhang; Jingyi Cao; Li Sun; Fabao Kong; Jianhua Tang; Xuhui Zhao; Yuming Tang; Yu Zuo,Coatings,2022,10.3390/coatings12081156,8,"The degradation processes of two self-polishing antifouling coatings containing copper-based agents (CuSCN and Cu 2 O) in 3.5% NaCl solution and the protection effect of the coating systems were studied by electrochemical impedance spectroscopy (EIS), Fourier transform infrared spectroscopy (FTIR) and scanning electron microscope (SEM/EDS) methods. The results demonstrate that after immersion for 1525 d at room temperature, the two coating systems still have very good protection property for the",https://www.mdpi.com/2079-6412/12/8/1156,paper-results-PaperSearchToFile_1.json
813007537178673153, Mechanically Enhanced Self-Stratified Acrylic/Silicone Antifouling Coatings ,力学增强型自分层丙烯酸/有机硅防污涂料,Jingjing Xue; Li Wang; Yong Fan; Jianing Xu; Jie Zhao; Limei Tian; Wenbo Du,Coatings,2022,10.3390/coatings12020232,10,"Great attention has been paid to silicone-based fouling-release coatings (FRCs) in the realm of maritime antifouling due to their highly efficient and eco-friendly properties, but many challenges remain for developing a silicone-based FRC that improves its adhesion performance without reducing the antifouling property. Herein, a non-toxic silicone-based FRC has been developed by integrating acrylic resin (AR) with a silicon resin (PDMS) to spontaneously form a self-stratified AR/PDMS coating. Th",https://www.mdpi.com/2079-6412/12/2/232,paper-results-PaperSearchToFile_1.json
817403929816989700, Molecular Dynamics Study on Properties of Hydration Layers above Polymer Antifouling Membranes ,聚合物抗污膜表面水化层性质的分子动力学研究,Heng Zhang; Jiyong Zheng; Cunguo Lin; Shiling Yuan,Molecules,2022,10.3390/molecules27103074,0,"Zwitterionic polymers as crucial antifouling materials exhibit excellent antifouling performance due to their strong hydration ability. The structure–property relationship at the molecular level still remains to be elucidated. In this work, the surface hydration ability of three antifouling polymer membranes grafting on polysiloxane membranes Poly(sulfobetaine methacrylate) (T4-SB), poly(3-(methacryloyloxy)propane-1-sulfonate) (T4-SP), and poly(2-(dimethylamino)ethyl methacrylate) (T4-DM) was in",https://www.mdpi.com/1420-3049/27/10/3074,paper-results-PaperSearchToFile_2.json
817337654071787520,A computational model for microbial colonization of an antifouling surface,一种用于防污表面微生物定殖的计算模型,Patrick Sinclair; Jennifer Longyear; Kevin Reynolds; Alistair A. Finnie; Chris A. Brackley; Martín Carballo-Pacheco; Rosalind J. Allen,Frontiers in Microbiology,2022,10.3389/fmicb.2022.920014,0,"Biofouling of marine surfaces such as ship hulls is a major industrial problem. Antifouling (AF) paints delay the onset of biofouling by releasing biocidal chemicals. We present a computational model for microbial colonization of a biocide-releasing AF surface. Our model accounts for random arrival from the ocean of microorganisms with different biocide resistance levels, biocide-dependent proliferation or killing, and a transition to a biofilm state. Our computer simulations support a picture i",https://www.frontiersin.org/journals/microbiology/articles/10.3389/fmicb.2022.920014/full,paper-results-PaperSearchToFile_1.json
814620349818732545,A metallic anti-biofouling surface with a hierarchical topography containing nanostructures on curved micro-riblets,一种具有分级形貌的金属抗生物污染表面，在弯曲的微肋条上含有纳米结构,Taekyung Kim; Sunmok Kwon; Jeehyeon Lee; Joon Sang Lee; Shinill Kang,Microsystems & Nanoengineering,2022,10.1038/s41378-021-00341-3,1,"Metallic surface finishes have been used in the anti-biofouling, but it is very difficult to produce surfaces with hierarchically ordered structures. In the present study, anti-biofouling metallic surfaces with nanostructures superimposed on curved micro-riblets were produced via top-down fabrication. According to the attachment theory, these surfaces feature few attachment points for organisms, the nanostructures prevent the attachment of bacteria and algal zoospores, while the micro-riblets pr",https://www.nature.com/articles/s41378-021-00341-3,paper-results-PaperSearchToFile_2.json
817356251900936192,A study on the effect of surface topography of antifouling coatings on the settlement of fouling organisms,一项关于防污涂层表面形貌对污损生物附着影响的研究,Pooneh Kardar; Reza Amini,Pigment & Resin Technology,2022,10.1108/PRT-08-2022-0097,1,,https://www.emerald.com/insight/content/doi/10.1108/prt-08-2022-0097/full/html,paper-results-PaperSearchToFile_2.json
814547515956264960,Anti-barnacle biofouling coatings for the protection of marine vessels: synthesis and progress,用于保护船舶的防藤壶生物污损涂层：合成与进展,Pramit Kumar Sarkar; Sushil S. Pawar; Sangram K. Rath; Balasubramanian Kandasubramanian,Environmental Science and Pollution Research,2022,10.1007/s11356-021-18404-3,0,"Marine biofouling has gnawed both mobile and non-mobile marine structures since time immemorial, leading to the deterioration of designed operational capabilities as well as a loss of valuable economic revenues. Mitigation of biofouling has been the primary focus of researchers and scientists from across the globe to save billions of dollars wasted due to the biological fouling of marine structures. The availability of an appropriate environment along with favorable substrata initiates biofilm f",https://link.springer.com/article/10.1007/s11356-021-18404-3,paper-results-PaperSearchToFile_1.json
812811379575619592,"Antifouling nanocomposite polymer coatings for marine applications: A review on experiments, mechanisms, and theoretical studies",用于海洋应用的防污纳米复合聚合物涂层：关于实验、机理及理论研究的综述,Sepideh Pourhashem; Abdolvahab Seif; Farhad Saba; Elham Garmroudi Nezhad; Xiaohong Ji; Ziyang Zhou; Xiaofan Zhai; Majid Mirzaee; Jizhou Duan; Alimorad Rashidi; Baorong Hou,Journal of Materials Science and Technology,2022,10.1016/j.jmst.2021.11.061,1,"Marine fouling is a worldwide challenge with huge damages on industrial structures, side effects on economics of industries, and environmental and safety-related hazards. Different approaches have been used for combating fouling in the marine environment. Meanwhile, nanocomposite polymer coatings are a novel generation of antifouling coatings with merits of toxin-free chemical composition and ease of large-scale application. Nanomaterials such as nano-metals, nano-metal oxides, metal-organic fra",https://www.sciencedirect.com/science/article/abs/pii/S1005030222001372,paper-results-PaperSearchToFile_2.json
817341242747650050,Application of Machine Learning in Developing Quantitative Structure-Property Relationship for Electronic Properties of Polyaromatic Compounds,,Tuan H. Nguyen; Lam H. Nguyen; Thanh N. Truong,ACS Omega,2022,10.1021/acsomega.2c02650,6,Machine learning QSPR polyaromatic compounds electronic properties,,inline_search_new
1112328453216010240,Application of functional polymer materials for marine anti-fouling,,Y. Qi,Highlights in Science Engineering and Technology,2022,10.54097/hset.v13i.1347,0,Progress of functional polymer materials for marine antifouling coatings.,,inline_search_batch8
812796368312598528,Bioinspired Self-Adhesive Lubricating Copolymer with Bacteriostatic and Bactericidal Synergistic Effect for Marine Biofouling Prevention,具有抑菌和杀菌协同效应的仿生自粘润滑共聚物用于海洋生物污损防治,Zhenghui Qin; Jing Zhao; Haimang Wang; Bo Wang; Liang Zheng; Hongyu Zhang,ACS Applied Polymer Materials,2022,10.1021/acsapm.2c00112,7,"Biofouling causes numerous adverse impacts on devices and instruments in a marine environment. The main purpose of the present study is to develop a bioinspired and eco-friendly coating for inhibiting marine biofouling. Herein, based on a bacteriostatic and bactericidal synergistic method, we reported a self-adhesive lubricating copolymer with functional pendant groups, which was synthesized by free radical polymerization using dopamine methacrylamide (DMA), 2-methacryloyloxyethyl phosphorylchol",https://pubs.acs.org/doi/10.1021/acsapm.2c00112,paper-results-PaperSearchToFile_1.json
812291410500780033,Combinatorial Polyacrylamide Hydrogels for Preventing Biofouling on Implantable Biosensors,用于防止可植入生物传感器生物污染的组合式聚丙烯酰胺水凝胶,Doreen Chan; Jun-Chau Chien; Eneko Axpe; Louis Blankemeier; Samuel W. Baker; Sarath Swaminathan; Victoria A. Piunova; Dmitry Yu. Zubarev; Caitlin L. Maikawa; Abigail K. Grosskopf; Joseph L. Mann; H. Tom Soh; Eric A. Appel,Advanced Materials,2022,10.1002/adma.202109764,84,"Biofouling on the surface of implanted medical devices and biosensors severely hinders device functionality and drastically shortens device lifetime. Poly(ethylene glycol) and zwitterionic polymers are currently considered “gold-standard” device coatings to reduce biofouling. To discover novel anti-biofouling materials, a combinatorial library of polyacrylamide-based copolymer hydrogels is created, and their ability is screened to prevent fouling from serum and platelet-rich plasma in a high-thr",https://onlinelibrary.wiley.com/doi/10.1002/adma.202109764,paper-results-PaperSearchToFile_2.json
812834638643855361,Developments in smart organic coatings for anticorrosion applications: a review,用于防腐应用的智能有机涂层的发展：综述,Deepa Thomas; Reshmy R; Eapen Philip; Raveendran Sindhu; Sarah B. Ulaeto; Arivalagan Pugazhendhi; Mukesh Kumar Awasthi,Biomass Conversion and Biorefinery,2022,10.1007/s13399-022-02363-x,0,"Metal corrosion is one of the key challenges for materials scientists. This natural process creates loses in a variety of industries and necessitates enormous efforts to mitigate its effects. Organic coatings are still the most commonly utilised technique for protecting metallic materials against corrosion. They have opened a new field of research for obtaining coatings with better performance, lifetime, and customized features. While they have excellent anticorrosive characteristics, they must ",https://link.springer.com/article/10.1007/s13399-022-02363-x,paper-results-PaperSearchToFile_1.json
812456084605239297,Hagfish-inspired Smart SLIPS Marine Antifouling Coating Based on Supramolecular: Lubrication Modes Responsively Switching and Self-healing Properties,,Zheming Tong; Lina Song; Sifan Chen; Jiankun Hu; Yang Hou; Quan Liu; Yongyuan Ren; Xiaoli Zhan; Qinghua Zhang,Advanced Functional Materials,2022,10.1002/adfm.202201290,80,"Hagfish-inspired supramolecular SLIPS marine antifouling coating; responsive lubrication switching, self-healing, pseudobarnacle removal and marine field test.",,inline_search_batch12
817341064229683201,Highly Stable and Transparent Slippery Surface on Silica Glass Fabricated by Femtosecond Laser,飞秒激光制备的超稳定透明二氧化硅玻璃超滑表面,Jie Liang; Chao Shan; Hao Wang; Tao Hu; Qing Yang; Haoyu Li; Xun Hou; Feng Chen,Advanced Engineering Materials,2022,10.1002/adem.202200708,6,"Underwater optical window plays an important role in ocean detection. Studies show that marine biofouling is one of the biggest challenges that affect the performance of the optical window. Recently, nepenthes-inspired lubrication-infused slippery surfaces (SLIPS) with excellent anti-biological adsorption features have been widely used to resolve this problem. However, low mechanical resistance and the easy loss of infused lubricants affect the slippery capability of this method. In the present ",https://onlinelibrary.wiley.com/doi/10.1002/adem.202200708,paper-results-PaperSearchToFile_2.json
817346854650904576,"Influence of coating type, colour, and deployment timing on biofouling by native and non-native species in a marine renewable energy context",在海洋可再生能源背景下，涂层类型、颜色及铺设时间对本地和非本地物种生物污损的影响 ,Christopher R. Nall; Marie-Lise Schläppy; Elizabeth J. Cottier-Cook; Andrew J. Guerin,Biofouling,2022,10.1080/08927014.2022.2121209,2,"Biofouling on marine renewable energy devices presents engineering challenges for this developing sector, and has implications for the spread of marine non-native species (NNS) in coastal waters. This is particularly true at sites with abundant energy resource, little existing infrastructure, and few established NNS. Device coatings, such as antifouling paints, could reduce the risk of NNS spread. Settlement on coatings of various types and colours, representing those likely to be used on renewa",https://www.tandfonline.com/doi/abs/10.1080/08927014.2022.2121209,paper-results-PaperSearchToFile_1.json
812760406073278465,Influence of different silicone oils on properties of MWCNTs-OH/PDMS coatings,不同硅油对多壁碳纳米管-羟基/聚二甲基硅氧烷涂层性能的影响,Qi'an Chen; Zhanping Zhang; Yuhong Qi,Surface Engineering,2022,10.1080/02670844.2022.2062114,6,"To research the influence of different silicone oil on the properties of the coatings based on polydimethylsiloxane (PDMS) reinforced by hydroxylated multi-walled carbon nanotubes, phenylmethyl silicone oil (PSO), methyl silicone oil (MSO), and the blend of PSO and MSO were incorporated into the antifouling coatings. The surface properties and leaching of silicone oil were investigated by water and diiodomethane contact angle and confocal laser scanning microscopy (CLSM). The mechanical properti",https://journals.sagepub.com/doi/abs/10.1080/02670844.2022.2062114,paper-results-PaperSearchToFile_1.json
seed_003,Kill-Resist-Renew Trinity Hyperbranched Polymer with Self-Regenerating Attack and Defense for Antifouling Coatings,,Unknown,Unknown,2022,,0,Hyperbranched polymer self-regenerating antifouling,,user_upload
seed_ml_003,Learning Matter: Materials Design with Machine Learning and Atomistic Simulations,,Unknown,Unknown,2022,,0,ML materials design atomistic simulation,,user_upload
864982928130572611,Modeling Polyzwitterion-Based Drug Delivery Platforms: A Perspective of the Current State-of-the-Art and Beyond,基于聚两性离子的药物递送平台建模：当前技术水平及未来展望,Sousa Javan Nikkhah; Matthias Vandichel,ACS Engineering Au,2022,10.1021/acsengineeringau.2c00008,24,"Drug delivery platforms are anticipated to have biocompatible and bioinert surfaces. PEGylation of drug carriers is the most approved method since it improves water solubility and colloid stability and decreases the drug vehicles’ interactions with blood components. Although this approach extends their biocompatibility, biorecognition mechanisms prevent them from biodistribution and thus efficient drug transfer. Recent studies have shown (poly)zwitterions to be alternatives for PEG with superior",https://pubs.acs.org/doi/10.1021/acsengineeringau.2c00008,paper-results-PaperSearchToFile_2.json
817354515941425153,Molecular design of monomers by considering the dielectric constant and stability of the polymer,,Hiroaki Taniwaki; Hiromasa Kaneko,Polymer Engineering & Science,2022,10.1002/pen.26058,4,QSPR polymer property machine learning monomer design...,,inline_search
817054178525315087,Molecular dynamics study on adsorption and desorption of lysozyme above polymer antifouling membranes,聚合物防污膜上方溶菌酶吸附与解吸的分子动力学研究,Heng Zhang; Jiyong Zheng; Cunguo Lin; Shiling Yuan,Colloids and Surfaces A Physicochemical and Engineering Aspects,2022,10.1016/j.colsurfa.2022.129466,9,,https://www.sciencedirect.com/science/article/abs/pii/S0927775722012213,paper-results-PaperSearchToFile_2.json
812728232540372993,Pigmented silicone/epoxy novel blends for preparation of stratified nontoxic foul release coatings,,Sushil S. Pawar; R. Baloji Naik; Sangram K. Rath; T. K. Mahato; Balasubramanian Kandasubramanian,Journal of Coatings Technology and Research,2022,10.1007/s11998-022-00610-4,2,Pigmented silicone/epoxy stratified nontoxic foul-release coatings; pseudobarnacle adhesion test release forces 0.42-0.71 MPa vs 2.04 MPa conventional.,,inline_search_batch12
814620244810137601,Potential disruptive effects of copper-based antifouling paints on the biodiversity of coastal macrofouling communities,铜基防污漆对沿海大型污损生物群落生物多样性的潜在破坏作用,Francesca Cima; Roberta Varello,Environmental Science and Pollution Research,2022,10.1007/s11356-021-17940-2,14,"The expanded use of copper(I)-based antifouling paints (AF) has increased copper leaching into coastal environments, requiring attention and legislative restrictions for potential long-term effects on benthic populations. The ecological succession of macrofouling communities was analysed on wooden and stainless steel panels coated with four copper(I)-based AF (Paints A–D) immersed for 10 months in the Lagoon of Venice. With the exception of Paint B, which contained only copper(I) compounds and w",https://link.springer.com/article/10.1007/s11356-021-17940-2,paper-results-PaperSearchToFile_1.json
813016099544104960,Predicting Antifouling Activity and Acetylcholinesterase Inhibition of Marine-Derived Compounds Using a Computer-Aided Drug Design Approach,,Susana P. Gaudêncio; Florbela Pereira,Marine Drugs,2022,10.3390/md20020129,13,QSAR model for marine antifouling compound prediction...,,inline_search
817402804946599937,Preparation and evaluation of organosilica nanocapsules encapsulating DCOIT by using the response surface optimization,基于响应面优化法的包载二氯异氰尿酸钠的有机硅纳米胶囊的制备与评价,Huatong Liu; Tao Lu; Xueqing Cheng; Shigui Zhao; Chuanjian Zhou; Chen Zhang; Xiao Cheng,Journal of Applied Polymer Science,2022,10.1002/app.53000,0,"Antifouling agent 4, 5-dichloro-2-n-octyl-4-isothiazolin-3-one (DCOIT) in a one-stage process based on the self-catalytic reaction between methyl trimethoxysilane (MTMS) and 3-aminopropyl trimethoxysilane (APS) in an aqueous system without any surfactants and catalysts have been developed. The optimal preparation process parameters of organosilica nanocapsules encapsulating DCOIT (DCOIT@SiNC) were determined using response surface methodology (RSM) based on the single-factor experimental results",https://onlinelibrary.wiley.com/doi/10.1002/app.53000,paper-results-PaperSearchToFile_1.json
817402210366259201,Preparation of PEO/polymer coatings on aluminum alloy with antifouling properties,具有防污性能的铝合金上聚环氧乙烷/聚合物涂层的制备,U. Kharchenko; I. Beleneva; V. Egorkin; I. Vyalyi; N. Izotov; A. Tsvetnikov; A. Karpenko; Chi V. Nguyen,Journal of Coatings Technology and Research,2022,10.1007/s11998-022-00706-x,2,"A study on the development of an effective composition of polymeric antifouling coating based on acrylic copolymer with microencapsulated extract of natural origin and superdispersed polytetrafluoroethylene was carried out. A Raman spectroscopy study of the bacterial extract composition showed that the main component was a polyene pigment with 5 conjugated bonds. Encapsulation of ethyl acetate extract of Pseudoalteromonas piscicida 2202 was carried out, two types of microcapsules containing the ",https://link.springer.com/article/10.1007/s11998-022-00706-x,paper-results-PaperSearchToFile_1.json
812838465623293954,Proactive In-Water Ship Hull Grooming as a Method to Reduce the Environmental Footprint of Ships,,Geoffrey Swain; Caglar Erdogan; Lauren Foy; Harrison Gardner; Michael Harper; John Hearin; Kelli Z. Hunsucker; J. Travis Hunsucker; K. Lieberman; Mark Nanney,Frontiers in Marine Science,2022,10.3389/fmars.2021.808549,19,In-water hull grooming to reduce environmental footprint; coating damage and copper release assessment for antifouling paints.,,inline_search_batch12
817368709730402305,Recent advances and challenges in experiment-oriented polymer informatics,面向实验的聚合物信息学的最新进展与挑战,Kan Hatakeyama-Sato,Polymer Journal,2022,10.1038/s41428-022-00734-9,15,"This review summarizes recent advances in experimental polymer chemistry supported by data science. The area of polymer informatics is rapidly growing based on cheminformatics, materials informatics, and data science platforms. Data-driven analyses, predictions, and suggestions for experimental polymer research are becoming more practical, and machine learning models can now predict various macromolecular properties with reasonable accuracy. At the same time, the limitations of current polymer i",https://www.nature.com/articles/s41428-022-00734-9,paper-results-PaperSearchToFile_2.json
817367731710984197,Recent advances in superhydrophobic surfaces for practical applications: A review,用于实际应用的超疏水表面的最新进展：综述,Muhammad Zaman Khan; Jiri Militky; Michal Petru; Blanka Tomková; Azam Ali; Elçin Tören; Sajida Perveen,European Polymer Journal,2022,10.1016/j.eurpolymj.2022.111481,63,,https://www.sciencedirect.com/science/article/abs/pii/S0014305722004852,paper-results-PaperSearchToFile_1.json
817055307929747457,Research progress on hydrogel materials and their antifouling properties,水凝胶材料及其抗污性能的研究进展,Dan Su; Xiuqin Bai; Xiaoyan He,European Polymer Journal,2022,10.1016/j.eurpolymj.2022.111665,22,,https://www.sciencedirect.com/science/article/abs/pii/S0014305722006693,paper-results-PaperSearchToFile_2.json
seed_005,Role of Backbone Chemistry and Monomer Sequence in Amphiphilic Oligopeptide and Oligopeptoid Functionalized PDMS,,Unknown,Unknown,2022,,0,PDMS amphiphilic oligopeptide backbone antifouling,,user_upload
817402209258962945,Silica aerogel-encapsulated biocide crystals for low-loading antifouling coatings,,Tenna Frydenberg; Claus Erik Weinell; Kim Dam-Johansen,Journal of Coatings Technology and Research,2022,10.1007/s11998-022-00713-y,1,Silica aerogel biocide encapsulation antifouling...,,inline_search
817350696780169217,"Simultaneous realization of antifouling, self-healing, and strong substrate adhesion via a bioinspired self-stratification strategy",,Peng Hu; Ru Xie; Qingyi Xie; Chunfeng Ma; Guangzhao Zhang,Chemical Engineering Journal,2022,10.1016/j.cej.2022.137875,39,Bioinspired self-stratification antifouling self-healing...,,inline_search
812370601254584321,Surface Hydration and Antifouling Activity of Zwitterionic Polymers,两性离子聚合物的表面水合作用与抗污活性,Zhan Chen,Langmuir,2022,10.1021/acs.langmuir.2c00512,56,"It is believed that the strong surface hydration of zwitterionic polymers leads to excellent antifouling properties. This Perspective presents the recent developments in studies on such surface hydration in situ using sum frequency generation (SFG) vibrational spectroscopy. SFG research provides direct molecular level evidence that zwitterionic polymers have strong surface hydration, which prevents protein adsorption and marine animal attachment. The salt effect and protein interaction on surfac",https://pubs.acs.org/doi/10.1021/acs.langmuir.2c00512,paper-results-PaperSearchToFile_2.json
817358144555450369,Tailoring Diffusional Fields in Zwitterion/Dopamine Copolymer Electropolymerized at Carbon Nanowalls for Sensitive Recognition of Neurotransmitters,在碳纳米壁上电聚合的两性离子/多巴胺共聚物中定制扩散场用于神经递质的灵敏识别,Adrian Olejnik; Mateusz Ficek; Marek Szkodo; Alicja Stanisławska; Jakub Karczewski; Jacek Ryl; Anna Dołęga; Katarzyna Siuzdak; Robert Bogdanowicz,ACS Nano,2022,10.1021/acsnano.2c06406,23,"The importance of neurotransmitter sensing in the diagnosis and treatment of many psychological illnesses and neurodegenerative diseases is non-negotiable. For electrochemical sensors to become widespread and accurate, a long journey must be undertaken for each device, from understanding the materials at the molecular level to real applications in biological fluids. We report a modification of diamondized boron-doped carbon nanowalls (BCNWs) with an electropolymerized polydopamine/polyzwitterion",https://pubs.acs.org/doi/10.1021/acsnano.2c06406,paper-results-PaperSearchToFile_1.json
817362346870571008,The Effect of Grooming on Five Commercial Antifouling Coatings,表面处理对五种商用防污涂料的影响,Emily Ralston; Harrison Gardner; Kelli Zargiel Hunsucker; Geoffrey Swain,Frontiers in Marine Science,2022,10.3389/fmars.2022.836555,4,"The majority of ships are coated with antifouling paint. These coatings can fail to completely protect from fouling due to mismatches between paint type and duty cycle, the presence of biocide tolerant fouling organisms, improperly applied, old or damaged paint, etc. Grooming antifouling coatings can provide a solution. Five commercially available antifouling coatings were applied to panels. Half of the replicates were groomed weekly, the other half were immersed and allowed to freely foul, undi",https://www.frontiersin.org/journals/marine-science/articles/10.3389/fmars.2022.836555/full,paper-results-PaperSearchToFile_1.json
812842859983011841,Thermal Spray Coatings for Protection Against Microbiologically Induced Corrosion: Recent Advances and Future Perspectives,用于防止微生物诱导腐蚀的热喷涂涂层：最新进展与未来展望,Jianxin Wen; Hua Li,Journal of Thermal Spray Technology,2022,10.1007/s11666-022-01345-9,13,"Corrosion has been persisting as the most severe concern for steel structures in the marine environment. Due to the widespread occurrence of biofouling, apart from the electrochemical corrosion, microbiologically induced corrosion (MIC) is an important factor that triggers the deterioration of marine steel infrastructures. Traditional anti-corrosion coatings usually lack the antifouling function, attachment and colonization of marine microorganisms therefore in most cases accelerate the existing",https://link.springer.com/article/10.1007/s11666-022-01345-9,paper-results-PaperSearchToFile_1.json
812546510666334209,Tunable Protein Adsorption by Zwitterionic Spherical Poly(CBAA) Brushes Prepared via Photoemulsion Polymerization,通过光乳液聚合制备的两性离子球形聚（羧基甜菜碱丙烯酸酯）刷实现的可调谐蛋白质吸附,Chen Hua; Ziwei Li; Kaimin Chen; Liang Sun; Liang Yu; Xuhong Guo,Industrial & Engineering Chemistry Research,2022,10.1021/acs.iecr.2c00075,3,"Zwitterionic polymer brushes are well-known as excellent hydrophilic and antifouling materials. However, they demonstrate a certain degree of adsorption for proteins and other substances in practical application, and little research has been conducted into this area. Herein, a facile and efficient approach was employed to prepare zwitterionic spherical polymer brushes, polystyrene-poly(2-carboxy-N,N-dimethyl-N-(3′-acrylamidopropyl) ethanaminium inner salt) brushes (PS–PCBAA brushes). Specificall",https://pubs.acs.org/doi/10.1021/acs.iecr.2c00075,paper-results-PaperSearchToFile_1.json
906721382170100389, Anti-Fouling Properties of Phosphonium Ionic Liquid Coatings in the Marine Environment ,海洋环境中鏻离子液体涂层的防污性能,Sajith Kaniyadan Baiju; Brent James Martin; Rayleen Fredericks; Harikrishnan Raghavan; Karnika De Silva; Matthew Greig Cowan,Polymers,2023,10.3390/polym15183677,0,"Biofouling is the buildup of marine organisms on a submerged material. This research tests the efficacy of phosphonium ion gels comprising phosphonium monomers ([P 444VB ][AOT] and [P 888VB ][AOT]) and free ionic liquid ([P 4448 ][AOT], [P 88814 ][AOT]) (10 to 50 wt%), varying copper(II) oxide biocide concentrations (0 to 2 wt%), and the docusate anion [AOT] − for added hydrophobicity. The efficacy of these formulations was tested using a seachest simulator protected from light and tidal current",https://www.mdpi.com/2073-4360/15/18/3677,paper-results-PaperSearchToFile_1.json
830759245103235073, Degradation of Two Anti-Corrosion and Anti-Fouling Coating Systems in Simulated Diurnal Cycling Immersion ,两种防腐防污涂层体系在模拟昼夜循环浸泡中的降解,Hanlu Zhang; Fabao Kong; Yiyang Chen; Xuhui Zhao; Yuming Tang; Yu Zuo,Coatings,2023,10.3390/coatings13020389,1,"The degradation process and the electrochemical behavior of two anti-corrosion and anti-fouling coating systems (FW-1 and FW-2) in a simulated diurnal cycling immersion environment (3.5% NaCl, 35 °C 12 h + 25 °C 12 h) were investigated by electrochemical impedance spectroscopy (EIS) technology. Combined with the coating gloss, color difference, adhesion strength and scanning electron microscopy (SEM) tests, the micro morphologies and the variations of the performance parameters were comparativel",https://www.mdpi.com/2079-6412/13/2/389,paper-results-PaperSearchToFile_1.json
876774801182556160, Global Changes Alter the Successions of Early Colonizers of Benthic Surfaces ,全球变化改变了底栖表面早期定殖者的演替过程,Emanuele Somma; Antonio Terlizzi; Maria Costantini; Madalena Madeira; Valerio Zupo,Journal of Marine Science and Engineering,2023,10.3390/jmse11061232,0,"The successions of benthic communities over time are strongly influenced by the first colonizers, because surface associations are facilitated by modifications to the adhesive properties promoted by primary colonizers, such as bacteria, protozoans, diatoms, algal propagules, spores, and invertebrate larvae. Bacteria are often the first colonizers on marine submerged surfaces, both organic (e.g., algae, seagrasses and invertebrates) and inorganic. However, they are promptly followed by diatoms an",https://www.mdpi.com/2077-1312/11/6/1232,paper-results-PaperSearchToFile_2.json
909980427811291911, Integration of Antifouling and Anti-Cavitation Coatings on Propellers: A Review ,螺旋桨防污与抗空泡涂层一体化研究综述,Jingying Zhang; Weihua Qin; Wenrui Chen; Zenghui Feng; Dongheng Wu; Lanxuan Liu; Yang Wang,Coatings,2023,10.3390/coatings13091619,1,"The performance of an entire ship is increasingly impacted by propellers, which are the essential components of a ship’s propulsion system that have growing significance in a variety of aspects. Consequently, it has been a hot research topic and a challenge to develop high-performance antifouling and anti-cavitation coatings due to the issue of marine biofouling and cavitation faced by propellers in high-intensity service. While there is an overwhelming number of publications on antifouling and ",https://www.mdpi.com/2079-6412/13/9/1619,paper-results-PaperSearchToFile_1.json
855756421596184577, Polyether-Thiourea-Siloxane Copolymer Based on H-Bonding Interaction for Marine Antifouling ,基于氢键相互作用的聚醚-硫脲-硅氧烷共聚物用于海洋防污,Mengyu Li; Liyang Nan; Boxuan Zhang; Junjun Kong; Yufeng Wang; Miao Ba,Molecules,2023,10.3390/molecules28083574,3,"By introducing thiourea and ether groups into MQ silicone resin polymer via free radical polymerization, a polyether-thiourea-siloxane (PTS) copolymer was synthesized. The characterization of the synthesized copolymer indicated the occurrence of H-bonding interactions and a narrow molecular weight polydispersity index. Antifouling coatings were produced by incorporating the synthesized copolymer and phenylmethylsilicone oil (PSO). The addition of a minute amount of copolymer enhanced the hydroph",https://www.mdpi.com/1420-3049/28/8/3574,paper-results-PaperSearchToFile_1.json
875707754944135187, Research Progress on New Environmentally Friendly Antifouling Coatings in Marine Settings: A Review ,,De Liu; Haobo Shu; Jiangwei Zhou; Xiuqin Bai; Pan Cao,Biomimetics,2023,10.3390/biomimetics8020200,21,"Any equipment submerged in the ocean will have its surface attacked by fouling organisms, which can cause serious damage. Traditional antifouling coatings contain heavy metal ions, which also have a detrimental effect on the marine ecological environment and cannot fulfill the needs of practical applications. As the awareness of environmental protection is increasing, new environmentally friendly and broad-spectrum antifouling coatings have become the current research hotspot in the field of mar",https://www.mdpi.com/2313-7673/8/2/200,paper-results-PaperSearchToFile_1.json
929937893789532341,A highly antifouling and eco-friendly hydrogel coating based on capsaicin derivative -functionalized polymer,一种基于辣椒素衍生物功能化聚合物的高抗污且环保的水凝胶涂层,Guangling He; Yuhua Liu; Wenyan Liu; Lei Dong; Liangmin Yu; Li Wang,Journal of Cleaner Production,2023,10.1016/j.jclepro.2023.139538,0,,https://www.sciencedirect.com/science/article/abs/pii/S095965262303696X,paper-results-PaperSearchToFile_2.json
881383789845020745,A method for screening antifouling paints using the CIELAB coordinates of Ectocarpus sp. under a flow-through condition,一种在流通条件下使用海带（*Ectocarpus sp.*）的CIELAB坐标筛选防污涂料的方法,Ryuji Kojima; Nobuyoshi Nanba; Glenn Satuito,Biofouling,2023,10.1080/08927014.2023.2222661,1,"A laboratory test with a flow-through system was designed and its applicability to testing antifouling paints of varying efficacies was investigated. Six different formulations of antifouling paints were prepared to have increased contents (0 to 40 wt%) of Cu 2 O. The test plates were initially aged for 45 days by rotating them at a speed of 10 knots inside a cylinder drum. A bioassay was then conducted using the alga, Ectocarpus sp., as the test species. The new bioassay for screening antifouli",https://www.tandfonline.com/doi/abs/10.1080/08927014.2023.2222661,paper-results-PaperSearchToFile_1.json
886094054352224544,A review on the application of molecular descriptors and machine learning in polymer design,,Yuankai Zhao; Roger J. Mulder; Shadi Houshyar; Tu C. Le,Polymer Chemistry,2023,10.1039/d3py00395g,17,Molecular descriptors machine learning polymer design...,,inline_search
868455033178423297,A systematic review on polymer-based superhydrophobic coating for preventing biofouling menace,关于用于防止生物污垢威胁的聚合物基超疏水涂层的系统综述,Avinash Kumar; Vishal Mishra; Sushant Negi; Simanchal Kar,Journal of Coatings Technology and Research,2023,10.1007/s11998-023-00773-8,11,"Biofouling is a major issue for many industries including shipping, oil, and gas and can lead to accelerated corrosion, particularly for structures and components in and around salt water. Many efforts are undertaken to lessen its impact and financial losses. One of the promising methodologies is application of antibiofouling coatings to minimize biofouling, and the best results were observed with a superhydrophobic coating. Ample literature reviews on superhydrophobic coating have shown biofoul",https://link.springer.com/article/10.1007/s11998-023-00773-8,paper-results-PaperSearchToFile_1.json
894066197249655470,An Intelligent Manufacturing Platform of Polymers: Polymeric Material Genome Engineering,一种聚合物智能制造平台：高分子材料基因工程,Liang Gao; Liquan Wang; Jiaping Lin; Lei Du,Engineering,2023,10.1016/j.eng.2023.01.018,20,,https://www.sciencedirect.com/science/article/pii/S2095809923002874,paper-results-PaperSearchToFile_2.json
892980020568391958,Anti-marine biofouling adhesion performance and mechanism of PDMS fouling-release coating containing PS-PEG hydrogel,含PS-PEG水凝胶的聚二甲基硅氧烷防污自洁涂层的抗海洋生物污损附着性能及机理,Chen Zhang; Yuhong Qi; Yarui Guo; Shukun Zhang; Gang Xiong; Kaixuan Wang; Zhanping Zhang,Marine Pollution Bulletin,2023,10.1016/j.marpolbul.2023.115345,0,,https://www.sciencedirect.com/science/article/abs/pii/S0025326X23007798,paper-results-PaperSearchToFile_1.json
939736426117857307,Antifouling and Self-Healing Performance of Marine Coatings Based on Hydrogen-Bond Interactions,,Yong-Yin Cui; Miao-Qing Sheng; Ying Liu,ACS Applied Materials & Interfaces,2023,10.1021/acsami.3c16130,5,Self-healing antifouling polyurethane coating hydrogen bond...,,inline_search
821779997210443777,Assessing Efficacy of Eco-Friendly and Traditional Copper-Based Antifouling Materials in a Highly Wave-Exposed Environment,,Clara Arboleda-Baena; Nicole Osiadacz,Journal of Marine Science and Engineering,2023,10.3390/jmse11010217,3,Eco-friendly copper antifouling field test...,,inline_search
899834761114026368,Biofouling potential of surface-enhanced Raman scattering-based seawater quality sensors by Ulva spp.,石莼属海藻对基于表面增强拉曼散射的海水水质传感器的生物污损潜力,Kayla R. Kurtz; Tania Thalyta Silva de Oliveira; Robert Chevalier; Noura Rayes; Arijit Bose; Jason R. Dwyer; Vinka Oyanedel-Craver,Biofouling,2023,10.1080/08927014.2023.2242283,0,"This study investigated the biofouling potential of surface-enhanced Raman scattering (SERS)-based sensor materials in the context of marine environments. Uncoated and monolithic commercial gold (Au) silicon nanopillar array SERS substrates, Au-coated carbon black nanoparticle (AuCB NP) substrates, uncoated and Au sputter-coated in-house SERS, and uncoated and Au sputter-coated glass controls were tested for biofouling potential using Ulva spp. as model biofouling organisms. The mean percentages",https://www.tandfonline.com/doi/abs/10.1080/08927014.2023.2242283,paper-results-PaperSearchToFile_2.json
844938221015007232,"Bioinspired marine antifouling coatings: Antifouling mechanisms, design strategies and application feasibility studies",,Zhenchun Li; Peng Liu; Shaowei Chen,European Polymer Journal,2023,10.1016/j.eurpolymj.2023.111997,35,Bioinspired antifouling coating mechanisms design strategies...,,inline_search
949161026341830722,Blue-ringed Octopus inspired slippery coating with physico-chemical synergistic antifouling properties,受蓝环章鱼启发的具有物理化学协同防污性能的光滑涂层,Yuyang Zhou; Xinming Cao; Yang Chen; Yun Li; Jun Ma; Jinlong Song; Xin Liu,Chemical Engineering Journal,2023,10.1016/j.cej.2023.147177,5,,https://www.sciencedirect.com/science/article/abs/pii/S1385894723059089,paper-results-PaperSearchToFile_2.json
906282361547653223,Capsaicin-based silicone antifouling coating with enhanced interlocking adhesion via SIPN,,Yanru Qin; Jingjing Xue; Shupeng Wang,Colloids and Surfaces A,2023,10.1016/j.colsurfa.2023.132346,0,Capsaicin-based silicone antifouling with SIPN...,,inline_search
907444679631438529,Data-driven investigation to model the corrosion inhibition efficiency of Pyrimidine-Pyrazole hybrid corrosion inhibitors,基于数据驱动的嘧啶-吡唑杂化缓蚀剂缓蚀效率建模研究,Muhamad Akrom; Supriadi Rustad; Adhitya Gandaryus Saputro; Hermawan Kresno Dipojono,Computational and Theoretical Chemistry,2023,10.1016/j.comptc.2023.114307,18,,https://www.sciencedirect.com/science/article/abs/pii/S2210271X2300289X,paper-results-PaperSearchToFile_2.json
866011458247327744,Design and screening of zwitterionic polymer scaffolds for rapid underwater adhesion and long-term antifouling stability,用于水下快速粘附与长期防污稳定性的两性离子聚合物支架的设计与筛选,Zekai Zhang; Xia Han; Wei Gong; Kai Huang; Jia-hui Li; Xueqian Chen; Cheng Lian; Honglai Liu,AIChE Journal,2023,10.1002/aic.18084,5,"As key components of antifouling material surfaces, the design and screening of polymer molecules grafted on the substrate are critical. However, current experimental and computational models still retain an empirical flavor due to the complex structure of polymers. Here, we report a simple and general strategy that enables multiscale design and screening of easily synthesized functional polymer molecules to address this challenge. Specifically, the required functions of the antifouling material",https://onlinelibrary.wiley.com/doi/10.1002/aic.18084,paper-results-PaperSearchToFile_1.json
819241067957190657,Designing sustainable membrane-based water treatment via fouling control through membrane interface engineering and process developments,通过膜界面工程和工艺开发进行污垢控制，设计可持续的基于膜的水处理方法,Ayesha Ilyas; Ivo F.J. Vankelecom,Advances in Colloid and Interface Science,2023,10.1016/j.cis.2023.102834,15,,https://www.sciencedirect.com/science/article/abs/pii/S0001868623000015,paper-results-PaperSearchToFile_1.json
817402892246843393,Eco-friendly marine antifouling coating consisting of cellulose nanocrystals with bioinspired micromorphology,,Yanyi Duan; Jiangjiexing Wu; Wei Qi; Rongxin Su,Carbohydrate Polymers,2023,10.1016/j.carbpol.2022.120504,14,"Cellulose nanocrystal coating with bioinspired micromorphology; pseudobarnacle removal strength lower than PDMS, eco-friendly marine antifouling.",,inline_search_batch12
919778119462683445,Evaluation of natural resveratrol multimers as marine antifoulants,天然白藜芦醇多聚体作为海洋防污剂的评估,Rohan A. Davis; Gunnar Cervin; Karren D. Beattie; Topul Rali; Marilyne Fauchon; Claire Hellio; Lovisa Bodin Åkerlund; Henrik Pavia; Johan Svenson,Biofouling,2023,10.1080/08927014.2023.2263374,2,"In the current study we investigate the antifouling potential of three polyphenolic resveratrol multimers (–)-hopeaphenol, vaticanol B and vatalbinoside A, isolated from two species of Anisoptera found in the Papua New Guinean rainforest. The compounds were evaluated against the growth and settlement of eight marine microfoulers and against the settlement and metamorphosis of Amphibalanus improvisus barnacle cyprids. The two isomeric compounds (–)-hopeaphenol and vaticanol B displayed a high inh",https://www.tandfonline.com/doi/abs/10.1080/08927014.2023.2263374,paper-results-PaperSearchToFile_1.json
881383776519717240,Facile Fabrication of Micron-Laminated Cu-Al2O3 Coating with Long-Lasting Antifouling Performance,,Kangwei Xu; Jiajia Tian; Shufeng Xie; Pin Wu,Journal of Thermal Spray Technology,2023,10.1007/s11666-023-01624-z,1,Cu-Al2O3 antifouling coating long-lasting...,,inline_search
845660160348127233,In-situ fabricated hierarchical nanostructure on titanium alloy as highly stable and durable super-lubricated surface for anti-biofouling in marine engineering,在钛合金上原位制备的分级纳米结构作为用于海洋工程中抗生物污损的高度稳定且耐用的超润滑表面,Dizhu Yue; Xuzhou Jiang; Hongying Yu; Dongbai Sun,Chemical Engineering Journal,2023,10.1016/j.cej.2023.142389,20,,https://www.sciencedirect.com/science/article/abs/pii/S1385894723011208,paper-results-PaperSearchToFile_2.json
seed_ml_002,Machine Learning-Assisted Design of Advanced Polymeric Materials,,Unknown,Unknown,2023,,0,ML polymer design review,,user_upload
899472736760365175,Marine biofouling and the role of biocidal coatings in balancing environmental impacts,,Florian Weber; Naser Esmaeili,Biofouling,2023,10.1080/08927014.2023.2246906,13,"Review of biofouling organism adhesion strategies, commercial antifouling coatings, regulatory landscape and environmental impacts.",,inline_search_batch8
seed_004,Mucus-Inspired Underwater Enhanced Amphiphilic Liquid-Like Fluorocarbon Composite Coating Antifouling and Anti-Icing,,Unknown,Unknown,2023,,0,Fluorocarbon amphiphilic liquid-like antifouling anti-icing,,user_upload
932471569828021103,P. pavoninus-Inspired Smart SLIPS Marine Antifouling Coating Based on Coumarin: Antifouling Durability and Adaptive Adjustability of Lubrication,,Zheming Tong; Hongyu Guo; Zhigang Di; Sifan Chen; Lina Song; Jiankun Hu; Yang Hou; Xiaoli Zhan; Qinghua Zhang,Advanced Functional Materials,2023,10.1002/adfm.202310702,14,Coumarin-based smart SLIPS coating; pseudobarnacle removal shear strength 0.20 MPa vs 6.04 MPa for epoxy; low surface energy and modulus.,,inline_search_batch12
936272195913515011,Preparation and Study of Antifouling and Fouling-Release Surface Materials from Copolymers with Anchoring Functional Groups,,Fei Wan; Wenwen Yan; Chao Feng; Ruixuan Tong; Linlin Zhang,Materials,2023,10.3390/ma16237367,0,Antifouling copolymers with catechol sticky anchoring groups; one-step dip-coating marine antifouling.,,inline_search_batch9
864967665452580961,Probing Interfacial Behavior and Antifouling Activity of Adsorbed Copolymers at Solid/Liquid Interfaces,探测吸附共聚物在固/液界面的界面行为和抗污活性,Jinpeng Gao; Md Rubel Khan; Yuchen Wu; Dustin D. Hawker; Keith E. Gutowski; Rupert Konradi; Lukas Mayr; Jeanne M. Hankett; Matthias Kellermeier; Zhan Chen,Langmuir,2023,10.1021/acs.langmuir.2c03056,8,"Polymers containing poly(ethylene glycol) (PEG) units can exhibit excellent antifouling properties, which have been proposed/used for coating of biomedical implants, separation membranes, and structures in marine environments, as well as active ingredients in detergent formulations to avoid soil redepositioning in textile laundry. This study aimed to elucidate the molecular behavior of a copolymer poly(MMA-co-MPEGMA) containing antiadhesive PEG side chains and a backbone of poly(methyl methacryl",https://pubs.acs.org/doi/10.1021/acs.langmuir.2c03056,paper-results-PaperSearchToFile_2.json
927760145759338868,Progress in Marine Antifouling Coatings: Current Status and Prospects,,Liang Li; Heting Hong; Jingyi Cao; Yange Yang,Coatings,2023,10.3390/coatings13111893,2,"Review summarizing biofouling process, history of antifouling coatings, and current status and prospects of marine antifouling coatings.",,inline_search_batch8
864511523727343616,Rapid and Robust Analytical Method for the Determination of Copper Content in Commercial Pesticides and Antifouling Biocides,用于测定市售农药和防污生物杀灭剂中铜含量的快速且稳健的分析方法,George Pavlidis; Helen Karasali; George P. Balayiannis,Environmental Processes,2023,10.1007/s40710-023-00634-x,0,"The quality control of the agrochemicals and biocidal products in the market requires valid determination methods for the active ingredient content and is of utmost interest to ensure environmental protection, human health, and successful pest control. Copper has been used as fungicide for centuries, and today is still in the market in hundreds of products for various uses and is applied in very high application rates, both in pesticides and biocides. The aim of the present study was to develop ",https://link.springer.com/article/10.1007/s40710-023-00634-x,paper-results-PaperSearchToFile_1.json
949132261624643731,Recent Advances in Antifouling Surface Polymer Brushes,防污表面聚合物刷的最新进展,Xin Xu; Yixin Chang; Yutong Gong; Yuhao Zhang; Ye Yu; Hui Peng; Changkui Fu,ACS Applied Polymer Materials,2023,10.1021/acsapm.3c02150,7,"Biofouling caused by nonspecific adsorption of biomolecules and organisms such as proteins, cells, and bacteria to material surfaces is a significant challenge for numerous important applications. An effective approach to addressing this problem is to coat antifouling polymers on the material surfaces to impart the demanded antifouling properties and repel nonspecific biological adhesion. In this review, we summarized recent advances in surface antifouling polymer brushes which have emerged in t",https://pubs.acs.org/doi/10.1021/acsapm.3c02150,paper-results-PaperSearchToFile_1.json
954407181980008774,Relationships between Water’s Structure and Solute Affinity at Polypeptoid Brush Surfaces,聚肽刷表面水的结构与溶质亲和力之间的关系,Sally Jiao; Dennis C. Robinson Brown; M. Scott Shell,Langmuir,2023,10.1021/acs.langmuir.3c02971,2,"Excellent antifouling surfaces are generally thought to create a tightly bound layer of water that resists solute adsorption, and highly hydrophilic surfaces such as those with zwitterionic functionalities are of significant current interest as antifoulant strategies. However, despite significant proofs-of-concept, we still lack a fundamental understanding of how the nanoscopic structure of this hydration layer translates to reduced fouling, how surface chemistry can be tuned to achieve antifoul",https://pubs.acs.org/doi/10.1021/acs.langmuir.3c02971,paper-results-PaperSearchToFile_2.json
948604492750782503,Research Progress on Low-Surface-Energy Antifouling Coatings for Ship Hulls: A Review,,Zhimin Cao; Pan Cao,Biomimetics,2023,10.3390/biomimetics8060502,3,Low-surface-energy antifouling coatings for ship hulls review...,,inline_search
844937636651991040,Retrosynthetic and Synthetic Reaction Prediction Model Based on Sequence-to-Sequence with Attention for Polymer Designs,面向聚合物设计的基于带注意力机制的序列到序列模型的逆合成与合成反应预测模型,Hiroaki Taniwaki; Hiromasa Kaneko,Macromolecular Theory and Simulations,2023,10.1002/mats.202300011,1,"Polymer designs, especially monomer designs, can be performed with machine learning and artificial intelligence using a polymer dataset, however, it is meaningless if the designed monomer structures cannot be synthesized and the polymer compound cannot be polymerized. In this study, a retrosynthesis prediction model based on sequence-to-sequence (Seq2Seq) with attention is developed, which is originally used in language transformation, to predict reactants from monomer structures corresponding t",https://onlinelibrary.wiley.com/doi/10.1002/mats.202300011,paper-results-PaperSearchToFile_2.json
seed_006,Strategy for Fabricating Degradable Low Surface Energy Cross-Linked Networks with Excellent Anti-Fouling Properties,,Unknown,Unknown,2023,,0,Low surface energy cross-linked network anti-fouling,,user_upload
956007417542344704, Impact of Molecular Weight on Anti-Bioadhesion Efficiency of PDMS-Based Coatings ,分子量对聚二甲基硅氧烷基涂层抗生物粘附效率的影响,Mama Aïssata Bangoura; David Mimeau; Eric Balnois; Karine Réhel; Fabrice Azemar; Isabelle Linossier,Coatings,2024,10.3390/coatings14010149,2,"Silicone elastomer coatings have shown successful fouling release ability in recent years. To further enhance the design of silicone coatings, it is necessary to fully understand the mechanisms that contribute to their performance. The objective of this study was to examine the relationship between the molecular weight of polydimethylsiloxane (PDMS) and antibioadhesion efficiency. PDMS-based coatings were prepared via a condensation reaction, with a controlled molecular weight ranging from 0.8 t",https://www.mdpi.com/2079-6412/14/1/149,paper-results-PaperSearchToFile_1.json
1046631022201929731, Prediction of Dielectric Constant in Series of Polymers by Quantitative Structure-Property Relationship (QSPR) ,基于定量构效关系（QSPR）的系列聚合物介电常数预测,Estefania Ascencio-Medina; Shan He; Amirreza Daghighi; Kweeni Iduoku; Gerardo M. Casanola-Martin; Sonia Arrasate; Humberto González-Díaz; Bakhtiyor Rasulev,Polymers,2024,10.3390/polym16192731,0,"This work is devoted to the investigation of dielectric permittivity which is influenced by electronic, ionic, and dipolar polarization mechanisms, contributing to the material’s capacity to store electrical energy. In this study, an extended dataset of 86 polymers was analyzed, and two quantitative structure–property relationship (QSPR) models were developed to predict dielectric permittivity. From an initial set of 1273 descriptors, the most relevant ones were selected using a genetic algorith",https://www.mdpi.com/2073-4360/16/19/2731,paper-results-PaperSearchToFile_2.json
1058964547693445135, Prevention and Control of Biofouling Coatings in Limnoperna fortunei : A Review of Research Progress and Strategies ,**淡水壳菜生物污损涂层防控：研究进展与防控策略综述**,Hailong Zhang; Qingjie Ding; Yonghui Zhang; Guangyi Lu; Yangyu Liu; Yuping Tong,Polymers,2024,10.3390/polym16213070,0,"The increasing environmental concerns of conventional antifouling coatings have led to the exploration of novel and sustainable solutions to address the biofouling caused by Limnoperna fortunei . As a rapidly expanding invasive species, the fouling process of Limnoperna fortunei is closely associated with microbial fouling, posing significant threats to the integrity of aquatic infrastructure and biodiversity. This review discusses recent progress in the development of non-toxic, eco-friendly an",https://www.mdpi.com/2073-4360/16/21/3070,paper-results-PaperSearchToFile_1.json
1021278043592720394,"A comprehensive review of the bio-corrosion mechanisms, hydrodynamics and antifouling measures on marine concrete",海洋混凝土生物腐蚀机制、流体动力学及防污措施的综合综述,Xiaojie Chen; Chenglong Yu; Lu Wang; Bo Yu,Ocean Engineering,2024,10.1016/j.oceaneng.2024.118696,0,,https://www.sciencedirect.com/science/article/abs/pii/S0029801824020341,paper-results-PaperSearchToFile_2.json
985490600197357800,A comprehensive review on the inherent and enhanced antifouling mechanisms of hydrogels and their applications,水凝胶的固有和增强型防污机制及其应用综述,Junting Cui; Lan Liu; Beiyue Chen; Jiayi Hu; Mengyao Song; Hongliang Dai; Xingang Wang; Hongya Geng,International Journal of Biological Macromolecules,2024,10.1016/j.ijbiomac.2024.130994,1,,https://www.sciencedirect.com/science/article/abs/pii/S0141813024017999,paper-results-PaperSearchToFile_2.json
1033977923654123522,A type of multifunctional cellulose nanocrystal composite silicone-based polymer coating for marine antibiofouling,,Jiawen Sun; Xingda Liu; Jizhou Duan; Kunyan Sui; Xiaofan Zhai; Xia Zhao; Yuqing Zhu; Ding Guo; Baorong Hou,International Journal of Biological Macromolecules,2024,10.1016/j.ijbiomac.2024.134885,0,Cellulose nanocrystal composite silicone coating; pseudobarnacle detachment test showing elastic modulus as primary factor for removal strength.,,inline_search_batch12
968688630967042053,Advances in emerging hydrogel fouling-release coatings for marine applications,用于海洋应用的新型水凝胶防污涂层的进展,Michael Kio; Jeffery Klauda,Journal of Coatings Technology and Research,2024,10.1007/s11998-023-00895-z,2,"The accumulation of microorganisms, algae, mussels, and barnacles on the hull of sea vessels leads to biofouling, surface corrosion, and increased drag as the vessel moves through water costing the marine industry around 15 billion/year. Current commercial traditional antifouling coatings suffer from reduced energy efficiency and short lifespan and contain heavy metals that are toxic to marine organisms and humans. The banning of these coatings is due to environmental concerns, and nonbiocidal a",https://link.springer.com/article/10.1007/s11998-023-00895-z,paper-results-PaperSearchToFile_2.json
950311925000962106,Advances in synthesis and application of amphoteric polymer-based water treatment agents,两性聚合物基水处理剂的合成与应用进展,Wei Yu; Liping Xiong; Jiaheng Teng; Cheng Chen; Bisheng Li; Leihong Zhao; Hongjun Lin; Liguo Shen,Desalination,2024,10.1016/j.desal.2023.117280,7,,https://www.sciencedirect.com/science/article/abs/pii/S0011916423009128,paper-results-PaperSearchToFile_1.json
1007464466763218954,"Advancing coatings with polybenzoxazines: insights into molecular design, synthesis, and modification",聚苯并恶嗪推进涂层：分子设计、合成与改性的见解,Jing Song; Hongrui Liang; Yu Cao; Mengyao Wang; Zhi Wang,Journal of Materials Chemistry C,2024,10.1039/D4TC01351D,0,"Polybenzoxazine (PBZ) has emerged as a cutting-edge high-performance thermosetting resin, boasting a broad spectrum of applications in electrical insulation, friction materials, and aerospace industries due to its outstanding features such as exceptional thermal stability, mechanical properties, flexible molecular designability, and high char yield, among others. While existing reviews on benzoxazines cover various aspects of benzoxazine research, including synthesis methodologies, accelerated c",https://pubs.rsc.org/en/content/articlelanding/2024/tc/d4tc01351d,paper-results-PaperSearchToFile_1.json
1044111059905937426,An Imine-Functionalized Silicone-Based Epoxy Coating with Stable Adhesion and Controllable Degradation for Enhanced Marine Antifouling and Anticorrosion Properties,,Duanhui Gao; Hongyi Liu; Yanling Zheng,Chemistry - A European Journal,2024,10.1002/chem.202403116,0,Imine-functionalized silicone epoxy coating for marine antifouling...,,inline_search
1063172937625894948,Atomistic Simulations of Hydration and Antibiofouling Behavior of Amphiphilic Polymer Brush Surfaces Functionalized with TMAO and Short Fluorocarbon,用三甲胺氧化物（TMAO）和短链碳氟化合物功能化的两亲性聚合物刷表面的水化和抗生物污损行为的原子模拟,Xiaoxue Qin; Ariana Annie Chen; Jiahuiyu Fang; Pranab Sarker; Mark J. Uline; Tao Wei,Langmuir,2024,10.1021/acs.langmuir.4c03218,0,"Developing fouling-resistant materials is of paramount interest in marine industries and biomedical applications. In this work, we studied the interfacial hydration and surface–protein interactions of the amphiphilic brush surface functionalized with hybrid hydrophilic trimethylamine N-oxide (TMAO) and hydrophobic pentafluoroethyl groups using a combination of atomistic molecular dynamics simulations and free-energy computations. Our results show that while the interfacial hydration density of t",https://pubs.acs.org/doi/10.1021/acs.langmuir.4c03218,paper-results-PaperSearchToFile_2.json
1008913197991723014,Construction of highly hydrated and mechanically strong anti-fouling coatings for deep-sea probes based on poly(vinyl alcohol) tannic acid zwitterion coatings,基于聚乙烯醇单宁酸两性离子涂层的用于深海探测器的高水合且机械强度高的防污涂层的构建,Ying Liu; Ruotong Ru; Chengjun Ge; Linlin Zhang; Hongfei Sun,New Journal of Chemistry,2024,10.1039/D4NJ01258E,0,"The marine biofouling of deep-sea exploration equipment has compromised its normal purpose of detecting marine resources, and conventional self-renewing hydrogel coatings have become unsuitable for precision instruments due to the release of antifouling agents or heavy metals. Zwitterions exhibit excellent antifouling ability due to the hydration layer formed by molecules with equal amounts of cationic and anionic groups, resulting in an overall neutral charge. Herein, a non-releasing, mechanica",https://pubs.rsc.org/en/content/articlelanding/2024/nj/d4nj01258e,paper-results-PaperSearchToFile_2.json
1044481649418436610,Data-Driven Materials Research and Development for Functional Coatings,面向功能涂层的数据驱动型材料研发,Kai Xu; Xuelian Xiao; Linjing Wang; Ming Lou; Fangming Wang; Changheng Li; Hui Ren; Xue Wang; Keke Chang,Advanced Science,2024,10.1002/advs.202405262,106,"Functional coatings, including organic and inorganic coatings, play a vital role in various industries by providing a protective layer and introducing unique functionalities. However, its design often involves time-consuming experimentation with multiple materials and processing parameters. To overcome these limitations, data-driven approaches are gaining traction in materials science. In this paper, recent advances in data-driven materials research and development (R&D) for functional coatings,",https://onlinelibrary.wiley.com/doi/10.1002/advs.202405262,paper-results-PaperSearchToFile_2.json
944814094005829699,"Design, preparation, and characterization of lubricating polymer brushes for biomedical applications",用于生物医学应用的润滑聚合物刷的设计、制备与表征,Xinzhong Song; Jia Man; Yinghua Qiu; Jiali Wang; Jianing Liu; Ruijian Li; Yongqi Zhang; Jianyong Li; Jianfeng Li; Yuguo Chen,Acta Biomaterialia,2024,10.1016/j.actbio.2023.12.024,0,,https://www.sciencedirect.com/science/article/abs/pii/S1742706123007377,paper-results-PaperSearchToFile_2.json
1088527436867436558,Development of QSAR Models on the Fouling-Release Performance of Silicone Oil-modified Siloxane Polyurethane Coatings,发展基于定量结构-活性关系（QSAR）模型的硅油改性硅氧烷聚氨酯涂料抗污释放性能研究,Achiya Khanam; Gerardo Casanola-Martin; Amirreza Daghighi; Dean Webster; Bakhtiyor Rasulev,Polymer Science,2024,10.26434/chemrxiv-2024-1pxc6,0,"Polymer coatings with a fouling release activity is an effective method to prevent marine biological fouling caused by large number of marine organisms (over 4000) and ensure stability and safety of marine facilities. In this study, a novel cheminformatics-based approach was employed to investigate the fouling-release performance of siloxane-PU coating system. The structure-fouling release activity relationship was modeled for a set of 18 siloxane PU coatings by incorporation phenylmethyl silico",https://chemrxiv.org/doi/full/10.26434/chemrxiv-2024-1pxc6,paper-results-PaperSearchToFile_2.json
997208520417869854,Engineering a hard sol-gel adaptive coating with nonleaching antifoulant against marine biofouling in static conditions,,Yihan Sun; Yuanyuan Shen; Haibin Zhao; Peng Wang,Progress in Organic Coatings,2024,10.1016/j.porgcoat.2024.108402,1,Hard sol-gel adaptive coating with nonleaching antifoulant; simulated barnacle (aluminum stud) removal test for fouling-release evaluation under static marine conditions.,,inline_search_batch12
928479556224942919,Estimating Gas Sorption In Polymeric Membranes From The Molecular Structure: A Machine Learning Based Group Contribution Method For The Non-Equilibrium Lattice Fluid Model (ML-GC-NELF),从分子结构估算聚合物膜中的气体吸附：一种基于机器学习的非平衡晶格流体模型基团贡献法（ML-GC-NELF）,Hasan Ismaeel; David Gibson; Eleonora Ricci; Maria Grazia De Angelis,Journal of Membrane Science,2024,10.1016/j.memsci.2023.122220,0,,https://www.sciencedirect.com/science/article/pii/S0376738823008761,paper-results-PaperSearchToFile_2.json
966875805533601817,Exploring fishery waste potential as antifouling component,,Juliana Lenchours Pezzano; Yamila E. Rodriguez,Environmental Science and Pollution Research,2024,10.1007/s11356-024-32491-y,1,Fishery waste antifouling component surface properties...,,inline_search
997220511899451437,Fouling-Resistant Behavior of Hydrophobic Surfaces Based on Poly(dimethylsiloxane) Modified by Green rGO@ZnO Nanocomposites,,Soolmaz Soleimani; Ali Jannesari; Morteza Yousefzadi; Arash Ghaderi; Adnan Shahdadi,ACS Applied Bio Materials,2024,10.1021/acsabm.3c01185,0,PDMS modified with rGO@ZnO nanocomposites for fouling-resistant behavior; ASTM D6990 field immersion test in Persian Gulf seawater.,,inline_search_batch9
1036241096184692745,Graphene oxide and cuprous oxide/hydrogel modified epoxy coating for marine antifouling,用于海洋防污的氧化石墨烯和氧化亚铜/水凝胶改性环氧涂层,Fangyuan Ding; Min Wang; Lili Xue,Journal of Coatings Technology and Research,2024,10.1007/s11998-024-00926-3,0,"Marine biofouling has detrimental effects on the performance and service life of ships and drilling platforms, leading to increased fuel consumption, corrosion of structural surfaces, and significant financial losses. To address these challenges, we developed epoxy coatings that incorporate graphene oxide (GO) and release copper ions (Cu^2+). We carried out microalgae adhesion studies and marine bacterial adhesion experiments on the various composite coatings to examine the antifouling performan",https://link.springer.com/article/10.1007/s11998-024-00926-3,paper-results-PaperSearchToFile_1.json
1063172919284203562,Machine Learning Aided Design and Optimization of Antifouling Surfaces,机器学习辅助的防污表面设计与优化,Yijing Tang; Jialun Wei; Yonglan Liu; Yung Chang; Jie Zheng,Langmuir,2024,10.1021/acs.langmuir.4c03553,22,"Antifouling surfaces, renowned for their strong surface resistance to proteins, cells, or tissues in various biological and environmental conditions, have broad applications in implanted devices, antibacterial coatings, biosensors, responsive materials, water treatment, and lab-on-a-chip. While extensive experimental research exists on antifouling surfaces, machine learning studies on this topic are relatively few. This perspective specifically focuses on exploring the complex relationships betw",https://pubs.acs.org/doi/10.1021/acs.langmuir.4c03553,paper-results-PaperSearchToFile_2.json
997216862418764110,Machine Learning-Assisted Design of Advanced Polymeric Materials,,Liang Gao; Jiaping Lin; Liquan Wang; Lei Du,Accounts of Materials Research,2024,10.1021/accountsmr.3c00288,125,ML-assisted design of polymeric materials review...,,inline_search
1048825008501030931,Machine learning analysis of a large set of homopolymers to predict glass transition temperatures,对大量均聚物进行机器学习分析以预测玻璃化转变温度,Gerardo M. Casanola-Martin; Anas Karuth; Hai Pham-The; Humbert González-Díaz; Dean C. Webster; Bakhtiyor Rasulev,Communications Chemistry,2024,10.1038/s42004-024-01305-0,1,"Glass transition temperature of polymers, Tg, is an important thermophysical property, which sometimes can be difficult to measure experimentally. In this regard, data-driven machine learning approaches are important alternatives to assess Tg values, in a high-throughput way. In this study, a large dataset of more than 900 polymers with reported glass transition temperature (Tg) was assembled from various public sources in order to develop a predictive model depicting the structure-property rela",https://www.nature.com/articles/s42004-024-01305-0,paper-results-PaperSearchToFile_2.json
1022731208871641091,Marine Fouling Release Performance of Amphiphilic Carboxybetaine Perfluoropolyether Methacrylate Polymer Coatings,两亲性羧酸甜菜碱全氟聚醚甲基丙烯酸酯聚合物涂层的海洋防污释放性能,Florian Koschitzki; Onur Özcan; Robin Wanka; Marc Krisam; Axel Rosenhahn,Advanced Materials Interfaces,2024,10.1002/admi.202400370,0,"Amphiphilic polymer systems have been demonstrated to be an effective and environmentally friendly approach to combat the challenges of biofouling, especially in the real ocean environment. A variety of polymer compositions containing fluorophilic perfluoropolyether (PFPE) urethane dimethacrylate and zwitterionic carboxybetaine methacrylate (CBMA) are in situ copolymerized across a broad concentration range and anchored to chemically functionalized substrates by grafting-through polymerization. ",https://onlinelibrary.wiley.com/doi/10.1002/admi.202400370,paper-results-PaperSearchToFile_1.json
1022025057058160645,Molecular Interaction Mechanisms Between Lubricant-Infused Slippery Surfaces and Mussel-Inspired Polydopamine Adhesive and DOPA Moiety,润滑灌注型滑移表面与贻贝启发聚多巴胺黏合剂及DOPA基团间的分子相互作用机制,Sijia Li; Ziqian Zhao; Jingyi Wang; Lei Xie; Mingfei Pan; Feiyi Wu; Ying Hu; Jifang Liu; Hongbo Zeng,Macromolecular Rapid Communications,2024,10.1002/marc.202400276,0,"Lubricant-infused slippery surfaces have recently emerged as promising antifouling coatings, showing potential against proteins, cells, and marine mussels. However, a comprehensive understanding of the molecular binding behaviors and interaction strength of foulants to these surfaces is lacking. In this work, mussel-inspired chemistry based on catechol-containing chemicals including 3,4-dihydroxyphenylalanine (DOPA) and polydopamine (PDA) is employed to investigate the antifouling performance an",https://onlinelibrary.wiley.com/doi/10.1002/marc.202400276,paper-results-PaperSearchToFile_2.json
988618379440947204,Molecular mechanism for the detachment of degradable antifouling coatings,可降解防污涂层脱落的分子机制,Jia Cheng; Wen Li; Wei Wang; Jie Zhu; Xin Wang; Shougang Chen,Progress in Organic Coatings,2024,10.1016/j.porgcoat.2024.108451,1,,https://www.sciencedirect.com/science/article/abs/pii/S0300944024002431,paper-results-PaperSearchToFile_1.json
972312565226930186,Multifunctional polyurethane coatings with excellent antifouling and self-healing properties,,Haoran Wei; Henghui Liu; Min Li,Journal of Coatings Technology and Research,2024,10.1007/s11998-023-00896-y,0,Polyurethane self-healing antifouling...,,inline_search
1010362135894556691,NIR-Driven Self-Healing Phase-Change Solid Slippery Surface with Stability and Promising Antifouling and Anticorrosion Properties,具有稳定性以及良好防污和防腐性能的近红外驱动自修复相变固体超滑表面,Hao Jiang; Xiaotong Chen; Zhiqiang Fang; Yangkai Xiong; Haomin Wang; Xuewei Tang; Jiahao Ren; Panpan Tang; Jipeng Li; Guoqing Wang; Zheng Li,ACS Applied Materials & Interfaces,2024,10.1021/acsami.4c05341,1,"Slippery liquid-infused porous surfaces (SLIPSs) have great potential to replace traditional antifouling coatings due to their efficient, green, and broad-spectrum antifouling performance. However, the lubricant dissipation problem of SLIPS severely restricts its further development and application, and the robust SLIPS continues to be extremely challenging. Here, a composite phase-change lubricant layer consisting of paraffin, silicone oil, and MXene is designed to readily construct a stable an",https://pubs.acs.org/doi/10.1021/acsami.4c05341,paper-results-PaperSearchToFile_2.json
977536826413679461,Novel Antifouling Coatings by Zwitterionic Silica Grafting on Glass Substrates,通过在玻璃基板上接枝两性离子二氧化硅制备新型防污涂层,Jian Zhang; Lamiaa M. A. Ali; Denis Durand; Magali Gary-Bobo; Peter Hesemann,Langmuir,2024,10.1021/acs.langmuir.3c02932,1,"Zwitterionic silica coatings for surface functionalization are greatly prominent because of their simple and fast preparation, high availability, and effective antifouling properties. In this work, two zwitterionic sulfobetaine silane coatings, i.e., mono-SBSi and tris-SBSi, were deposited on glass surfaces and tested for antifouling of biological material and biofilm using human cancer cell and seawater, respectively. The used zwitterionic precursors mono-SBSi and tris-SBSi differ by the number",https://pubs.acs.org/doi/10.1021/acs.langmuir.3c02932,paper-results-PaperSearchToFile_1.json
1054621047132782613,Novel antifouling paint formulation based on Ca 2 Cr 2 O 5 and CaMnO 3 NPs as a protective pigment,,H. Abd El-Wahab; Hossa F. Al-Shareef,Scientific Reports,2024,10.1038/s41598-024-74245-3,1,"This work focused on the preparation of novel antifouling paint based on Ca2Cr2O5 and CaMnO3 NPs as a safe protective pigment which were replaced with cuprous oxide. Three paint formulations were prepared for comparison, a blank formula without an antifouling agent (F1), a commercial antifouling formula based on 100% cuprous oxide as an antifouling agent (F2), and AF formula based on 75% Ca2Cr2O5 and CaMnO3 NPs and 25% Cu2O. The high performance and durability of the paints based on the prepared",https://www.nature.com/articles/s41598-024-74245-3,paper-results-PaperSearchToFile_1.json
1006737843940229126,Preparation of tannic acid based zwitterionic polymer functionalized coating on glass surface for antibacterial and antifouling applications,用于抗菌和防污应用的玻璃表面单宁酸基两性离子聚合物功能化涂层的制备,Shihan Wu; Kaige Yan; Baoluo He; Yi Wang; Shenghua Xue; Shujuan Liu; Qian Ye; Feng Zhou,Progress in Organic Coatings,2024,10.1016/j.porgcoat.2024.108578,0,,https://www.sciencedirect.com/science/article/abs/pii/S0300944024003709,paper-results-PaperSearchToFile_1.json
1045546686912397322,Research Progress of Marine Anti-Fouling Coatings,,Shaoqian Wu; Shuo Wu; Shilong Xing; Tianshu Wang; Jiabin Hou; Yuantao Zhao; Wenge Li,Coatings,2024,10.3390/coatings14091227,0,Research progress of marine antifouling coatings for ship hulls with emphasis on environmental sustainability.,,inline_search_batch8
977510535329218560,Superior antibacterial surfaces using hydrophilic poly(MPC) and poly(mOEGMA) free chains of amphiphilic block copolymer,,Tsukuru Masuda; Shoichi Yoshizawa; Aya Noguchi; Yuta Kozuka; Norifumi Isu; Madoka Takai,Heliyon,2024,10.1016/j.heliyon.2024.e26347,0,Amphiphilic block copolymer with hydrophilic poly(MPC)/poly(mOEGMA) chains for antibacterial antifouling surfaces.,,inline_search_batch8
980655132003794944,Superior mechanical performance polyurethane-silicone coatings for synergistic antimicrobial and antifouling coatings,用于协同抗菌和防污涂层的具有卓越机械性能的聚氨酯-有机硅涂层,Ming Liu; Laiying Jing; Ziqi Zhang; Xin Li; Huaming Yuan; Jiaxi Cui; Mei Li; Yunqiang Zhang,"Journal of Macromolecular Science, Part A  Pure and Applied Chemistry",2024,10.1080/10601325.2024.2330600,0,"With the increasing awareness of marine ecological environment, biocide-free marine antifouling coatings have been gaining increased attention in the field of marine antifouling. Among all the antifouling approaches, constructing fouling-release coatings (FRCs) may be the most effective and economical way caused by the biocide-free. However, the low mechanical strength, weak adhesion to substrates, and poor static fouling resistance of traditional silicone-based FRCs, which limiting their applic",https://www.tandfonline.com/doi/abs/10.1080/10601325.2024.2330600,paper-results-PaperSearchToFile_1.json
965067978854891524,Superwettable surfaces and factors impacting microbial adherence in microbiologically-influenced corrosion: a review,超润湿性表面及微生物影响腐蚀中影响微生物附着的因素：综述,Deepti Rane; Savita Kerkar; Sutapa Roy Ramanan; Meenal. Kowshik,World Journal of Microbiology and Biotechnology,2024,10.1007/s11274-024-03886-3,0,"Microbiologically-influenced corrosion (MIC) is a common operational hazard to many industrial processes. The focus of this review lies on microbial corrosion in the maritime industry. Microbial metal attachment and colonization are the critical steps in MIC initiation. We have outlined the crucial factors influencing corrosion caused by microorganism sulfate-reducing bacteria (SRB), where its adherence on the metal surface leads to Direct Electron Transfer (DET)—MIC. This review thus aims to su",https://link.springer.com/article/10.1007/s11274-024-03886-3,paper-results-PaperSearchToFile_2.json
1070554570163224578,Testing of Marine Fouling-Inhibiting Enzymes in a Water-Based Methacrylate Polymer Matrix,,Thuvarakhan Gnanasampanthan; Florian Koschitzki; Onur Özcan; Anne Höppner; Robin Wanka; John A. Finlay; Anthony S. Clare; Axel Rosenhahn,Advanced Materials Interfaces,2024,10.1002/admi.202400647,0,Marine fouling-inhibiting enzymes embedded in water-based methacrylate polymer matrix; Ulva zoospore settlement and removal assays.,,inline_search_batch10
1054254178953592836,The effect of spherical Zn of Cu2O/ZnAl embedded into ethyl silicate coatings for corrosion and fouling protection,,Nguyen Hoang; Truong Anh Khoa,Chemical Papers,2024,10.1007/s11696-024-03742-6,0,Cu2O ZnAl antifouling field test seawater...,,inline_search
1005656097228324872,"Trends in surface plasmon resonance biosensing: materials, methods, and machine learning",表面等离子体共振生物传感的趋势：材料、方法和机器学习,Daniel D. Stuart; Westley Van Zant; Santino Valiulis; Alexander S. Malinick; Victor Hanson; Quan Cheng,Analytical and Bioanalytical Chemistry,2024,10.1007/s00216-024-05367-w,0,"Surface plasmon resonance (SPR) proves to be one of the most effective methods of label-free detection and has been integral for the study of biomolecular interactions and the development of biosensors. This trend delves into the latest SPR research and progress built upon the Kretschmann configuration, a pivotal platform, and highlights three key developments that have enhanced the capabilities of the technique. We will first cover a range of explorations of novel plasmonic materials that have ",https://link.springer.com/article/10.1007/s00216-024-05367-w,paper-results-PaperSearchToFile_2.json
998420381289152517,Zwitterionic Hydrogel Coating with Antisediment Properties for Marine Antifouling Applications,用于海洋防污应用的具有抗沉降性能的两性离子水凝胶涂层,Boyi Song; Ershuai Zhang; Yuanjie Shi; Wei Wang; Hui Zhu; Sheu-Jane Gallagher; Stephen Fischer; Jennifer Rigney; Edward Kim; Zhiqiang Cao,ACS Applied Materials & Interfaces,2024,10.1021/acsami.4c02574,0,"Biofouling is a serious issue affecting the marine industry because the attached micro- and macrocontaminants can increase fuel consumption and damage ship hulls. A hydrophilic hydrogel-based coating is considered a promising antifouling material because it is environmentally friendly and the dense hydration layer can protect the substrate from microbial attachment. However, sediment adsorption can be an issue for hydrogel-based coatings. Their natural soft and porous structures can trap sedimen",https://pubs.acs.org/doi/10.1021/acsami.4c02574,paper-results-PaperSearchToFile_2.json
1170704379703984131,A novel strategy for the enhancement of static anti-fouling performance of fouling release coatings based on vanillin-functionalized silica,一种基于香草醛功能化二氧化硅提高防污涂料静态防污性能的新策略,Shihao Zhang; Bingfeng Deng; Zhipeng Xie; Jianang Sha; Chuyi Zhang; Congshu Huang; Jingjing Wang; Xinyu Ren; Bin Liu,Applied Surface Science,2025,10.1016/j.apsusc.2025.164482,0,,https://www.sciencedirect.com/science/article/abs/pii/S0169433225021981,paper-results-PaperSearchToFile_1.json
1158130728546861056,Anti-Biofouling Coatings Based on Ultra-Slippery Surfaces,基于超滑表面的抗生物污损涂层,Alexander B. Tesler; Wolfgang H. Goldmann,Cell Biology International,2025,10.1002/cbin.70065,0,,https://onlinelibrary.wiley.com/doi/10.1002/cbin.70065,paper-results-PaperSearchToFile_2.json
1124613695758925840,Antifouling Coatings Inspired by Biological Templates,,Catherine Doyle; Marya Ahmed,Macromolecular Rapid Communications,2025,10.1002/marc.202400932,0,Biologically-inspired antifouling coatings; catechol/zwitterionic polymer grafted on sensor surfaces.,,inline_search_batch9
1190990052662968333,"Applications of Machine Learning in Polymer Materials: Property Prediction, Material Design, and Systematic Processes",,Hongtao Guo; Shuai Li; Shu Li,Computers Materials & Continua,2025,10.48550/arXiv.2510.26100,0,ML polymer property prediction material design...,,inline_search
1141553022640324620,Development of Substrate-Independent Antifouling and Bactericidal Surfaces Using Visible Light Cross-Linked Hydrogel Coatings for Biomedical Applications,使用可见光交联水凝胶涂层开发用于生物医学应用的与底物无关的防污和杀菌表面,Soonjong Roh; Se Youn Jang; Youngmee Jung; Kangwon Lee; Jin Yoo,Advanced Healthcare Materials,2025,10.1002/adhm.202402565,0,"Preventing biofouling and bacterial infections are pivotal issues in developing implantable biomaterials. Zwitterionic hydrogels stand out for their antifouling effects and high biocompatibility, making them ideal for biomedical applications. However, the lack of direct bactericidal activity and the limited applicability to various materials are key challenges to be addressed in these hydrogel coatings. To address this, a dual-functional hydrogel coating with synergetic antifouling and biocidal ",https://onlinelibrary.wiley.com/doi/10.1002/adhm.202402565,paper-results-PaperSearchToFile_2.json
1155511904861421569,Evaluation of antifouling surfaces using a method that employs mussel larvae settlement quantified by machine learning,,Thomas B. LeFevre; Joseph D. Daddona,Biofouling,2025,10.1080/08927014.2025.2534051,0,Machine learning mussel larvae settlement antifouling evaluation...,,inline_search
1176180987038531584,Full-Ocean-Depth-Oriented Poly(oxime-urethane) Coating: Construction and Protective Mechanism for Integrated Antifouling and Anticorrosion,,Peng Zhang; Shu Tian; Ruiqi Li,ACS Nano,2025,10.1021/acsnano.5c09595,0,Polyoxime-urethane deep sea antifouling coating...,,inline_search
seed_001,"Leveraging Polymeric Design for Marine Anti-Biofouling: Mechanism, System and Future (Advanced Materials 2025)",,Huang et al.,Advanced Materials,2025,,0,Marine anti-biofouling polymeric design review 2025,,user_upload
1135263093903851540,Polymers for anti-fouling applications: a review,,Waham Ashaier Laftah; Wan Aizan Wan Abdul Rahman,Environmental Science Advances,2025,10.1039/d5va00034c,0,"Review of polymer-based antifouling materials as sustainable alternatives to toxic biocide coatings for shipping, aquaculture and marine infrastructure.",,inline_search_batch8
1164379471914991617,Preparation and properties of PU hydrogel/epoxy modified silicone coatings,,Tianqi Hu; Zhanping Zhang; Qinran Wang,Materials Today Communications,2025,10.1016/j.mtcomm.2025.113614,0,Silicone antifouling coatings hydrogel/epoxy modified...,,inline_search
1215594202071564289,A crosslinked amphiphilic degradable antifouling coating with long-lasting underwater stability and controlled release of isothiazolinone,一种具有持久水下稳定性和异噻唑啉酮控释功能的交联两亲性可降解防污涂层,Xiaoyue Liang; Chunju He,Progress in Organic Coatings,2026,10.1016/j.porgcoat.2026.109945,0,,https://www.sciencedirect.com/science/article/abs/pii/S0300944026000019,paper-results-PaperSearchToFile_1.json
1277133954574450701,A hyperbranched crosslinked amphiphilic coating with controlled degradation and sustained antifoulant release for durable marine antifouling,一种具有可控降解和持续防污剂释放功能的超支化交联两亲性涂层，用于持久的海洋防污,Xiaoyue Liang; Yongnian Huang; Chunju He; Weixia Yan,Progress in Organic Coatings,2026,10.1016/j.porgcoat.2026.110379,0,,https://www.sciencedirect.com/science/article/abs/pii/S0300944026004352,paper-results-PaperSearchToFile_1.json
1218119703306698753,Engineered coatings containing cyclic peptides from cyanobacteria delay the development of a stable macrofouling community,,Catarina Gonçalves; Sandra Pereira; Isabel B. Oliveira; Marco Preto; Tiago Ribeiro; João Morais; Luciana C. Gomes; Maria João Romeu; Miguel Semedo; Filipe J. Mergulhão,Trends in Biotechnology,2026,10.1016/j.tibtech.2025.11.018,0,Cyclic peptides from cyanobacteria (portoamides A and B) as bio-based antifouling coatings; field validation; macrofouling community delay.,,inline_search_batch11
1291333526779592707,Microplastic ReleaseRates from Fouling Control Coatings:The Influence of Coating Composition,防污涂层的微塑料释放率：涂层成分的影响,Matthias Bork; Søren Kiil; Kim Dam-Johansen,Industrial & Engineering Chemistry Research,2026,10.1021/acs.iecr.6c01318,0,"Microplastic release from antifouling coatings has emergedas anenvironmental concern, yet the mechanisms driving their release ratesduring sailing remain poorly understood. This study investigates howcoating composition, specifically biocide loading and binder composition,influence microplastic release. Six model and six commercial foulingcontrolcoatings were exposed under controlled conditions. Through an automatedSEM–EDX analysis, the particles released by the coatings wereanalyzed, and their ",https://pubs.acs.org/iecred/article/doi/10.1021/acs.iecr.6c01318/5232359/Microplastic-Release-Rates-from-Fouling-Control,paper-results-PaperSearchToFile_1.json
1260133418201513986,Molecular Dynamics Study of Protein Adsorption on Zwitterionic and Imidazolium Salt Modified Antifouling Polyurethane Membranes,两性离子和咪唑盐改性防污聚氨酯膜上蛋白质吸附的分子动力学研究,Longyi Chen; Congwen Qin; Gengchen Zhang; Xue Liu; Wei Zhong; Nasrin Nemati; Jiang Shao,Environmental Research,2026,10.1016/j.envres.2026.124721,0,,https://www.sciencedirect.com/science/article/pii/S0013935126010522,paper-results-PaperSearchToFile_2.json
1275167814896996355,"Polymer-Based Coatings for Cardiovascular and Endovascular Devices: Linking Surface Chemistry, Drug Release Kinetics, and Thrombo-Inflammatory Performance: A Review",用于心血管和血管内装置的聚合物基涂层：连接表面化学、药物释放动力学和血栓炎症性能：综述,Rasit Dinc; Nurittin Ardic,Polymers,2026,10.3390/polym18121539,0,"Polymer coatings are integral to nearly every modern cardiovascular and endovascular device, including drug-eluting stents (DESs) and drug-coated balloons (DCBs), bioabsorbable vascular scaffolds (BVSs), occluders, grafts, and catheter and guidewire hydrophilic surfaces. Persistent complications, including late stent thrombosis, delayed endothelialization, hypersensitivity, and restenosis, show that coatings actively shape biological responses rather than acting as inert drug carriers. Their sur",https://www.mdpi.com/2073-4360/18/12/1539,paper-results-PaperSearchToFile_1.json
1283599996897198082,Self-Healing Antifouling Hydrogel Sensors Enabling Long-Term Monitoring of Potassium Ions in Marine Environments,,Wenjing Tai; Xianghua Zeng; Weichen Meng; Xuning Liu; Wanting Xia; ZhanFeng Li; Gastón A. Crespo; Xiliang Luo,ACS Sensors,2026,10.1021/acssensors.6c01238,0,Self-healing antifouling hydrogel sensors for long-term K+ monitoring in marine environments; antifouling electrode surface design.,,inline_search_batch11
7390013669,Synthesis and application of indole esters derivatives containing acrylamide group as antifouling agents,含丙烯酰胺基团吲哚酯衍生物防污剂的合成与应用,Chunhua Ni; Guobo Chen; Xia Li; Haizhou Zhao; Liangmin Yu,Chemical Physics Letters,2021,10.1016/j.cplett.2021.138994,16,"Two new indole ester derivatives containing acrylamide group were synthesized by Michael addition reaction and Friedel-Crafts reaction based on 5-bromo-1H-indole. The synthesized compounds were characterized by 1H Nuclearmagnetic Resonance Spectroscopy (1HNMR) and Fourier Transform Infrared spectroscopy (FTIR). In the step of the Friedel-Crafts reaction, the optimum process conditions were determined as that the catalyst was AlCl3, the reaction time was 3 days and the reaction temperature was 25 ◦C. The results of minimal inhibitory concentration (MIC) of synthesized compounds showed that the ",https://doi.org/10.1016/j.cplett.2021.138994,pdf_collection_2026-09
770280053,"Eco-friendly quaternary ammonium modified PDMS coatings with integrated anti-bacterial, anti-algae, and marine anti-fouling properties",兼具抗菌、抗藻与海洋防污性能的环保型季铵盐改性PDMS涂层,Zhuorui Wu; Xiang Chen; Zhifeng Hao; Xiaonan Huang; Jiada Cui; Hongyu Yang; Mohamed S. Selim; Jian Yu,Surface and Coatings Technology,2025,10.1016/j.surfcoat.2025.132211,27,"As the ecological risks associated with the use of copper and booster biocides in anti-fouling coatings become increasingly apparent, the design and development of environmentally friendly marine anti-fouling coatings present novel challenges. In this study, we developed a polyurethane (PU) modified polydimethylsiloxane (PDMS) copolymer (PDMS-PU) and then quaternized the copolymer using four brominated alkanes with varying carbon chain lengths. The soft segment PDMS, hard segments N-methyldiethanolamine (MDEA) and isophorone diisocyanate (IPDI), and strong cross-linked hydrogen bonds ensure th",https://doi.org/10.1016/j.surfcoat.2025.132211,pdf_collection_2026-09
4145618260,"Formation, structure and antibacterial activities of silazane networks grafted with poly(ethylene glycol) branches",聚乙二醇支链接枝硅氮烷网络的形成、结构与抗菌活性,François-Xavier Perrin; Thi Dieu Hang Nguyen; Dinh Lam Nguyen,Progress in Organic Coatings,2015,10.1016/j.porgcoat.2015.06.022,23,"The aim of this investigation was to develop coating materials based on poly(ethylene glycol) (PEG) covalently grafted onto silazane polymers for marine antifouling applications. The optimum conditions for grafting PEG were deﬁned to have a high selectivity toward oleﬁn hydrosilylation. Thick crack-free ﬁlms were obtained by curing at room temperature of the PEG grafted silazane precursors. The solidiﬁca- tion process has been investigated by FTIR spectroscopy, 29Si NMR in the solid state, thermogravimetric analysis (TGA) as well as elemental analysis. The main reactions that occur during curi",https://doi.org/10.1016/j.porgcoat.2015.06.022,pdf_collection_2026-09
2331407022,Polydimethyl siloxane coatings with superior antibiofouling efficiency in laboratory and marine conditions,在实验室与海洋条件下具有优异抗生物污损效率的聚二甲基硅氧烷涂层,Danail Akuzov; Todorka Vladkova; Galya Zamfirova; Valentin Gaydarov; Matheus Vieira Nascimento; Nadine Szeglat; Ingo Grunwald,Progress in Organic Coatings,2017,10.1016/j.porgcoat.2016.10.028,33,"Aim of this investigation was to demonstrate in laboratory and ﬁeld experiments, the ability of relevantly selected non-ionic surfactant, non-toxic antioxidant and their combinations to reduce sharply marine bioﬁlm development on polysiloxane coatings totally preventing marine macro-fouling on slowly moving and static immersed surfaces. Their superior antifouling properties: reduced to zero mussel and algae adhesion, as well as multi- species macro-fouling, and 6–10 folds reduced marine bioﬁlm, were attributed to a formation of a thin, plane, “bioactive” surface layer. Its excellent anti-biofo",https://doi.org/10.1016/j.porgcoat.2016.10.028,pdf_collection_2026-09
5650417700,Amphiphilic zwitterionic-PDMS-based surface-modifying additives to tune fouling-release of siloxane-polyurethane marine coatings,用于调控硅氧烷-聚氨酯海洋涂层污损释放性能的两亲性两性离子PDMS表面改性添加剂,AliReza Rahimi; Shane J. Stafslien; Lyndsi Vanderwal; John A. Finlay; Anthony S. Clare; Dean C. Webster,Progress in Organic Coatings,2020,10.1016/j.porgcoat.2020.105931,35,"Amphiphilic coatings have shown promising performance for marine applications to deter and limit biofouling. Hydrophobic marine coatings are unable to deter marine organisms that prefer hydrophobic surfaces for set­ tlements, thus a series of amphiphilic additives were prepared and introduced to a hydrophobic system to attain surface amphiphilicity and improved performance without changing the base matrix. In this work, we report the successful synthesis of amphiphilic additives where highly incompatible blocks of hydrophobic poly­ dimethylsiloxane (PDMS) and hydrophilic poly(sulfobetaine meth",https://doi.org/10.1016/j.porgcoat.2020.105931,pdf_collection_2026-09
9614424098,Assessment of antifouling efficacy of polyhedral oligomeric silsesquioxane based poly (urea-urethane-imide) hybrid membranes,多面体低聚倍半硅氧烷基聚（脲-氨酯-酰亚胺）杂化膜的防污性能评估,P. Ajit Walter; T. Muthukumar; B.S.R. Reddy,Letters in Applied Microbiology,2015,10.1111/lam.12457,9,"A series of polyhedral oligomeric silsesquioxane (POSS) based poly(urea– urethane–imide) (PUUI-POSS) membranes were synthesized by varying the proportions of imide using 2,4-toluene diisocyanate (TDI) and bis (aminopropyl) terminated polydimethylsiloxane (PDMS). The molecular structures of poly(urea–urethane–imide)s were characterized by Attenuated total reﬂection Fourier transform infrared (ATR-FTIR) spectroscopic technique. Incorporation of imide domain and its inﬂuence on surface roughness was investigated by atomic force microscopy (AFM). Hydrophobicity of polymeric membrane surfaces was d",https://doi.org/10.1111/lam.12457,pdf_collection_2026-09
1691987788,Layer-by-Layer Click Deposition of Functional Polymer Coatings for Combating Marine Biofouling,防治海洋生物污损的功能聚合物涂层逐层点击沉积,Wen Jing Yang; Dicky Pranantyo; Koon-Gee Neoh; En-Tang Kang; Serena Lay-Ming Teo; Daniel Rittschof,Biomacromolecules,2012,10.1021/bm300757e,103,"“Click” chemistry-enabled layer-by-layer (LBL) deposition of multilayer functional polymer coatings provides an alternative approach to combating biofouling. Fouling-resistant azido-functionalized poly(ethylene glycol) methyl ether methacrylate-based polymer chains (azido-poly- (PEGMA)) and antimicrobial alkynyl-functionalized 2-(methacryloyloxy)ethyl trimethyl ammonium chloride-based polymer chains (alkynyl-poly(META)) were click-assembled layer-by-layer via alkyne−azide 1,3-dipolar cyclo- addition. The polymer multilayer coatings are resistant to bacterial adhesion and are bactericidal to ma",https://doi.org/10.1021/bm300757e,pdf_collection_2026-09
7757799129,Probing the Structural Dependence of Carbon Space Lengths of Poly(<i>N</i>-hydroxyalkyl acrylamide)-Based Brushes on Antifouling Performance,聚(N-羟基烷基丙烯酰胺)基聚合物刷碳间隔长度对防污性能的结构依赖性探究,Jintao Yang; Mingzhen Zhang; Hong Chen; Yung Chang; Zhan Chen; Jie Zheng,Biomacromolecules,2014,10.1021/bm500598a,53,"Numerous biocompatible antifouling polymers have been developed for a wide variety of fundamental and practical applications in drug delivery, biosensors, marine coatings, and many other areas. Several antifouling mechanisms have been proposed, but the exact relationship among molecular structure, surface hydration property, and antifouling performance of antifouling polymers still remains elusive. Here this work strives to provide a better understanding of the structure−property relationship of poly(N-hydroxyalkyl acrylamide)-based materials. We have designed, synthesized, and characterized a",https://doi.org/10.1021/bm500598a,pdf_collection_2026-09
4606766318,Relevance of the Hydrolysis State of Silyl Acrylate-Based Coatings on Their Antifouling Performance,硅基丙烯酸酯涂层水解状态与其防污性能的关联,Louisa Vogler; Regina Kopecz; Onur Özcan; Kelli Hunsucker; Cierra Braga; Tim Patschorke; Dylan Thomas Eggers; Geoffrey Swain; Axel Rosenhahn,ACS Applied Materials & Interfaces,2026,10.1021/acsami.5c25268,1,"Silyl (meth)acrylates represent indispensable building blocks for the synthesis of self-polishing copolymers (SPCs), with triisopropylsilyl acrylate (TiPSA) being one of the most important monomers for the fabrication of such coatings. Polymer coatings were synthesized that are based solely on TiPSA via a grafting-through polymerization, and their in situ hydrolysis behavior has been analyzed. For the in situ characterization, captive bubble contact angle (CBCA) measurements were conducted, and the mechanical properties of the different hydrolysis states were analyzed using pendulum hardness m",https://doi.org/10.1021/acsami.5c25268,pdf_collection_2026-09
5885135350,Long-term stability of PEG-based antifouling surfaces in seawater,PEG基防污表面在海水中的长期稳定性,Albert Camós Noguer; Stefan Møller Olsen; Søren Hvilsted; Søren Kiil,Journal of Coatings Technology and Research,2016,10.1007/s11998-016-9801-9,55,"Poly(ethylene glycol) (PEG) is a hydrophi- lic polymer that has been extensively used in the biomedical and marine environment due to its antifoul- ing properties. In the biomedical ﬁeld, PEG has been successfully used to functionalize surfaces due to its resistance to cell and nonspeciﬁc protein adsorption. However, the long-term stability of PEG has limited its use in some areas. In the shipping industry, there is a great need for long-term solutions to keep the hulls of the ships fouling-free. The long-term stability of PEG in polydimethylsiloxane (PDMS) fouling-release coat- ings is studie",https://doi.org/10.1007/s11998-016-9801-9,pdf_collection_2026-09
8565072660,Synthesis of eugenol ester-based sily-acrylate polymer and its antifouling properties,丁香酚酯基硅基丙烯酸酯聚合物的合成及其防污性能,,,2024,10.1007/s11998-,,"Marine biofouling has caused huge eco- nomic and energy losses, and the application of marine antifouling coatings is one of the effective solutions to this problem. Sily-acrylate based self-polishing coatings are favored because of excellent antifouling perfor- mance. However, weak static antifouling performance restricts the development of sily-acrylate based antifouling coatings. To solve this problem, an eugenol ester-based sily-acrylate polymer (EMSPs) is synthe- sised, which showed both self-polishing and antifouling performance. The highest content of eugenol (EMSP- 16) inhibits Staphyl",https://doi.org/10.1007/s11998-,pdf_collection_2026-09
6817661624,Slime-resistant marine anti-biofouling coating with PVP-based copolymer in PDMS matrix,PDMS基体中PVP基共聚物抗黏液型海洋抗生物污损涂层,Weiqiang Zhao; Jing Yang; Hongshuang Guo; Tong Xu; Qingsi Li; Chiyu Wen; Xiaojie Sui; Cunguo Lin; Jinwei Zhang; Lei Zhang,Chemical Engineering Science,2019,10.1016/j.ces.2019.06.042,63,"Poly(dimethylsiloxane) (PDMS) has been widely used as the fouling-release coatings due to its low sur- face energy. However, for marine anti-biofouling applications, current PDMS-based materials with hydrophobic property still suffer from marine slime attachment. Therefore, the design of novel amphiphi- lic coatings by modifying PDMS with hydrophilic polymers has been widely explored. In this work, based on poly(N-vinylpyrrolidone) (PVP), a novel hydrophilicity-active poly(N-vinyl-2-pyrrolidone-co-methyl methacrylate-co-butyl acrylate-co- 2-hydroxyethyl methacrylate) (PNMBH) was synthesized us",https://doi.org/10.1016/j.ces.2019.06.042,pdf_collection_2026-09
4480946572,A bio-inspired liquid-like smooth copolymer coating with superior biofouling resistance and drag reduction,具有优异生物污损抗性与减阻性能的仿生类液态光滑共聚物涂层,Jianbin Zhang; Meijun Feng; Xiaotong Wu; Qiangliang Yu; Daoai Wang; Libang Feng; Yanhua Liu; Wufang Yang; Xiaowei Pei; Feng Zhou,Surface and Coatings Technology,2024,10.1016/j.surfcoat.2024.131547,11,"The marine biofouling and fluid resistance have a detrimental impact on underwater vehicles. It is essential to develop functional material integrated with both antifouling and drag reduction effects for maritime trans­ portation and navigation. Herein, to avoid the disadvantages of common slippery liquid-infused surfaces, such as the complexity of preparation micro/nanopores and the depletion of the lubricant layer, the novel liquid-like coating was fabricated by integrating the synthesized long chain organosilicon monomer (HPSM) to the self- polishing polymer chains. It is that the ingenious",https://doi.org/10.1016/j.surfcoat.2024.131547,pdf_collection_2026-09
4677710496,Applications of zwitterionic polymers,两性离子聚合物的应用,Liuchun Zheng; Harihara S. Sundaram; Zhiyong Wei; Chuncheng Li; Zhefan Yuan,Reactive and Functional Polymers,2017,10.1016/j.reactfunctpolym.2017.07.006,261,"Zwitterionic polymers are characterized with equal anion and cation groups on the molecular chains, which make them highly hydrophilic and antifouling. They can resist nonspeciﬁc protein adsorption, bacterial adhe- sion, and bioﬁlm formation. Therefore, they have great potential to be applied in a wide range of biological and medical related ﬁelds, such as antifouling coatings of biomedical implants, blood contacted sensor and drug delivery in vivo, separation membrane and marine coatings. The review mainly focuses on the progress of those applications of zwitterionic polymers on the molecular",https://doi.org/10.1016/j.reactfunctpolym.2017.07.006,pdf_collection_2026-09
5761876506,Development of a mechanically robust silicon-based cross-linking polymer for the sustainable marine antifouling coatings,面向可持续海洋防污涂层的机械坚固硅基交联聚合物开发,Xiaowei An; Jiannan Cheng; Qi Li; Jiyun Tang; Zongkui Li; Liwei Liu; Hui Yang; Chunyang Wei,Sustainable Materials and Technologies,2024,10.1016/j.susmat.2024.e01015,7,"Silicone-based fouling release coatings (FRCs) have shown great promise as an environmentally friendly anti- fouling technology, while inferior mechanical properties and insufficient substrate adhesion have hindered their further application. We focused on enhancing the mechanical robustness of silicone-based coating through the synergistic effects of hydrogen bonding, π-π aromatic interaction and covalent bonding. The resulting silicone- based coating displayed a low surface energy of 23 mJ/m2 and improved mechanical strength and substrate adhesion, offering values up to 6.4 MPa (9.1 times hi",https://doi.org/10.1016/j.susmat.2024.e01015,pdf_collection_2026-09
7107304674,Research progress of environmentally friendly degradable marine antifouling coatings,环境友好可降解海洋防污涂层研究进展,Lian-chao Wang; Baihua Yuan; Lu-Wen Zhang,Journal of Ocean Engineering and Science,2025,10.1016/j.joes.2025.08.011,4,"Marine biofouling, i.e., the attachment of biomaterial on the surfaces of submerged objects, has long been a serious hazard to marine economies and ecosystems. Environmentally friendly degradable antifouling coatings developed in the last decade or so can efficiently replace traditional toxic antifouling coatings based on the following advantages: full degradability, non-discriminatory resistance to fouling, low addition of antifouling agents, and high compatibility with other antifouling mechanisms. However, current research and few available reviews neglect the degradation reaction kinetics ",https://doi.org/10.1016/j.joes.2025.08.011,pdf_collection_2026-09
5605602126,"Leveraging Polymeric Design for Marine Anti‐Biofouling: Mechanism, System, and Future",利用聚合物设计实现海洋抗生物污损：机理、体系与未来,Yinjie Huang; Bohao Dou; Zhenqiang Zhang; Guangzhao Zhang; Chunfeng Ma,Advanced Materials,2025,10.1002/adma.202518234,13,,https://doi.org/10.1002/adma.202518234,pdf_collection_2026-09
9922884029,Advances in polymers for anti-biofouling surfaces,抗生物污损表面聚合物研究进展,Sitaraman Krishnan; Craig J. Weinman; Christopher K. Ober,Journal of Materials Chemistry,2008,10.1039/b801491d,783,,https://doi.org/10.1039/b801491d,pdf_collection_2026-09
4385480070,rsc.li/soft-matter-journal,rsc.li/soft-matter-journal,,,2019,,,,,pdf_collection_2026-09
3756791263,Mussel-inspired polymeric coatings with the antifouling efficacy controlled by topologies,拓扑结构调控防污效率的贻贝仿生聚合物涂层,Chenxi Xiong; Wenjuan Xiong; Youbing Mu; Danfeng Pei; Xiaobo Wan,Journal of Materials Chemistry B,2022,10.1039/d2tb01851a,15,,https://doi.org/10.1039/d2tb01851a,pdf_collection_2026-09
8277296461,Improved Antifouling Properties of Polydimethylsiloxane Films via Formation of Polysiloxane/Polyzwitterion Interpenetrating Networks,通过构建聚硅氧烷/聚两性离子互穿网络改善聚二甲基硅氧烷薄膜的防污性能,Alexander Dundua; Steffen Franzka; Mathias Ulbricht,Macromolecular Rapid Communications,2016,10.1002/marc.201600473,46,,https://doi.org/10.1002/marc.201600473,pdf_collection_2026-09
4328539803,Amphiphilic Zwitterionic Acrylate/Methacrylate Copolymers for Marine Fouling-Release Coatings,用于海洋污损释放涂层的两亲性两性离子丙烯酸酯/甲基丙烯酸酯共聚物,Florian Koschitzki; Robin Wanka; Lennart Sobota; Harrison Gardner; Kelli Z. Hunsucker; Geoffrey W. Swain; Axel Rosenhahn,Langmuir,2021,10.1021/acs.langmuir.1c00428,38,Methacrylate and acrylate monomers are popular building blocks for antifouling (AF) and fouling-release (FR) coatings to counteract marine biofouling. They are used in various combinations and often combined into amphiphilic materials. This study investigated the FR properties of amphiphilic ethylene glycol dicyclopentenyl ether acrylate (DCPEA) and the corresponding methacrylate (DCPEMA) blended with 5 wt % zwitterionic carboxybetaine acrylate (CBA) and the corresponding methacrylate (CBMA). A series of (co)polymers with diﬀerent acrylate/methacrylate compositions were synthesized and tested ,https://doi.org/10.1021/acs.langmuir.1c00428,pdf_collection_2026-09
8800610232,Polymer-Based Marine,基于聚合物的海洋,,,2026,10.1146/annurev-chembioeng-,,"In marine industries, the accumulation of organic matter and marine or- ganisms on ship hulls and instruments limits performance, requiring fre- quent maintenance and increasing fuel costs. Current coatings technology to combat this biofouling relies heavily on the use of toxic, biocide-containing paints. These pose a serious threat to marine ecosystems, affecting both tar- get and nontarget organisms. Innovation in the design of polymers offers an excellent platform for the development of alternatives, but the creation of a broad-spectrum, nontoxic material still poses quite a hurdle for rese",https://doi.org/10.1146/annurev-chembioeng-,pdf_collection_2026-09
9334324113,Degradable Vinyl Polymers for Combating Marine Biofouling,用于防治海洋生物污损的可降解乙烯基聚合物,Jiansen Pan; Xiaoqing Ai; Chunfeng Ma; Guangzhao Zhang,Accounts of Chemical Research,2022,10.1021/acs.accounts.2c00187,139,,https://doi.org/10.1021/acs.accounts.2c00187,pdf_collection_2026-09
6189202168,Anti-fouling behavior of polymer brush immobilized surfaces,聚合物刷固定化表面的防污行为,Yuji Higaki; Motoyasu Kobayashi; Daiki Murakami; Atsushi Takahara,Polymer Journal,2016,10.1038/pj.2015.137,178,,https://doi.org/10.1038/pj.2015.137,pdf_collection_2026-09
6631352037,Designs of zwitterionic polymers,两性离子聚合物的设计,Yung Chang,Journal of Polymer Research,2022,10.1007/s10965-022-03041-2,54,"Zwitterionic polymers have become a kind of potential biomaterial system used to design nonfouling interfaces between general materials and biological environments. This antifouling polymer system is inspired by biology, especially due to the presence of zwitterions or alternately charged groups on cell membranes and protein surfaces. Previous systematic studies have shown that the zwitterionic polymer system can exhibit excellent anti-adsorption, anti-coagulation, anti-adhesion and anti-attachment functions for biological components such as human proteins, blood cells, tissue cells, general b",https://doi.org/10.1007/s10965-022-03041-2,pdf_collection_2026-09
4773562155,Waterborne polysiloxane–urethane–urea for potential marine coatings,面向潜在海洋涂层应用的水性聚硅氧烷-氨酯-脲,Mohammad Mizanur Rahman; Ho-Hwan Chun; Hyun Park,Journal of Coatings Technology and Research,2010,10.1007/s11998-010-9307-9,49,"Waterborne polysiloxane–urethane–ureas (WBPSUU) were prepared through a prepolymer process using siloxane polyol, namely poly- dimethylsiloxane (PDMS) and polyether polyol, namely poly(tetramethyleneoxide glycol) (PTMG) as the soft segments. The goal of this study was to explore the potential use of polysiloxane–urethane–urea in marine coatings in order to boost the ﬂexibility, adhesion, erosion, and foul-release property with respect to PDMS/PTMG ratio (PDMS wt%). The structural elucidation of the synthesized waterborne polyurethane and WBPSUU was carried out by FTIR, 1H NMR, and 29Si NMR spe",https://doi.org/10.1007/s11998-010-9307-9,pdf_collection_2026-09
5115374852,Study on the acrylate coating with chemically bonded functional group for antiseawater bioadhesion,化学键合官能团丙烯酸酯涂层抗海水生物黏附研究,Jin Pan; Ye Liu; Xuanyu Shentu; Dafu Wei; Yachao Jiang; Yong Guan; Anna Zheng; Xiang Xu,Journal of Coatings Technology and Research,2022,10.1007/s11998-021-00581-y,1,"The adhesion foundation of seawater organ- isms can be eliminated by killing the bacteria on the surface of objects in seawater. Thus, 4-bromo-2-(4- chlorophenyl)-5-(triﬂuoromethyl)-1H-pyrrole-3-car- bonitrile (Econea) was selected as the core functional group to conduct the solution grafting reaction with the epoxy-containing acrylate copolymer (EA) to yield the marine antifouling paint, EA–Econea. UV absorption spectrum, Fourier transform infrared spectrum (FTIR) and energy dispersive spectrometer (EDS) analyses veriﬁed that Econea was exactly bonded to the EA molecular chain. Furthermore, t",https://doi.org/10.1007/s11998-021-00581-y,pdf_collection_2026-09
1249370323,Polymer brush coatings for combating marine biofouling,防治海洋生物污损的聚合物刷涂层,Wen Jing Yang; Koon-Gee Neoh; En-Tang Kang; Serena Lay-Ming Teo; Daniel Rittschof,Progress in Polymer Science,2014,10.1016/j.progpolymsci.2014.02.002,489,"A variety of functional polymer brushes and coatings have been developed for com- bating marine biofouling and biocorrosion with much less environmental impact than traditional biocides. This review summarizes recent developments in marine antifoul- ing polymer brushes and coatings that are tethered to material surfaces and do not actively release biocides. Polymer brush coatings have been designed to inhibit molecu- lar fouling, microfouling and macrofouling through incorporation or inclusion of multiple functionalities. Hydrophilic polymers, such as poly(ethylene glycol), hydrogels, zwitteri",https://doi.org/10.1016/j.progpolymsci.2014.02.002,pdf_collection_2026-09
9714941384,Anti-fouling amphiphilic surfaces from norbornene-based fluorinated copolymers with excellent mechanical properties,具有优异力学性能的降冰片烯基含氟共聚物两亲性防污表面,Zhilu Gao; Xuan Zhao; Guangzeng Luo; Wen Yang; Wenqi Zhang; Hang Wang; Chuanyong Zong; Lan Lei; Hui Li,Progress in Organic Coatings,2024,10.1016/j.porgcoat.2024.108361,5,"Amphiphilic coatings have garnered significant attention in the realm of fouling resistance due to their potential to reduce fouling adhesion and enhance fouling release. However, developing anti-fouling amphiphilic surfaces with robust mechanical properties remains a formidable challenge. Herein, a series of norbornene-based amphiphilic copolymers (PNPFE-PEG-x) with varying NPEG mass fractions (0–50 wt%) were well-designed and fabricated via living ring-opening metathesis polymerization (ROMP) employing norbornene-based fluori­ nated monomer (NPFE) and poly(ethylene glycol) (NPEG) monomer. Th",https://doi.org/10.1016/j.porgcoat.2024.108361,pdf_collection_2026-09
9288499481,Effective Fabrication and Characterization of Eco-friendly Nano Chitosan Capped Zinc Oxide Nanoparticles for Effective Marine Fouling Inhibition,用于高效抑制海洋污损的环保型壳聚糖包覆氧化锌纳米颗粒的制备与表征,Hend Al-aidy El-saied; Ahmed Mohammed Ibrahim,Journal of Environmental Chemical Engineering,2020,10.1016/j.jece.2020.103949,46,"Since the inhibition of organotin as antifouling additives in 2003, many scientists direct their eﬀorts to develop novel environment-friendly marine antifouling additives. This work declares and evaluates the antifouling ac- tivity of Nano chitosan capped ZnO nanoparticles against primary bioﬁlm and biofouling. Chitosan nanoparticles were prepared from the shrimp shell obtained, which will be environmentally friendly and will have no adverse eﬀects on the environment's antialgal, antimicrobial and antifungal characteristics. Using co-precipitation method, the present study manages synthesis an",https://doi.org/10.1016/j.jece.2020.103949,pdf_collection_2026-09
8915996322,"A marine coating: Self-healing, stable release of Cu2+, anti-biofouling",一种海洋涂层：自修复、Cu2+稳定释放与抗生物污损,Liuqin Zhang; Huali Li; Xiaohu Zhang; Qiuping Li; Guangyu Zhu; Fa-Qian Liu,Marine Pollution Bulletin,2023,10.1016/j.marpolbul.2023.115524,15,"We developed a marine coating consisting of Cu-MOF-74, multi-walled carbon nanotube containing carboxyl groups (MWCNT-COOH) and self-healing polymers, which simultaneously possesses self-healing and anti- biofouling properties. Cu-MOF-74 can stably release Cu2+ by virtue of the coordination dissociative mecha­ nism. Studies have proved that MWCNT can inhibit the growth of bacteria, so adding the MWCNT can help to reduce the amount of the copper ions and ensure the antibacterial effect of the coating. In addition, the cross- linked network and abundant -COOH provided by the polymers and MWCNT-C",https://doi.org/10.1016/j.marpolbul.2023.115524,pdf_collection_2026-09
2058368454,Novel marine antifouling coatings inspired by corals,珊瑚启发的新型海洋防污涂层,L. Tian; Y. Yin; H. Jin; W. Bing; E. Jin; J. Zhao; L. Ren,Materials Today Chemistry,2020,10.1016/j.mtchem.2020.100294,61,"Biofouling is a major problem facing the marine industry. Since toxic antifouling coatings were banned globally due to their negative impacts on the marine environment, the development of environmental- friendly and efﬁcient antifouling coatings has been identiﬁed as a pressing need. As an alternative, the antifouling coatings inspired by corals have attracted a great deal of attention over these years. within the marine environment, corals have evolved an excellent antifouling capability. There are ﬁve major antifouling strategies applied by corals, including natural antifoulants, foul releas",https://doi.org/10.1016/j.mtchem.2020.100294,pdf_collection_2026-09
5476523776,Attachment of silver nanoparticles (AgNPs) onto thin-film composite (TFC) membranes through covalent bonding to reduce membrane biofouling,通过共价键合将银纳米颗粒(AgNPs)负载于薄膜复合(TFC)膜以减轻膜生物污损,Jun Yin; Yu Yang; Zhiqiang Hu; Baolin Deng,Journal of Membrane Science,2013,10.1016/j.memsci.2013.03.060,330,"Membrane biofouling has a negative impact on the membrane treatment performance. Silver nanoparticles (AgNPs) are well-known antimicrobial agent. Herein, AgNPs with approximately 15 nm in diameter were effectively attached to the surface of polyamide (PA) thin-ﬁlm composite (TFC) membrane via covalent bonding, with cysteamine as a bridging agent. Scanning electron microscopy (SEM), energy dispersive X-ray spectroscopy (EDS) and cross-sectional transmission electron microscopy (TEM) studies all showed the immobilization of AgNPs. Compared with the pristine TFC membrane, thiol-terminated membran",https://doi.org/10.1016/j.memsci.2013.03.060,pdf_collection_2026-09
8417547245,"Superhydrophobic, superamphiphobic and SLIPS materials as anti-corrosion and anti-biofouling barriers",作为防腐蚀与抗生物污损屏障的超疏水、超双疏及SLIPS材料,Binbin Zhang; Weichen Xu,New Journal of Chemistry,2021,10.1039/d1nj03158a,90,,https://doi.org/10.1039/d1nj03158a,pdf_collection_2026-09
6051537048,Setting an agenda for biofouling research for the marine renewable energy industry,为海洋可再生能源产业的生物污损研究设定议程,J. Loxton; A.K. Macleod; C.R. Nall; T. McCollin; I. Machado; T. Simas; T. Vance; C. Kenny; A. Want; R.G. Miller,International Journal of Marine Energy,2017,10.1016/j.ijome.2017.08.006,49,"Extensive marine growth on man-made structures in the ocean is commonplace, yet there has been limited discussion about the potential implications of marine growth for the wave and tidal energy industry. In response, the Environmental Interactions of Marine Renewables (EIMR) Biofouling Expert Workshop was convened. Discussions involved par- ticipants from the marine renewable energy (MRE) industry, anti-fouling industry, aca- demic institutions and regulatory bodies. The workshop aimed to consider both the beneﬁts and negative effects of biofouling from engineering and ecological perspectives.",https://doi.org/10.1016/j.ijome.2017.08.006,pdf_collection_2026-09
8468090265,,,,,,,,,,pdf_collection_2026-09
5357804208,The Anti-Biofouling Properties of Superhydrophobic Surfaces are Short-Lived,超疏水表面的抗生物污损性能是短暂的,Gi Byoung Hwang; Kristopher Page; Adnan Patir; Sean P. Nair; Elaine Allan; Ivan P. Parkin,ACS Nano,2018,10.1021/acsnano.8b02293,337,"Superhydrophobic surfaces are present in nature on the leaves of many plant species. Water rolls on these surfaces, and the rolling motion picks up particles including bacteria and viruses. Man-made superhydrophobic surfaces have been made in an eﬀort to reduce biofouling. We show here that the anti-biofouling property of a superhydrophobic surface is due to an entrapped air-bubble layer that reduces contact between the bacteria and the surface. Further, we showed that prolonged immersion of superhydrophobic surfaces in water led to loss of the bubble-layer and subsequent bacterial adhesion th",https://doi.org/10.1021/acsnano.8b02293,pdf_collection_2026-09
9814065603,Antifouling potentials of eight deep-sea-derived fungi from the South China Sea,南海八种深海来源真菌的防污潜力,Xiao-Yong Zhang; Xin-Ya Xu; Jiang Peng; Chun-Feng Ma; Xu-Hua Nong; Jie Bao; Guang-Zhao Zhang; Shu-Hua Qi,Journal of Industrial Microbiology and Biotechnology,2014,10.1007/s10295-014-1412-9,25,"Marine-derived microbial secondary metabo- lites are promising potential sources of nontoxic antifoul- ing agents. The search for environmentally friendly and low-toxic antifouling components guided us to investigate the antifouling potentials of eight novel fungal isolates from deep-sea sediments of the South China Sea. Sixteen crude ethyl acetate extracts of the eight fungal isolates showed distinct antibacterial activity against three marine bacteria (Loktanella hongkongensis UST950701–009, Micrococcus luteus UST950701–006 and Pseudoalteromonas piscida UST010620–005), or significant antilar",https://doi.org/10.1007/s10295-014-1412-9,pdf_collection_2026-09
2923179485,Antifouling Slippery Surface against Marine Biofouling,抵御海洋生物污损的防污滑移表面,Xin Liu; Xiaolei Gu; Yuyang Zhou; Weihao Pan; Jiyu Liu; Jinlong Song,Langmuir,2023,10.1021/acs.langmuir.3c00986,24,"Titanium and its alloys have become the most excellent structure materials for naval seawater pipelines due to their high strength and good corrosion resistance. However, marine biofouling poses a serious threat to titanium alloy piping systems because of their good biocompatibility. Recently, the biomimetic antifouling coating, a novel antifouling method, has received great attention. Here, based on this biomimetic idea, we develop a nontoxic antifouling slippery surface (AFSS) using silicone oil, silane coupling agent, nanosilica, nanoceramic coating, epoxy resin, and capsaicin. The develope",https://doi.org/10.1021/acs.langmuir.3c00986,pdf_collection_2026-09
950425811,Transition Metal Engineering of Molybdenum Disulfide Nanozyme for Biomimicking Anti-Biofouling in Seawater,二硫化钼纳米酶的过渡金属工程用于仿生海水抗生物污损,Qiang Luo; Jinyang Li; Wei Wang; Yunhong Li; Yilan Li; Xiaobing Huo; Jianbao Li; Ning Wang,ACS Applied Materials & Interfaces,2022,10.1021/acsami.2c00172,58,"Nature has evolved diverse strategies to battle surface biofouling colonization and thus provides us novel insights into designing and developing advanced nontoxic antibiofouling materials and technologies. Mimicking the defense mechanisms of natural haloperoxidases in marine algae in response to bioﬁlm colonization, here we show that the less active MoS2 shows eﬃcient haloperoxidase- mimicking activity through judicious transition metal engineering. Cobalt-doped MoS2 (Co−MoS2) displays an excellent haloperoxidase-mimicking performance in catalyzing the Br−oxidation into germicidal HOBr, rough",https://doi.org/10.1021/acsami.2c00172,pdf_collection_2026-09
2719887489,Biodegradable Polyurethane Carrying Antifoulants for Inhibition of Marine Biofouling,载带防污剂的可生物降解聚氨酯用于抑制海洋生物污损,Jielin Ma; Chunfeng Ma; Yun Yang; Wentao Xu; Guangzhao Zhang,Industrial & Engineering Chemistry Research,2014,10.1021/ie502147t,46,"Biodegradable polyurethane with N-(2,4,6-trichlorophenyl)maleimide (TCPM) pendant groups has been prepared via a combination of a thiol−ene click reaction and a condensation reaction. The TCPM moieties acting as antifoulants are released as the polyurethane degrades in the marine environment. The biodegradation and hydrolyzation of the polyurethane were investigated by use of quartz crystal microbalance with dissipation (QCM-D) and hydrolysis experiments. It shows both the enzymatic degradation rate and the hydrolyzation rate decrease with TCPM content, which facilitates increasing the duratio",https://doi.org/10.1021/ie502147t,pdf_collection_2026-09
7982375108,Marine Biofouling Resistance of Polyurethane with Biodegradation and Hydrolyzation,兼具生物降解与水解性能的聚氨酯海洋抗生物污损,Wentao Xu; Chunfeng Ma; Jielin Ma; Tiansheng Gan; Guangzhao Zhang,ACS Applied Materials & Interfaces,2014,10.1021/am4054578,114,"We have prepared polyurethane with poly(ε- caprolactone) (PCL) as the segments of the main chain and poly(triisopropylsilyl acrylate) (PTIPSA) as the side chains by a combination of radical polymerization and a condensation reaction. Quartz crystal microbalance with dissipation studies show that polyurethane can degrade in the presence of enzyme and the degradation rate decreases with the PTIPSA content. Our studies also demonstrate that polyurethane is able to hydrolyze in artiﬁcial seawater and the hydrolysis rate increases as the PTIPSA content increases. Moreover, hydrolysis leads to a hyd",https://doi.org/10.1021/am4054578,pdf_collection_2026-09
4832310456,Marine antifouling strategies: Emerging opportunities for seawater resource utilization,海洋防污策略：海水资源利用的新兴机遇,Sheng Li; Kang Feng; Jiaying Li; Yan Li; Zhengtong Li; Liangmin Yu; Xingtao Xu,Chemical Engineering Journal,2024,10.1016/j.cej.2024.149859,91,"The attachment and colonization of fouling organisms, including bacteria, algae, and invertebrates onto sub­ merged surfaces is a widespread issue known as marine biofouling. This problem has substantial implications for various aspects such as economics, environment, and ecology. The prohibition of traditional antifouling methods, such as those based on tributyltin, has been enforced due to their accumulation and high levels of toxicity. Consequently, there is an urgent demand for the development of antifouling coatings that are both environ­ mentally friendly and effective. The formation and",https://doi.org/10.1016/j.cej.2024.149859,pdf_collection_2026-09
3842583625,Degradable Polymer with Protein Resistance in a Marine Environment,海洋环境中具有抗蛋白吸附性能的可降解聚合物,Jielin Ma; Chunfeng Ma; Guangzhao Zhang,Langmuir,2015,10.1021/acs.langmuir.5b01720,36,"Protein resistance is the central issue in marine antibiofouling. We have prepared poly(ε-caprolactone) (PCL)-based polyurethane with 2-(dimethylamino) ethyl methacrylate (DEM) as pendant groups by a combination of the thiol−ene click reaction and the condensation reaction. By the use of quartz crystal microbalance with dissipation (QCM-D) and surface plasmon resonance (SPR), we have investigated the adsorption of ﬁbrinogen, bovine serum albumin (BSA), and lysozyme on the polymer surface. The polymer exhibits protein resistance in seawater but not in fresh water because DEM pendant groups carr",https://doi.org/10.1021/acs.langmuir.5b01720,pdf_collection_2026-09
4769153572,Poly(dimethylsiloxane)-Based Polyurethane with Chemically Attached Antifoulants for Durable Marine Antibiofouling,化学键合防污剂的聚二甲基硅氧烷基聚氨酯用于持久海洋抗生物污损,Qingyi Xie; Chunfeng Ma; Chao Liu; Jielin Ma; Guangzhao Zhang,ACS Applied Materials & Interfaces,2015,10.1021/acsami.5b07325,76,"Marine biofouling is a problem for marine industry and maritime activities. We have prepared polyur- ethane with poly(dimethylsiloxane) (PDMS) main chains and N-(2,4,6-trichlorophenyl) maleimide (TCM) pendant groups via a combination of a thiol−ene click reaction and a condensation reaction and studied its properties. The polymer has low surface energy and a high water contact angle. When TCM content in bulk is high enough, suﬃcient antifoulant groups can be exposed on the surface. Our study reveals that such polymeric surface can eﬀectively inhibit the adhesion and colonization of marine orga",https://doi.org/10.1021/acsami.5b07325,pdf_collection_2026-09
6284369642,Degradable Polymers for Marine Antibiofouling: Optimizing Structure To Improve Performance,用于海洋抗生物污损的可降解聚合物：优化结构以提升性能,Chunfeng Ma; Wentao Xu; Jiansen Pan; Qingyi Xie; Guangzhao Zhang,Industrial & Engineering Chemistry Research,2016,10.1021/acs.iecr.6b02917,34,"Degradable polymers have proven eﬀective for marine antibiofouling. It is important to improve their performance by optimizing their structures. We have prepared polyurethane with degradable polyester segments in the main chain and hydrolyzable poly(triisopropylsilyl acrylate) (PTSA) side chains and used it as the carrier of organic antifoulant (DCOIT). Our study demonstrates that the degradation rate of the polymer increases as the ester group density in the main chain or the length of side chain increases. On the other hand, the release rate of the organic antifoulant increases with the leng",https://doi.org/10.1021/acs.iecr.6b02917,pdf_collection_2026-09
7172369069,Environmentally Friendly Antifouling Coatings Based on Biodegradable Polymer and Natural Antifoulant,基于可生物降解聚合物与天然防污剂的环境友好防污涂层,Chunfeng Ma; Weipeng Zhang; Guangzhao Zhang; Pei-Yuan Qian,ACS Sustainable Chemistry & Engineering,2017,10.1021/acssuschemeng.7b01385,134,"Marine biofouling causes huge economic losses and serious problems to maritime industries. Consequently, there is a great demand for environmentally friendly antibiofouling technology. In the present study, we developed novel antifouling coatings by incorporating butenolide derived from marine bacteria into biodegradable poly(ε-caprolactone) based polyurethane. Measurements of mass loss indicated that the polymer was degraded in seawater and that the degradation rate increased in the presence of marine organisms or enzymes. Moreover, measured release rates indicated that butenolide could be re",https://doi.org/10.1021/acssuschemeng.7b01385,pdf_collection_2026-09
4221795419,Mini-review: Inhibition of biofouling by marine microorganisms,简明综述：海洋微生物对生物污损的抑制作用,Sergey Dobretsov; Raeid M.M. Abed; Max Teplitski,Biofouling,2013,10.1080/08927014.2013.776042,261,,https://doi.org/10.1080/08927014.2013.776042,pdf_collection_2026-09
520724137,Nanoparticles in marine antifouling coatings: a case study,海洋防污涂层中的纳米颗粒：案例研究,A A Mosunov; V P Evstigneev,Journal of Physics: Conference Series,2021,10.1088/1742-6596/2094/2/022041,7,,https://doi.org/10.1088/1742-6596/2094/2/022041,pdf_collection_2026-09
5027051624,,,,,,,,,,pdf_collection_2026-09
5292619862,Extremely durable biofouling-resistant metallic surfaces based on electrodeposited nanoporous tungstite films on steel,基于钢表面电沉积纳米多孔水钨石薄膜的超耐久抗生物污损金属表面,Alexander B. Tesler; Philseok Kim; Stefan Kolle; Caitlin Howell; Onye Ahanotu; Joanna Aizenberg,Nature Communications,2015,10.1038/ncomms9649,380,,https://doi.org/10.1038/ncomms9649,pdf_collection_2026-09
6604123590,天然产物基无铜自抛光防污涂料的制备与性能,天然产物基无铜自抛光防污涂料的制备与性能,,,2019,10.11933/j.issn.1007−9289.20181130002,,"Due to the environmental concern about traditional antifouling coatings, developing eco-friendly antifouling coatings without heavy-metal antifoulants has become the focus of current research. The surface wettability and self-polishing property of three main-chain degradable poly (zinc acrylate) copolymers were investigated by water contact angle, hydrolytic degradation and water absorption tests. The copolymers were mixed with butenolide to prepare natural product-based copper- free self-polishing marine antifouling coatings. The release behavior of butenolide and the antifouling performance ",https://doi.org/10.11933/j.issn.1007−9289.20181130002,pdf_collection_2026-09
2309791889,Molecular Mechanism of Oil-Infused Silicone Preventing Mussel Biofouling,灌油有机硅防止贻贝生物污损的分子机理,Jian He; Jiawei Li; Yihan Sun; Yuanyuan Shen; Qi Wei; Dun Zhang; Danqing Feng; Peng Wang,Research,2025,10.34133/research.0627,8,,https://doi.org/10.34133/research.0627,pdf_collection_2026-09
52762227,Anti-biofouling by degradation of polymers,基于聚合物降解的抗生物污损,Chun-feng Ma; Hong-jun Yang; Guang-zhao Zhang,Chinese Journal of Polymer Science,2012,10.1007/s10118-012-1158-7,15,"Copolymers of methyl methacrylate (MMA) and acrylate terminated poly(ethylene oxide-co-ethylene carbonate) (PEOC) macromonomer (PEOCA) were synthesized, and the degradation of the polymers was investigated by use of quartz crystal microbalance with dissipation (QCM-D). It is shown that the polymeric surface exhibits degradation in seawater depending on the content of the side chains. Field tests in seawater show that the surface constructed by the copolymer can effectively inhibit marine biofouling because it can be self-renewed due to degradation of the copolymer. Keywords: Anti-biofouling; D",https://doi.org/10.1007/s10118-012-1158-7,pdf_collection_2026-09
9530150225,Progress in Polymer-Ceramic Hybrid Antifouling Coatings,聚合物-陶瓷杂化防污涂层研究进展,Zhen-Qiang Zhang; Yin-Jie Huang; Chun-Feng Ma; Guang-Zhao Zhang,Chinese Journal of Polymer Science,2023,10.1007/s10118-023-2936-0,21,"Simultaneous realization of superior mechanical and antifouling properties is critical for a coating. The use of stereoscopic polysiloxanes in place of linear polysiloxanes to fabricate antifouling coatings can combine properties of organic and inorganic materials, i.e., they can exhibit both high hardness and wear resistance from inorganic components as well as the flexibility and tunability from organic components. This strategy is used to prepare hard yet flexible antifouling coatings or polymer-ceramic hybrid antifouling coatings. In this mini-review, we report the recent advances in this ",https://doi.org/10.1007/s10118-023-2936-0,pdf_collection_2026-09
5940238179,"Emerging Directions in Polymer Interfaces, Adhesives, and Functional Coatings",聚合物界面、胶粘剂与功能涂层的新兴方向,Jian-Jun Wang; Guang-Zhao Zhang; Shou-Ke Yan,Chinese Journal of Polymer Science,2025,10.1007/s10118-025-3399-2,0,,https://doi.org/10.1007/s10118-025-3399-2,pdf_collection_2026-09
1022050173,Review on formation of biofouling in the marine environment and functionalization of new marine antifouling coatings,海洋环境中生物污损的形成及新型海洋防污涂层功能化综述,Zhihao Liu; Xiangyu Zheng; Haiwei Zhang; Wenyao Li; Rijia Jiang; Xing Zhou,Journal of Materials Science,2022,10.1007/s10853-022-07791-8,103,"With the development of society, industry, agriculture, and other production activities are changing with each passing day. The primary mode of trans- portation in international trade is by ship. Due to the complex environment and biodiversity of the sea, ship surfaces are often corroded due to microorganisms, algae, shellﬁsh, and other factors. The hydraulic conditions during the operation of the ship are also affected, increasing energy consumption. Thus, ships need to stop regularly for surface cleaning to prevent greater losses, but there are eco- nomic losses and human and material resour",https://doi.org/10.1007/s10853-022-07791-8,pdf_collection_2026-09
1667571841,Understanding biofouling and contaminant accretion on submerged marine structures,认识水下海洋结构物上的生物污损与污染物积聚,Paton Vuong; Allan McKinley; Parwinder Kaur,npj Materials Degradation,2023,10.1038/s41529-023-00370-5,81,,https://doi.org/10.1038/s41529-023-00370-5,pdf_collection_2026-09
8500539839,Chemical signaling in biofilm-mediated biofouling,生物膜介导生物污损中的化学信号传导,Xiaobo Liu; Ling Zou; Boqiao Li; Patrick Di Martino; Daniel Rittschof; Jin-Long Yang; James Maki; Weijie Liu; Ji-Dong Gu,Nature Chemical Biology,2024,10.1038/s41589-024-01740-z,56,,https://doi.org/10.1038/s41589-024-01740-z,pdf_collection_2026-09
6707331030,Anti-Biofouling Features of Eco-Friendly Oleamide–PDMS Copolymers,环保型油酰胺-PDMS共聚物的抗生物污损特性,Eunseok Seo; Myeong Ryun Seong; Ji Woong Lee; Heejin Lim; Jiwon Park; Hyungbin Kim; Hyundo Hwang; Dohoon Lee; Jiho Kim; Gwang Hoon Kim,ACS Omega,2020,10.1021/acsomega.0c00633,30,"The biofouling of marine organisms on a surface induces serious economic damage. One of the conventional anti-biofouling strategies is the use of toxic chemicals. In this study, a new eco-friendly oleamide− PDMS copolymer (OPC) is proposed for sustainable anti-biofouling and eﬀective drag reduction. The anti-biofouling characteristics of the OPC are investigated using algal spores and mussels. The proposed OPC is found to inhibit the adhesion of algal spores and mussels. The slippery features of the fabricated OPC surfaces are examined by direct measurement of pressure drops in channel ﬂows. T",https://doi.org/10.1021/acsomega.0c00633,pdf_collection_2026-09
313754314,Eco-friendly erucamide–polydimethylsiloxane coatings for marine anti-biofouling,用于海洋抗生物污损的环保型芥酸酰胺-聚二甲基硅氧烷涂层,Eunseok Seo; Ji Woong Lee; Dohoon Lee; Myeong Ryun Seong; Gwang Hoon Kim; Dong Soo Hwang; Sang Joon Lee,Colloids and Surfaces B: Biointerfaces,2021,10.1016/j.colsurfb.2021.112003,34,"Marine biofouling of ship hulls and ocean structures causes enormous economic losses due to increased frictional drag. Thus, efforts have been exerted worldwide to eliminate biofouling. In addition, a strong demand exists for the development of a cost-effective and eco-friendly anti-biofouling coating technology. Thus, erucamide- polydimethylsiloxane (EP) coating is proposed in this study. EP exhibits a hydrophobic surface as the eruca­ mide content and drag reduction effect increase. In this study, the drag reduction effect of the EP 2.5 is better than that of glass and polydimethylsiloxane (",https://doi.org/10.1016/j.colsurfb.2021.112003,pdf_collection_2026-09
9423218889,Designing Bioinspired Anti‐Biofouling Surfaces based on a Superwettability Strategy,基于超润湿性策略的仿生抗生物污损表面设计,Pengchao Zhang; Ling Lin; Dongmian Zang; Xinglin Guo; Mingjie Liu,Small,2016,10.1002/smll.201503334,207,,https://doi.org/10.1002/smll.201503334,pdf_collection_2026-09
3138687129,One‐Component Stereoscopic Oligosiloxane–Based Polyurea Radiative Cooling Coatings,单组分立体构型低聚硅氧烷基聚脲辐射制冷涂层,Wenhui Zhou; Zhipeng Zhang; Shuo Sun; Ziyang Zeng; Chunfeng Ma; Guangzhao Zhang,Small,2025,10.1002/smll.202504187,5,,https://doi.org/10.1002/smll.202504187,pdf_collection_2026-09
3579708391,Development of a Robust Slippery Liquid-Infused Porous Surface with Grafted Polymer Brushes and Its Anti-Biofouling Applications in Marine Engineering,接枝聚合物刷的高稳定性滑移液灌注多孔表面开发及其在海洋工程中的抗生物污损应用,Dizhu Yue; Xuzhou Jiang; Hongying Yu; Dongbai Sun,ACS Applied Polymer Materials,2023,10.1021/acsapm.3c00667,12,"It is difficult for any marine engineering equipment to avoid the impact of biofouling. Especially, for engineering equipment made of titanium with a high biocompatibility, biofouling is a thorny problem. The outstanding anti- biofouling properties of the slippery liquid-infused porous surfaces (SLIPSs) and the grafted polydimethylsiloxane (gPDMS) brush surfaces have attracted the attention of researchers. However, the durability and stability of the conventional SLIPSs and the wear resistance of gPDMS are insufficient and should be improved. In this work, PDMS molecule brushes were grafted on",https://doi.org/10.1021/acsapm.3c00667,pdf_collection_2026-09
8942780729,The anti-biofilm activity secreted by a marine<i>Pseudoalteromonas</i>strain,一株海洋假交替单胞菌分泌的抗生物膜活性物质,Géraldine L. Klein; Emmanuelle Soum-Soutéra; Zakoua Guede; Alexis Bazire; Chantal Compère; Alain Dufour,Biofouling,2011,10.1080/08927014.2011.611878,41,,https://doi.org/10.1080/08927014.2011.611878,pdf_collection_2026-09
3193972508,High-Performance Polyurea Improved by Reactive Nanocluster for Antibiofouling,活性纳米簇改良的高性能抗生物污损聚脲,Man Wang; Zhipeng Zhang; Qingyi Xie; Jiansen Pan; Chunfeng Ma; Guangzhao Zhang,ACS Applied Materials & Interfaces,2024,10.1021/acsami.4c02070,12,"Polyurea has found applications in protective coatings. Yet, the too fast polymerization and lack of functions limit its application. Herein, we report a high- performance polyurea via the stepwise polymerization of an isocyanate (NCO)-terminated prepolymer consisting of poly(propylene glycol)-block-poly(ethylene glycol)-block-poly- (propylene glycol) (PPG-b-PEG-b-PPG) with a nanocluster synthesized via the hydrolysis of N-phenylaminomethyltriethoxysilane. Such a nanocluster contains low-reactivity secondary amines, so the polymerization of polyurea can be slowed down (over 1 h), which improve",https://doi.org/10.1021/acsami.4c02070,pdf_collection_2026-09
8147817450,Facile Synthesis of a Phosphorylcholine-Based Zwitterionic Amphiphilic Copolymer for Anti-Biofouling Coatings,用于抗生物污损涂层的磷酰胆碱基两性离子两亲性共聚物的简便合成,Kellie Seetho; Shiyi Zhang; Kevin A. Pollack; Jiong Zou; Jeffery E. Raymond; Edgar Martinez; Karen L. Wooley,ACS Macro Letters,2015,10.1021/mz500818c,33,"An antibiofouling polymer coating, combined with both zwitterionic and amphiphilic features, is engineered by a two-step modiﬁcation of a commodity polymer. The surface properties of the resultant polymer coating can be easily tuned by varying the extent of cross-linking in the network. Higher antibiofouling eﬃciency was observed for these surfaces vs. an elastomeric polydimethylsiloxane standard (Sylgard 184) against the adsorption of biomacromolecules and a marine fouling organism (Ulva zoospores) has been demonstrated. This design establishes a platform for the achievement of functionalized",https://doi.org/10.1021/mz500818c,pdf_collection_2026-09
9569356599,Self-Cross-Linking Degradable Polymers for Antifouling Coatings,用于防污涂层的自交联可降解聚合物,Qianni Xie; Xi Zhou; Chunfeng Ma; Guangzhao Zhang,Industrial & Engineering Chemistry Research,2017,10.1021/acs.iecr.7b00557,29,"Degradable polymers with protein resistance can ﬁnd applications in antibiofouling. We have prepared copolymer of 2-methylene-1,3-dioxepane (MDO), 2-(dimethy- lamino) ethyl methacrylate (DEM) and 3-(methacryloxyprop- yl) trimethoxysilane (KH570) via radical ring-opening polymerization, where MDO, DEM, and KH570 make the polymer degradable, protein resistant and self-cross-linkable, respectively. Our studies demonstrate that the self-cross-linking signiﬁcantly improves the coating ability of the polymer with controlled biodegradation in seawater. We have investigated the adsorption of ﬁbrinogen",https://doi.org/10.1021/acs.iecr.7b00557,pdf_collection_2026-09
9849987190,Biodegradable Polymer with Hydrolysis-Induced Zwitterions for Antibiofouling,水解生成两性离子的可生物降解聚合物用于抗生物污损,Qingyi Xie; Qianni Xie; Jiansen Pan; Chunfeng Ma; Guangzhao Zhang,ACS Applied Materials & Interfaces,2018,10.1021/acsami.8b00962,103,"Persistent protein resistance is critical for marine antibiofouling. We have prepared copolymer of 2- methylene-1,3-dioxepane (MDO), tertiary carboxybetaine ester (TCB), and 7-methacryloyloxy-4-methylcoumarin (MAMC) via radical ring-opening polymerization, where MDO, TCB, and MAMC make the polymer degradable, protein resistible, and photo-cross-linkable, respectively. Our study shows that the polymer can well adhere to the substrate with controlled degradation and water adsorption rate in artiﬁcial seawater (ASW). Particularly, the polymer ﬁlm can generate zwitterions via surface hydrolysis in",https://doi.org/10.1021/acsami.8b00962,pdf_collection_2026-09
1252515157,Hybrid Copolymerization of ε-Caprolactone and Methyl Methacrylate,ε-己内酯与甲基丙烯酸甲酯的杂化共聚合,Hongjun Yang; Jinbao Xu; Stergios Pispas; Guangzhao Zhang,Macromolecules,2012,10.1021/ma300291q,124,"Copolymerization of ε-caprolactone and methyl methacrylate with (1-tert-butyl-4,4,4-tris(dimethylamino)-2,2-bis[tris(dimethylamino)- phophoranylidenamino]-2Λ5,Λ5-catenadi(phosphazene) (t-BuP4) as the catalyst has been studied. Nuclear magnetic resonance (NMR) and diﬀerential scanning calorimetry (DSC) measurements indicate that the cyclic ester and vinyl monomer form a random copolymer. Thermogravimetric analysis (TGA) measurements demonstrate that such a random copolymer exhibits a decomposition temperature higher than those of the corresponding homopolymers. The present study reveals a “hybr",https://doi.org/10.1021/ma300291q,pdf_collection_2026-09
7582456262,Live membrane filters with immobilized quorum quenching bacterial strains for anti-biofouling,固定化群体感应淬灭菌株的活膜过滤器用于抗生物污损,Syed Salman Ali Shah; Kibeak Lee; Hyeona Park; Kwang-Ho Choo,Journal of Membrane Science,2022,10.1016/j.memsci.2021.119895,29,"Membrane filters are core materials for water treatment, reuse, and desalination. However, their fouling caused by biofilm growth is a major challenge, needing resolution. Here, we report the new strategies and efficacy of anti-biofouling membranes fabricated through the immobilization of quorum quenching (QQ) bacterial strains (Rhodococcus sp. BH4). The QQ cells are not attached to the membrane by direct phase inversion. However, they anchor to the membrane with its incubation in the presence of hydrophilic polymers (polyvinyl alcohol and alginate) as evidenced in the spectroscopic and morpho",https://doi.org/10.1016/j.memsci.2021.119895,pdf_collection_2026-09
9029222347,Anionic Hybrid Copolymerization of Sulfur with Acrylate: Strategy for Synthesis of High-Performance Sulfur-Based Polymers,硫与丙烯酸酯的阴离子杂化共聚合：高性能含硫聚合物合成策略,Hongjun Yang; Jinfeng Huang; Yiye Song; Hongxin Yao; Wenyan Huang; Xiaoqiang Xue; Li Jiang; Qimin Jiang; Bibiao Jiang; Guangzhao Zhang,Journal of the American Chemical Society,2023,10.1021/jacs.3c04746,72,"Copolymerization of elemental sulfur (S8) with vinyl monomers to develop new polymer materials is significant. Here, for the first time, we report the anionic hybrid copolymerization of S8 with acrylate at 25 °C, yielding a copolymer with short polysulfide segments; i.e., each of them consists of only one to four sulfur atoms. The formation of a longer polysulfide segment would be ceaselessly disrupted by carbon anions through the chain-transfer reaction. The copolymer of S8 with diacrylate was cross-linked and exhibited excellent mechanical properties, with an ultimate tensile strength as hig",https://doi.org/10.1021/jacs.3c04746,pdf_collection_2026-09
1479305441,"Silicone Elastomer with Surface-Enriched, Nonleaching Amphiphilic Side Chains for Inhibiting Marine Biofouling",具有表面富集不渗出两亲性侧链的有机硅弹性体用于抑制海洋生物污损,Haohang Zeng; Qingyi Xie; Chunfeng Ma; Guangzhao Zhang,ACS Applied Polymer Materials,2019,10.1021/acsapm.9b00253,49,"Silicone elastomer is one of the ecofriendly fouling release materials. However, it suﬀers from poor fouling resistant performance during idle periods. We developed a silicone elastomer with self-stratifying, nonleaching amphiphilic side chains by grafting telomer of dodecaﬂuoroheptyl methacrylate (DFMA), poly(ethylene glycol) methyl ether methacrylate (PEGMA), and 3- mercaptopropyl trimethoxysilane (KH590) to bis-silanol terminated silicone. The amphiphilic telomer can be self-enriched on the surface during coating formation because the ﬂuorocarbon segment with low surface energy is incompati",https://doi.org/10.1021/acsapm.9b00253,pdf_collection_2026-09
2719631556,Anti-Biofouling and Self-Cleaning Surfaces Featured with Magnetic Artificial Cilia,具磁性人工纤毛特征的抗生物污损与自清洁表面,Shuaizhong Zhang; Pan Zuo; Ye Wang; Patrick Onck; Jaap M. J. den Toonder,ACS Applied Materials & Interfaces,2020,10.1021/acsami.0c05403,57,"The fouling of surfaces submerged in a liquid is a serious problem for many applications including lab-on-a-chip devices and marine sensors. Inspired by the versatility of cilia in manipulating ﬂuids and particles, it is experimentally demonstrated that surfaces partially covered with magnetic artiﬁcial cilia (MAC) have the capacity to eﬃciently prevent attachment and adhesion of real biofouling agentsmicroalgae Scenedesmus sp. Actuation of the MAC resulted in over 99% removal of the algae for two diﬀerent scenarios: (1) actuating the MAC immediately after injecting the algae into a microﬂuid",https://doi.org/10.1021/acsami.0c05403,pdf_collection_2026-09
1898037638,Surface-Enriched Amphiphilic Polysiloxane Coating with Superior Antifouling Ability and Strong Substrate Adhesion,具有优异防污能力与强基底附着力的表面富集两亲性聚硅氧烷涂层,Zhenqiang Zhang; Qingyi Xie; Guoliang Zhang; Chunfeng Ma; Guangzhao Zhang,ACS Applied Polymer Materials,2023,10.1021/acsapm.3c00199,42,"The coexistence of superior antifouling ability and strong substrate adhesion is a typical trade-off for a silicone coating but is highly desirable in numerous applications. Herein, we present a surface-enriched antifouling coating consisting of a bis- silane-terminated polyurea (SPU), an oligosiloxane nanocluster, and a bi-silanol-terminated poly(dimethylsiloxane) with fluorocar- bon and poly(ethylene glycol) side chains as a reactive amphiphilic polymer (RAP). The oligosiloxane nanoclusters can cross-link the flexible SPU into a tough polymer network and interlink the polymer network to the ",https://doi.org/10.1021/acsapm.3c00199,pdf_collection_2026-09
9692513204,Inhibition of Marine Biofouling by Use of Degradable and Hydrolyzable Silyl Acrylate Copolymer,利用可降解可水解硅基丙烯酸酯共聚物抑制海洋生物污损,Xi Zhou; Qingyi Xie; Chunfeng Ma; Zijian Chen; Guangzhao Zhang,Industrial & Engineering Chemistry Research,2015,10.1021/acs.iecr.5b01819,53,"Silyl acrylate copolymers are promising materials for marine antibiofouling. However, their structures need optimizing to improve their erosion and mechanical properties. We have prepared copolymer of 2-methylene-1,3-dioxepane (MDO), tributylsilyl methacrylate (TBSM) and methyl methacrylate (MMA) via radical ring-opening copolymerization. Such polymer has a degradable backbone and hydrolyzable side groups. Our study demonstrates that as the ester units in the backbone increase, the degradation rate increases but the swelling decreases in seawater. The degradation is controlled by the polymer c",https://doi.org/10.1021/acs.iecr.5b01819,pdf_collection_2026-09
2080565163,Specific Ion Effects on the Enzymatic Degradation of Polymeric Marine Antibiofouling Materials,特定离子效应对聚合物海洋抗生物污损材料酶降解的影响,Jie Zhu; Jiansen Pan; Chunfeng Ma; Guangzhao Zhang; Guangming Liu,Langmuir,2019,10.1021/acs.langmuir.9b01740,13,"It is expected that the widely dispersed ions in seawater would have strong inﬂuence on the performance of polymeric marine antibiofouling materials through the modulation of enzymatic degradation of the materials. In this work, poly(ε-caprolactone)-based polyurethane and poly(triisopropylsilyl methacrylate-co-2-methylene-1,3-dioxepane) have been employed as model systems to explore the speciﬁc ion eﬀects on the enzymatic degradation of polymeric marine antibiofouling materials. Our study demonstrates that the speciﬁc ion eﬀects on the enzymatic degradation of the polymer ﬁlms are closely corr",https://doi.org/10.1021/acs.langmuir.9b01740,pdf_collection_2026-09
9975936460,Eco-friendly covalently connected silicone hydrogel with negatively charged surface for marine anti-biofouling,表面带负电的环保共价连接有机硅水凝胶用于海洋抗生物污损,Yuqing Zhu; Jiawen Sun; Qingfu Wang; Jizhou Duan; Xingda Liu; Ding Guo; Baorong Hou,Progress in Organic Coatings,2024,10.1016/j.porgcoat.2024.108833,5,"In this study, a silicone hydrogel (Gel-TA-Si-x) with amphiphilic and negatively charged surfaces was prepared by combining low surface free energy silicone with highly hydrophilic hydrogel materials using the method of one-step solvent-free bulk polymerization. The hydrogel films exhibited good mechanical properties. This was primarily reflected in the high tensile strength (1 MPa) and elongation at break (358.1 %). Notably, the film exhibited increased hydrophobicity, higher water contact angle and gradual decline in water absorption rate as the mPDMS monomer dosage increased. Despite this, ",https://doi.org/10.1016/j.porgcoat.2024.108833,pdf_collection_2026-09
2709902807,Polydopamine functionalised ceria-zirconia nanoparticles embedded water-borne epoxy nanocomposite for anti-biofouling coatings,聚多巴胺功能化铈锆氧化物纳米颗粒嵌入水性环氧纳米复合抗生物污损涂层,Athira S. Vijayan; Antony Joseph; Abey Joseph; T.S. Abhijith; Baiju G. Nair; V. Sajith,Progress in Organic Coatings,2024,10.1016/j.porgcoat.2023.108094,14,"Biofouling, the accumulation of microorganisms, plants, algae on wet surfaces is one of the major issues adversely affecting the overall hydrodynamic performance of the marine vessels. Ceria (CeO2) nanoparticles (NPs) are effectively used as anti-biofouling agent to prevent the deterioration of steel structures, due to their excellent redox capacity. Various approaches are being investigated to enhance the antifouling activity of ceria NPs. Here, we report the development of novel polydopamine (PDA) functionalised ceria-zirconia nanoparticles filled water-borne epoxy nanocomposite coating to p",https://doi.org/10.1016/j.porgcoat.2023.108094,pdf_collection_2026-09
7677395800,Constructing micro-dynamic surface of boron-polyurethane with endurable anti-fouling properties,构建具有持久防污性能的硼-聚氨酯微动态表面,Jiawei Tang; Rongrong Chen; Xing Huo; Gaohui Sun; Jing Yu; Rumin Li; Peili Liu; Qi Liu; Jun Wang,Progress in Organic Coatings,2023,10.1016/j.porgcoat.2022.107243,5,"Self-polishing coatings (SPC) with renewable surfaces are widely used in the shipping industry and offshore installations to prevent unexpected costs and safety concerns from marine biofouling. However, self-polishing coatings still suffer from uncontrollable release of antifouling biocides which is called “initial burst and final decay” and poor mechanical properties. Herein, a series of controlled-release boron-polyurethane antifouling coatings (DBIT) were prepared with good mechanical properties and micro-dynamic surface. 2, 2-bis(hydroxy­ methyl)propionic acid (DMPA) and pyridine-diphenylb",https://doi.org/10.1016/j.porgcoat.2022.107243,pdf_collection_2026-09
7644313774,Degradable hyperbranched polymer with fouling resistance for antifouling coatings,用于防污涂层的可降解抗污损超支化聚合物,Xiaoqing Ai; Liqin Mei; Chunfeng Ma; Guangzhao Zhang,Progress in Organic Coatings,2021,10.1016/j.porgcoat.2021.106141,20,"The controlled release of antifoulant is critical in marine antifouling, which is profoundly influenced by the compatibility between polymer resin and antifoulant. Conjugation of polymers with active molecules provides a promising strategy to solve the problem. In this study, we report the synthesis of hyperbranched polymers containing antifouling main-chains and degradable branching points by using reversible addition-fragmentation chain-transfer (RAFT) polymerization. The copolymerization of butyl methacrylate, vinyl-functional Econea and divinyl-functional poly(ε-caprolactone) (PCL) yields ",https://doi.org/10.1016/j.porgcoat.2021.106141,pdf_collection_2026-09
6388904139,Microscale characterization of abiotic surfaces and prediction of their biofouling/anti-biofouling potential using the AFM colloidal probe technique,利用AFM胶体探针技术表征非生物表面微尺度特征并预测其生物污损/抗生物污损潜力,Asma Eskhan; Daniel Johnson,Advances in Colloid and Interface Science,2022,10.1016/j.cis.2022.102796,25,"Given its detrimental consequences, biofouling is a central problem in industrial applications that affects sub­ merged artificial abiotic surfaces. For instance, it shortens the service life of surfaces operating in marine and industrial environments, such as ship hulls, pipelines, heat exchangers, water filtration membranes, biosensors, and medical implants and concomitantly increases maintenance demands. In recent years, research has been propelled by the urge to minimize the replacement and maintenance costs related to the biofouling of abiotic surfaces. Colloidal probe atomic force micros",https://doi.org/10.1016/j.cis.2022.102796,pdf_collection_2026-09
2020288942,Anti-biofouling functional surfaces for marine aquaculture,面向海水养殖的抗生物污损功能表面,Harrison J. Cox; Isaac Cooper; Heinrich F. Kaspar; Michael A. Packer; Jas Pal S. Badyal,Colloids and Surfaces A: Physicochemical and Engineering Aspects,2022,10.1016/j.colsurfa.2022.128313,9,Aquaculture is a global-scale industry providing sustainable production of protein-rich foods required to feed the growing world population. Microalgae cultivation in aquaculture bioreactors can exude extracellular polymeric substances leading to biofouling of culture infrastructure and increased algal disease risk. A structure–behaviour relationship was developed by examining how the surface wettability of a range of functional nanocoatings impacts the extent of biofouling during exposure to continuous microalgae culture under normal hydrodynamic conditions. High-wetting (hydrophilic) surface,https://doi.org/10.1016/j.colsurfa.2022.128313,pdf_collection_2026-09
7931754973,A Universally Applicable Strategy for Construction of Anti‐Biofouling Adsorbents for Enhanced Uranium Recovery from Seawater,构建抗生物污损吸附剂以增强海水提铀的普适策略,Qiuhan Yu; Yihui Yuan; Jun Wen; Xuemei Zhao; Shilei Zhao; Dong Wang; Chaoyang Li; Xiaolin Wang; Ning Wang,Advanced Science,2019,10.1002/advs.201900002,170,,https://doi.org/10.1002/advs.201900002,pdf_collection_2026-09
4164551629,Degradable polyurethane for marine anti-biofouling,用于海洋抗生物污损的可降解聚氨酯,Chunfeng Ma; Liguo Xu; Wentao Xu; Guangzhao Zhang,Journal of Materials Chemistry B,2013,10.1039/c3tb20454e,98,,https://doi.org/10.1039/c3tb20454e,pdf_collection_2026-09
9737618296,Non-silicone elastic coating with fouling resistance and fouling release abilities based on degradable hyperbranched polymer,基于可降解超支化聚合物、兼具抗污损与污损释放性能的非硅弹性涂层,Ru Xie; Xiaoqing Ai; Qingyi Xie; Chunfeng Ma; Guangzhao Zhang,Progress in Organic Coatings,2023,10.1016/j.porgcoat.2022.107350,19,"Developing eco-friendly antifouling materials for combating marine biofouling has long been a challenging task. Herein, we report a non‑silicone elastomer coating based on hyperbranched poly (ε-caprolactone) (HPCL) cross- linked with an amphiphilic triblock copolymer of poly(ethylene glycol)-block-poly(propylene glycol)-block-poly (ethylene glycol). The polymer coating is prepared by ring-opening polymerization and self-condensation re­ actions, which can be prepared at a large scale. Such a coating is expected to have a self-renewed surface, fouling resistance and fouling release abilities. Q",https://doi.org/10.1016/j.porgcoat.2022.107350,pdf_collection_2026-09
2788830717,Resorcinol–formaldehyde resin combining epoxy resin as composite coating with efficient anti-corrosion resistance and anti-biofouling capacity,间苯二酚-甲醛树脂复合环氧树脂涂层的高效防腐与抗生物污损能力,Yuanhao Tang; Xiaojie Wu; Suchang Zou; Haoyuan Qin; Kaiqu Sun; Lei Sun; Jianhua Hou; Weilong Shi; Chunsheng Li; Feng Guo,Progress in Organic Coatings,2025,10.1016/j.porgcoat.2025.109177,19,"In marine environments, microbial contamination and corrosion have persistently threatened the integrity of ships and marine equipment, driving the demand for high-performance coatings integrating anti-corrosion and anti-biofouling functionalities. Herein, for the first time, resorcinol-formaldehyde resin (RF) was used as the filler to introduce epoxy resin (EP) to form an RF/EP composite coating with dual-function anti-corrosion and anti- biofouling protection. Anti-corrosion resistance tests, including open circuit potential (OCP), electrochemical impedance spectroscopy (EIS), and neutral sa",https://doi.org/10.1016/j.porgcoat.2025.109177,pdf_collection_2026-09
8918362703,Squid inspired elastomer marine coating with efficient antifouling strategies: Hydrophilized defensive surface and lower modulus,鱿鱼启发的具有高效防污策略的弹性体海洋涂层：亲水化防御表面与低模量,Zheming Tong; Hongyu Guo; Zhigang Di; Ye Sheng; Lina Song; Jiankun Hu; Xiang Gao; Yang Hou; Xiaoli Zhan; Qinghua Zhang,Colloids and Surfaces B: Biointerfaces,2022,10.1016/j.colsurfb.2022.112392,61,"In antifouling applications for the marine industry, low surface energy coatings entail turbulent water flow to release marine biofouling, which presents a substantial challenge for antifouling in the static situation. The traditional solution is to add environmentally friendly antifouling agents, but it has the problem of exhaustion. Therefore, the low surface energy elastic antifouling coating without antifoulants has high research value. Herein, inspired by soft body and epidermal mucus of squid, the stable polyvinylpyrrolidone (PVP) hydrophilic segments were introduced to modify the polydi",https://doi.org/10.1016/j.colsurfb.2022.112392,pdf_collection_2026-09
1755975732,Antifouling coatings based on the synergistic action of biogenic antimicrobial agents and low surface energy silicone resins and their application to marine aquaculture nets,基于生源抗菌剂与低表面能有机硅树脂协同作用的防污涂层及其在海水养殖网上的应用,Guifang He; Hongxia Li; Zhengjie Zhao; Qingyang Liu; Jingyuan Yu; Zhe Ji; Xin Ning; Fanggang Ning,Progress in Organic Coatings,2024,10.1016/j.porgcoat.2024.108656,30,"Aquaculture nets used in seawater for a long time are susceptible to biofouling, and antifouling coatings are a cost-effective way to solve this problem. In this study, biogenic antimicrobial components were extracted from two plants, Houttuynia and Scutellarin, and modified with methylphenyl silicone resin (MSR) by physical blending. Two flexible antifouling coatings with synergistic action of biogenic antimicrobial agents and low surface energy silicone resin for marine aquaculture nets were prepared separately. The prepared coatings retained the low surface energy properties of silicone res",https://doi.org/10.1016/j.porgcoat.2024.108656,pdf_collection_2026-09
3908186483,Dynamics of marine bacterial biofouling communities after initial Alteromonas genovensis biofilm attachment to anti-fouling paint substrates,Alteromonas genovensis生物膜初始附着于防污漆基材后海洋细菌污损群落的动态变化,Hyun-Jung Kim; Joon Sang Park; Taek-Kyun Lee; Donhyug Kang; Jung-Hoon Kang; Kyoungsoon Shin; Seung Won Jung,Marine Pollution Bulletin,2021,10.1016/j.marpolbul.2021.112895,24,"To determine how bacterial communities succeed after the initial attachment of the bacterial biofilm adhesion using 16S rDNA meta-barcoding in plates coated with copper-based anti-fouling (AF) and non-AF (control) coatings as well as ambient seawater, coated plates were submerged in a marine environment in situ. Alteromonas genovensis (Gammaproteobacteria) in AF coating and Pacificibacter sp. (Alphaproteobacteria) in the control plate were initially abundant. In the AF coating, the abundance of A. genovensis decreased rapidly, whereas that of genus Phaeobacter (Alphaproteobacteria), Serratia (",https://doi.org/10.1016/j.marpolbul.2021.112895,pdf_collection_2026-09
2903534212,Antibacterial-renew dual-function anti-biofouling strategy: Self-assembled Schiff-base metal complex coatings built from natural products,抗菌-更新双功能抗生物污损策略：天然产物构建的自组装席夫碱金属配合物涂层,Wenjuan Liu; Minglong Yan; Wenjie Zhao,Journal of Colloid and Interface Science,2023,10.1016/j.jcis.2022.08.178,26,"Marine biological fouling has caused huge economic losses and environmental problems. Therefore, it was essential to develop effectively environment-friendly biofouling resistance technology. Here, inspired by the natural module of bacterial secretions, animal and plant extracts, we synthesized Schiff based compounds through Tobramycin (TOB) from Streptomyces and Protocatechualdehyde (PR) from black fern. Furthermore, a dynamic self-renewal Schiff based metal composite coating- (Fe/TOB-PR)n was prepared via layer by layer self-assembly (LBL) method. It was proved to be a versatile coating, whi",https://doi.org/10.1016/j.jcis.2022.08.178,pdf_collection_2026-09
8473384991,Grafting embedded poly(ionic liquid) brushes on biomimetic sharklet resin surface for anti-biofouling applications,在仿生鲨鱼皮树脂表面接枝嵌入式聚离子液体刷用于抗生物污损应用,Baoluo He; Yixuan Du; Biwen Wang; Xiaolong Wang; Qian Ye; Shujuan Liu,Progress in Organic Coatings,2021,10.1016/j.porgcoat.2021.106298,17,"In this work, we combined 3D printing technology and subsurface-initiated ring opening metathesis polymeri­ zation (ROMP) to construct a multi-scale brush-based antifouling surface. A biomimetic sharklet structured substrate embedded with ROMP initiator was prepared by 3D printing with commercial acrylic resin. Then, the embedded poly(ionic liquid) brushes were grafted onto the as-prepared biomimetic sharklet via subsurface- initiated ROMP of a novel ionic liquid monomer containing benzotriazole and imidazole groups ([BNIm][Br]). A series of characterization including infrared spectroscopy, X-",https://doi.org/10.1016/j.porgcoat.2021.106298,pdf_collection_2026-09
3563986386,Coatings with a self-generating hydrogel surface for antifouling,具有自生成水凝胶表面的防污涂层,Laiyong Xie; Fei Hong; Chuanxin He; Chunfeng Ma; Jianhong Liu; Guangzhao Zhang; Chi Wu,Polymer,2011,10.1016/j.polymer.2011.06.033,102,"We prepared a coating by mixing a polyfunctional axiridine cross-linking agent and a self-polishing resin pre-synthesized via the polymerization of methyl methacrylate (MMA), acrylic acid (AA) and tributylsilyl methacrylate (TBSM). The coating can be easily applied on a surface to form a cross-linked polymer ﬁlm by conventional brushing or spraying method. After immersing it into seawater, the ﬁlm self-generates a thin soft and dynamic layer of hydrogel at the water-contacting surface because of the hydrolysis of TBSM. Such a hydrogel-formation process continues after gradual corrosion and det",https://doi.org/10.1016/j.polymer.2011.06.033,pdf_collection_2026-09
2736515158,"A comprehensive review on anticorrosive/antifouling superhydrophobic coatings: Fabrication, assessment, applications, challenges and future perspectives",防腐/防污超疏水涂层全面综述：制备、评估、应用、挑战与未来展望,T.P. Rasitha; Nanda Gopala Krishna; B. Anandkumar; S.C. Vanithakumari; John Philip,Advances in Colloid and Interface Science,2024,10.1016/j.cis.2024.103090,240,"Superhydrophobicity (SHP) is an incredible phenomenon of extreme water repellency of surfaces ubiquitous in nature (E.g. lotus leaves, butterfly wings, taro leaves, mosquito eyes, water-strider legs, etc). Historically, surface exhibiting water contact angle (WCA) > 150◦and contact angle hysteresis <10◦is considered as SHP. The SHP surfaces garnered considerable attention in recent years due to their applications in anti-corrosion, anti-fouling, self-cleaning, oil-water separation, viscous drag reduction, anti-icing, etc. As corrosion and marine biofouling are global problems, there has been f",https://doi.org/10.1016/j.cis.2024.103090,pdf_collection_2026-09
5934752555,Osthole-infused polyurethane flexible coatings for enhanced underwater drag reduction and robust anti-biofouling,灌注蛇床子素的聚氨酯柔性涂层用于增强水下减阻与稳健抗生物污损,Yanru Qin; Shupeng Wang; Yong Fan; Li Wang; Chengchun Zhang; Jie Zhao; Luquan Ren,Progress in Organic Coatings,2024,10.1016/j.porgcoat.2024.108213,14,"Excessive underwater drag, coupled with a heavy marine fouling, not only adversely affects the operation and speed of ships but also leads to increased energy and fuel consumption. Inspired by the remarkable drag reduction and anti-biofouling capabilities of dolphin skin, we have developed a flexible polyurethane (PU) coating infused with osthole (OST). This coating not only exhibits exceptional drag reduction by postponing the boundary layer transition from laminar to turbulent flow but also demonstrates robust anti-biofouling properties under both dynamic and static scenarios. The resultant ",https://doi.org/10.1016/j.porgcoat.2024.108213,pdf_collection_2026-09
7482569615,Rapid curing and self-stratifying lacquer coating with antifouling and anticorrosive properties,具有防污与防腐性能的快速固化自分层涂料涂层,Yuxian Chen; Guoliang Zhang; Guangzhao Zhang; Chunfeng Ma,Chemical Engineering Journal,2021,10.1016/j.cej.2021.129755,69,"Natural lacquers have long been used as environment-friendly and renewable coatings. Generally, they dry slowly and do not have fouling resistance limiting their applications. Herein, we report a rapid curing, self- stratifying amphiphilic hybrid lacquer coating with excellent antifouling and anticorrosive properties. The coating was prepared by using a natural lacquer coupled with hyperbranched polysiloxane terminated by multi- amine (HPSi) and silane-terminated amphiphilic telomer (S-FP) through a facile sol–gel process. The introduc­ tion of HPSi greatly shortened the drying time and improv",https://doi.org/10.1016/j.cej.2021.129755,pdf_collection_2026-09
4081034358,"The integrated anti-corrosion and anti-biofouling coating with high mechanical strength: Design, preparation and performance study",高机械强度防腐-抗生物污损一体化涂层：设计、制备与性能研究,Zhengyu Jin; Haixian Liu; Yile Chen; Zhi Wang; Lifang Wang; Jiaping Wang; Hongwei Liu,Sustainable Materials and Technologies,2025,10.1016/j.susmat.2024.e01214,0,"Long-term marine engineering equipment and infrastructure service will inevitably encounter corrosion and biofouling issues. However, the design and development of the integrated anti-corrosion and anti-biofouling coatings still face challenges. In this work, two types of coatings are designed based on the principles of liquid perfusion on a porous layered double hydroxides (LDH) film. The paraffin coating on LDH film has a good self-cleaning property against sea water, dyed deionized water, and coffee. Due to the resin perfusion, the adhesion force of epoxy resin coating increases by 50.9 % c",https://doi.org/10.1016/j.susmat.2024.e01214,pdf_collection_2026-09
6385589199,Biodegradable polyurethane based clay composite and their anti-biofouling properties,可生物降解聚氨酯基黏土复合材料及其抗生物污损性能,Abid Ali; Yue Xiao; Lina Song; Jiankun Hu; Qingqing Rao; Muhammad Shoaib; Bilal Ul Amin; Xiaoli Zhan; Qinghua Zhang,Colloids and Surfaces A: Physicochemical and Engineering Aspects,2021,10.1016/j.colsurfa.2021.126946,14,"The colonization of tiny marine organisms on ship’s hull which are connected directly from seawater, is a costly issue. Biofouling contributes to enhanced hydrodynamic drag, which leads to higher consumption of fuel and greenhouse gas emissions. Therefore, the environment-friendly solution is very necessary for anti-biofouling activity. For this purpose, we have synthesized biodegradable polyurethane (CL-PU) composed of ε-CL and 4,4′-methylenebis(cyclo­ hexyl isocyanate) (H12MDI) and 1,4 butanediol (1,4 BD). The synthesized CL-PU was further modified with 4, 5- dicholoro-2-octyl-isothiazolone ",https://doi.org/10.1016/j.colsurfa.2021.126946,pdf_collection_2026-09
5237400763,Morphology regulation and application of nano cobalt oxide (Co3O4) electrocatalysts for chlorine evolution toward marine anti-biofouling,面向海洋抗生物污损析氯电催化的纳米氧化钴(Co3O4)电催化剂形貌调控与应用,Haomin Wang; Jiang Li; Dun Zhang; Guoqing Wang; Peng Wang,Journal of Colloid and Interface Science,2022,10.1016/j.jcis.2022.08.004,26,"For the optical equipment used in the marine environment, the quality and accuracy of the tests are easily affected by biological fouling. Hence, good anti-fouling performance is crucial for preserving the optical equipment. A new electrochemical chlorination anti-fouling system has been proposed for years and is suitable for underwater optical windows. In this paper, nano Co3O4 electrocatalysts with different mor- phologies were prepared through the hydrothermal method to study the structure–activity relationship between their electrochemical properties and morphologies. The nanourchin Co3O4 ",https://doi.org/10.1016/j.jcis.2022.08.004,pdf_collection_2026-09
7437661556,Immobilization of Cu-MOF with SiO2 aerogel in a marine coating to enhance its long-term anti-biofouling performance,将Cu-MOF与SiO2气凝胶固定于海洋涂层中以增强其长效抗生物污损性能,Liuqin Zhang; Huali Li; Gege Zhang; Qiuping Li; Fa-Qian Liu,Materials Today Chemistry,2025,10.1016/j.mtchem.2025.102918,5,"Marine biofouling can cause economic, environmental and safety issues. Here the Cu-MOF/SiO2 aerogel@PDMS coatings were prepared to prevent the colonization of fouling organisms. The Cu-MOF-74 which can continu­ ously provide copper ions was successfully synthesized through a simple method. SiO2 aerogel was employed to immobilize Cu ions (Cu-MOF) by the formation of -Si-O-Cu-O-, thereby achieving the goal of more stable release of copper ions from the coating. And the improvement of coating hydrophobicity also helps to enhance the stability of MOFs. The Cu-MOF/SiO2 aerogel@PDMS coating exhibits",https://doi.org/10.1016/j.mtchem.2025.102918,pdf_collection_2026-09
8792051163,Amidoxime Group‐Anchored Single Cobalt Atoms for Anti‐Biofouling during Uranium Extraction from Seawater,偕胺肟基锚定单钴原子用于海水提铀过程中的抗生物污损,Wenyan Sun; Lijuan Feng; Jiacheng Zhang; Ke Lin; Hui Wang; Bingjie Yan; Tiantian Feng; Meng Cao; Tao Liu; Yihui Yuan,Advanced Science,2022,10.1002/advs.202105008,82,,https://doi.org/10.1002/advs.202105008,pdf_collection_2026-09
2805043167,Transparent Polymer‐Ceramic Hybrid Antifouling Coating with Superior Mechanical Properties,具有优异力学性能的透明聚合物-陶瓷杂化防污涂层,Runze Chen; Yunsheng Zhang; Qingyi Xie; Zixin Chen; Chunfeng Ma; Guangzhao Zhang,Advanced Functional Materials,2021,10.1002/adfm.202011145,140,,https://doi.org/10.1002/adfm.202011145,pdf_collection_2026-09
1051634987,"Self‐Reinforcing Gradient Antifouling Coating with High Adhesion, On‐Demand Peelability, and Superior Recyclability",具有高附着力、按需可剥离与优异可回收性的自增强梯度防污涂层,Zhenqiang Zhang; Bin Zhang; Zhipeng Zhang; Qingyi Xie; Guoliang Zhang; Guangzhao Zhang; Chunfeng Ma,Advanced Functional Materials,2025,10.1002/adfm.202508400,15,,https://doi.org/10.1002/adfm.202508400,pdf_collection_2026-09
4135623971,Self-repairing silicone coatings for marine anti-biofouling,用于海洋抗生物污损的自修复有机硅涂层,Chao Liu; Chunfeng Ma; Qingyi Xie; Guangzhao Zhang,Journal of Materials Chemistry A,2017,10.1039/c7ta05241c,222,,https://doi.org/10.1039/c7ta05241c,pdf_collection_2026-09
9780333469,Advanced nanostructures for the control of biofouling: The FP6 EU Integrated Project AMBIO,控制生物污损的先进纳米结构：FP6欧盟集成项目AMBIO,Axel Rosenhahn; Thomas Ederth; Michala E. Pettitt,Biointerphases,2008,10.1116/1.2844718,80,"The AMBIO project (‘Advanced Nanostructured Surfaces for the Control of Biofouling’) is an Integrated Project funded by the European Commission under its 6th Framework Programme. The 5-year project, which started in 2005, is devoted to the knowledge- based development of antifouling coatings that function through their nanoscale properties, without the use of biocides or materials that are released into the environment. The principal knowledge-driven strategy of the project is to achieve structure/property/performance correlations for a wide range of nanostructured coating designs. State-of-th",https://doi.org/10.1116/1.2844718,pdf_collection_2026-09
182867189,"Transparent superhydrophilic cellulose-based coating with anti-fogging, anti-biofouling and oil/water separation properties",具有防雾、抗生物污损与油水分离性能的透明超亲水纤维素基涂层,Yan Xu; Qingyu Wu; Dicong Yang; Biwei Qiu; Xiaoliang Mo; Bo You; Limin Wu,Sustainable Materials and Technologies,2025,10.1016/j.susmat.2025.e01278,6,"It is a huge challenge to design multifunctional superhydrophilic coatings by bio-based raw materials and low carbon emissions in full life cycle. As a green, hydrophilic, low-cost material, cellulose has irreplaceable ad­ vantages in the preparation of sustainable superhydrophilic coatings. Here, a novel and large-scale transparent saxifrages-biomimetic superhydrophilic cellulose-based coating (SES) was fabricated by one-step method through blending semi-wet maleic anhydride esterified cellulose (EC) modified cellulose with waterborne styrene-acrylate latex (SAL) and sodium dodecyl sulfate (S",https://doi.org/10.1016/j.susmat.2025.e01278,pdf_collection_2026-09
4493085842,Biodegradable polymer as controlled release system of organic antifoulant to prevent marine biofouling,可生物降解聚合物作为有机防污剂控释体系用于防止海洋生物污损,Shanshan Chen; Chunfeng Ma; Guangzhao Zhang,Progress in Organic Coatings,2017,10.1016/j.porgcoat.2016.12.011,61,"Controlled release of antifoulant is critical for marine antibiofouling. We have prepared polyurethane with degradable polyester segments consisting of poly(ethylene adipate) (PEA), poly(1,4-butylene adi- pate) (PBA) or poly(1,6-hexamethylene adipate) (PHA) and used it as the release system for organic antifoulants. The degradation rate of the polyurethane increases with the content of the degradable seg- ments. On the other hand, as the segments change from PEA, PBA to PHA, the degradation rate decreases because the crystallinity increases but the ester group density decreases. Such degradabl",https://doi.org/10.1016/j.porgcoat.2016.12.011,pdf_collection_2026-09
2650057071,Anti-fouling properties of microstructured surfaces bio-inspired by rice leaves and butterfly wings,水稻叶片与蝴蝶翅膀仿生微结构表面的防污性能,Gregory D. Bixler; Andrew Theiss; Bharat Bhushan; Stephen C. Lee,Journal of Colloid and Interface Science,2014,10.1016/j.jcis.2013.12.019,237,"Material scientists often look to biology for new engineering solutions to materials science problems. For example, unique surface characteristics of rice leaves and butterﬂy wings combine the shark skin (antifouling) and lotus leaf (self-cleaning) effects, producing the so-called rice and butterﬂy wing effect. In this paper, we study antifouling properties of four microstructured surfaces inspired by rice leaves and fabricated with photolithography and hot embossing techniques. Anti-biofouling effectiveness is deter- mined with bioassays using Escherichia coli whilst inorganic fouling with si",https://doi.org/10.1016/j.jcis.2013.12.019,pdf_collection_2026-09
7386066388,Hazard of novel anti-fouling nanomaterials and biocides DCOIT and silver to marine organisms,新型防污纳米材料及杀菌剂DCOIT与银对海洋生物的危害,Joana Figueiredo; Susana Loureiro; Roberto Martins,Environmental Science: Nano,2020,10.1039/d0en00023j,33,,https://doi.org/10.1039/d0en00023j,pdf_collection_2026-09
6224001183,Preparation and antifouling performance of tin-free self-polishing antifouling coatings based on side-chain suspended indole derivative structural resins,基于侧链悬吊吲哚衍生物结构树脂的无锡自抛光防污涂层的制备与防污性能,Wenjian Dong; Chunhua Ni; Xia Li; Liangmin Yu; Xuefeng Yan,Marine Pollution Bulletin,2024,10.1016/j.marpolbul.2024.116931,15,"Tin-free self-polishing antifouling coatings have the highest market share since organotin self-polishing anti­ fouling coatings have been banned. However, its high dependence on cuprous oxide was found to have caused potential harm to the environment, making it necessary to improve the functionality of the resin. In this paper, a zinc acrylate resin with side chain hanging indole derivative structure was prepared by using N-(1H-5-bro­ moindole-3-methylene) (BIAM) with good biological activity as functional monomer. The functional resin with good antifouling performance was selected by antibac",https://doi.org/10.1016/j.marpolbul.2024.116931,pdf_collection_2026-09
2456466966,Graphene oxide/polyvinylpyrrolidone composite coating on 316L SS with superior antibacterial and anti-biofouling properties,316L不锈钢表面具有优异抗菌与抗生物污损性能的氧化石墨烯/聚乙烯基吡咯烷酮复合涂层,Geetisubhra Jena; S. Sofia; B. Anandkumar; S.C. Vanithakumari; R.P. George; John Philip,Progress in Organic Coatings,2021,10.1016/j.porgcoat.2021.106356,20,"Here, we report the fabrication of a graphene oxide (GO)/polyvinylpyrrolidone (PVP) (GP) composite coating on 316L stainless steel (SS) with superior antibacterial and anti-biofouling performance using electrophoretic deposition (EPD). At an optimal EPD condition (10 V, 60 s), PVP and GO concentrations of 0.03 and 0.1 wt%, respectively, a uniform crack free coating with superior antibacterial and anti-biofouling properties is obtained. The morphology and composition of the composite coating were characterized by field emission scanning electron microscope (FESEM), X-ray photoelectron spectrosc",https://doi.org/10.1016/j.porgcoat.2021.106356,pdf_collection_2026-09
2638354300,Mussel-inspired anti-biofouling and robust hybrid nanocomposite hydrogel for uranium extraction from seawater,贻贝仿生抗生物污损高稳定性杂化纳米复合水凝胶用于海水提铀,Zhenyuan Bai; Qi Liu; Hongsen Zhang; Jingyuan Liu; Rongrong Chen; Jing Yu; Rumin Li; Peili Liu; Jun Wang,Journal of Hazardous Materials,2020,10.1016/j.jhazmat.2019.120984,106,"A major challenge of uranium extraction from seawater (UES) is to eﬀectively block the biofouling without destroying the ecological balance, especially prevent the attachment of macroalgae on the surface of the ad- sorbent. Herein, a robust montmorillonite-polydopamine/polyacrylamide nanocomposite hydrogel is reported by a two-step method, including PDA intercalation MMT and further free radical polymerization with AM monomers. The interpenetrating structure of hydrogel lead to high water permeability with the swelling ratio of 51, which could fully facilitate the internal accessible sites exp",https://doi.org/10.1016/j.jhazmat.2019.120984,pdf_collection_2026-09
4368439471,Anti-biofouling potential of extremely water-repellent carbon soot coatings immersed in a highly-contaminated seawater swamp,浸于高污染海水沼泽中的超疏水炭黑涂层的抗生物污损潜力,Karekin D. Esmeryan; Todor A. Chaushev,Progress in Organic Coatings,2023,10.1016/j.porgcoat.2023.107719,3,"The undesired translocation of marine microorganisms during sailing and the excessive expenditures for ship hull repairment due to biofouling could be circumvented using superhydrophobic coatings. Unfortunately, the combined effect of underwater currents and colonizing activity of multitudinous foulants on the anti-microbial performance of existing non-wettable materials is still at infant stage. The paramount objective here is to evaluate for the first time the potential of two mechanically durable water-repellent soot coatings towards the inhibition of bacterial proliferation in “real-life” ",https://doi.org/10.1016/j.porgcoat.2023.107719,pdf_collection_2026-09
6610150316,Progress in anti-biofouling materials and coatings for the marine environment,海洋环境抗生物污损材料与涂层研究进展,Xinzi Wang; Quantong Jiang; Dongxiao Han; Ye Chen; Wanpeng Liu; Yantong Pei; Jizhou Duan; Baorong Hou,Journal of Environmental Sciences,2026,10.1016/j.jes.2025.05.038,14,,https://doi.org/10.1016/j.jes.2025.05.038,pdf_collection_2026-09
5569970557,Surface hydrolysis-anchored eugenol self-polishing marine antifouling coating,表面水解锚定丁香酚的自抛光海洋防污涂层,Jianang Sha; Xin liu; Rongrong Chen; Jing Yu; Qi Liu; Jingyuan Liu; Jiahui Zhu; Peili Liu; Rumin Li; Jun Wang,Journal of Colloid and Interface Science,2023,10.1016/j.jcis.2023.01.058,59,"Traditional self-polishing antifouling coatings kill surface organisms by releasing toxic substances, which are damaging to the ecosystem. As a natural antimicrobial substance, eugenol is environmentally friendly and has been proven by different research teams to be effective in enhancing the anti-fouling effect of coatings in the real sea. While in these previous research works, the eugenol was released directly into the seawater thus cannot further serve as surface antifouling effect, leading to a limited antifouling effect of the coating. In this work, the quaternary ammonium component was ",https://doi.org/10.1016/j.jcis.2023.01.058,pdf_collection_2026-09
7842000619,Underwater superoleophobic composite coating characteristic of durable antifouling and anticorrosion properties in marine environment,在海洋环境中具有持久防污防腐特性的水下超疏油复合涂层,Xian Chao Xia; Xiang Kang Cao; Guang Yi Cai; Dan Jiang; Fei Zhang; Ze Hua Dong,Colloids and Surfaces A: Physicochemical and Engineering Aspects,2021,10.1016/j.colsurfa.2021.127323,49,"Biofouling of marine vessels often results in low fuel efficiency and severe hull corrosion, an ecological friendly coating with long durability and high Benefit-cost is greatly desired to prevent biofouling and bioadhesion. Herein, a facile “Glue + Powder” strategy was employed to synthesize a composite coating with satisfactory oil-repellent and anti­ corrosion properties, in which the hexadecyl-trimethoxysilane modified SiO2 nanoparticles (NPs) act as super­ hydrophobic undercoating and polyacrylic acid modified ZnO NPs implanted in polydimethylsiloxane as superoleophobic finishing coat. Im",https://doi.org/10.1016/j.colsurfa.2021.127323,pdf_collection_2026-09
1802640171,Nature-inspired anti-fouling strategies for combating marine biofouling,防治海洋生物污损的仿生防污策略,Abid Ali; David Culliton; Shah Fahad; Zafar Ali; En-Tang Kang; Liqun Xu,Progress in Organic Coatings,2024,10.1016/j.porgcoat.2024.108349,32,"Marine biofouling is a major international challenge, which causes significant problems for global ecologies and economies. It manifests as the extensive and costly colonization of submerged surfaces with marine organisms, and it additionally results in the transportation of invasive, destructive, species around the globe. Effective, passive, antifouling treatments have been elusive - so far, only toxic treatments have been effective. To-date, long-term effective anti-fouling coatings are non-passive. These systems rely primarily on exfoliating surface layers (self-polishing) which continually",https://doi.org/10.1016/j.porgcoat.2024.108349,pdf_collection_2026-09
4138836486,Effects of hydrolyzable comonomer and cross-linking on anti-biofouling terpolymer coatings,可水解共聚单体与交联化对抗生物污损三元共聚物涂层的影响,Fei Hong; Laiyong Xie; Chuanxin He; Jianhong Liu; Guangzhao Zhang; Chi Wu,Polymer,2013,10.1016/j.polymer.2013.04.010,27,"Antifouling coatings based on the cross-linked terpolymer chains made of methyl methacrylate (MMA), the hydrolyzable tributylsilyl methacrylate (TBSM) or triisopropylsilyl methacrylate (TIPSM) and acrylic acid (AA) were developed. By varying the hydrolyzable monomer content and the cross-linking degree, a set of such prepared coatings were evaluated in terms of their degradation rate, swelling degree, contact angle and antifouling properties. After immersed in seawater, such coatings quickly self-generate a thin and swollen hydrogel layer at the water-contacting surface due to the hydrolysis o",https://doi.org/10.1016/j.polymer.2013.04.010,pdf_collection_2026-09
7539150184,"Self‐Adaptive Zwitterionic Polysilazane Coatings with Mechanical Robustness, High Transparency, and Broad‐Spectrum Antiadhesion Properties",兼具机械坚固性、高透明度与广谱抗黏附性能的自适应两性离子聚硅氮烷涂层,Yinjie Huang; Zhenqiang Zhang; Bin Zhang; Chunfeng Ma; Guangzhao Zhang,Advanced Materials,2024,10.1002/adma.202413035,29,,https://doi.org/10.1002/adma.202413035,pdf_collection_2026-09
4589319873,A catfish Skin-inspired dual-antifouling epoxy thermoset as coatings for marine antifouling applications,鲶鱼皮肤启发的双重防污环氧热固性树脂海洋防污涂层,Peizhan Cao; Shu Tian; Jinyue Dai; Jiayin Li; Guangming Lu; Xiaoqing Liu,Chemical Engineering Journal,2025,10.1016/j.cej.2024.159057,34,"Simultaneously endowing marine coatings with excellent intrinsic bactericidal and anti-adhesion properties is a subject of great practical significance and challenge. Inspired by the dual-antifouling effect of catfish, we developed epoxy thermoset as marine antifouling coatings with contact sterilization and anti-adhesion capa­ bilities. Here, a dual-antifouling epoxy thermoset can be conveniently obtained by using bisphenol A diglycidyl ether (DGEBA) as the matrix resin, 1,3-diamino-2-hydroxypropane (DAHP) as the antibacterial curing agent, and polyethylene glycol dicarboxylate diglycidyl eth",https://doi.org/10.1016/j.cej.2024.159057,pdf_collection_2026-09
4975457365,"Latest research progress of marine microbiological corrosion and bio-fouling, and new approaches of marine anti-corrosion and anti-fouling",海洋微生物腐蚀与生物污损的最新研究进展及海洋防腐防污新方法,Yangfan Li; Chengyun Ning,Bioactive Materials,2019,10.1016/j.bioactmat.2019.04.003,146,"Marine resources and industry have become one of the most important pillars in economic development all over the world. However, corrosion of materials is always the most serious problem to the infrastructure and equipment served in marine environment. Researchers have found that microbiologically influenced corrosion (MIC) and marine bio-fouling are two main mechanisms of marine corrosions due to the complicated marine environment and marine organisms. This article summarized the latest research progress about these two me- chanisms and indicated that both MIC and marine bio-fouling are close",https://doi.org/10.1016/j.bioactmat.2019.04.003,pdf_collection_2026-09
2886125153,Anti-biofouling materials and surfaces based on mussel-inspired chemistry,基于贻贝仿生化学的抗生物污损材料与表面,Sijia Li; Jingsi Chen; Jingyi Wang; Hongbo Zeng,Materials Advances,2021,10.1039/d1ma00053e,37,,https://doi.org/10.1039/d1ma00053e,pdf_collection_2026-09
222054510,Anti-biofouling marine diterpenoids from Okinawan soft corals,源自冲绳软珊瑚的抗生物污损海洋二萜类化合物,Shinnosuke Ishigami; Ryoma Nakagawa; Fumiya Yagi; Hikaru Takada; Ayano Suzuki; Takashi Kamada; Kazumi Nimura; Iori Oshima; Chin-Soon Phan; Takahiro Ishii,Biofouling,2025,10.1080/08927014.2024.2443029,8,,https://doi.org/10.1080/08927014.2024.2443029,pdf_collection_2026-09
8392328176,"!""#$%&'()*+,-./01","!""#$%&'()*+,-./01",,,,,,,,pdf_collection_2026-09
6406417778,Natural Product <i>Zanthoxylum bungeanum</i> Based Multi‐Functionalized Self‐Polishing Interface for Sustainable Marine Antifouling,天然产物花椒基多功能化自抛光界面用于可持续海洋防污,Li Sun; Wei‐Feng Wang; Mouji Li; Jianbin Zhang; Tian Chai; Wenhao Cao; Tao Yan; Xiaoduo Zhao; Wufang Yang; Bo Yu,Advanced Materials Interfaces,2022,10.1002/admi.202201195,11,,https://doi.org/10.1002/admi.202201195,pdf_collection_2026-09
5687073500,rsc.li/soft-matter-journal,rsc.li/soft-matter-journal,,,2019,,,,,pdf_collection_2026-09
9938727288,Stimuli-responsive composite coating based on dynamic metal-ligand interactions for sustainable marine antifouling,基于动态金属-配体相互作用的刺激响应复合涂层用于可持续海洋防污,Qianyun Tan; Gege Zhang; Xiaoyu Xu; Tiantian Hu; Yabei Zhang; Xu Zhang; Zhongyao Zhang; Fa-Qian Liu,Sustainable Materials and Technologies,2025,10.1016/j.susmat.2025.e01521,1,"While copper-based antifoulants represent effective solutions for marine biofouling prevention, their utilization efficiency remains a critical challenge. This investigation demonstrates a pH-responsive hydrogel composite through synergistic integration of poly(acrylic acid) networks with histidine-coordinated cupric nanoclusters. The main ligand configuration of histidine and Cu2+ was identified as “imidazole-dominated and carboxyl- assisted” by density functional theory (DFT) simulation, which provides theoretical support for the pH sensitivity of hydrogel. This coating releases Cu2+ precise",https://doi.org/10.1016/j.susmat.2025.e01521,pdf_collection_2026-09
3120380949,High-strength and anti-biofouling nanofiber membranes for enhanced uranium recovery from seawater and wastewater,用于增强海水和废水提铀的高强度抗生物污损纳米纤维膜,Se Shi; Rui Wu; Shenli Meng; Guoping Xiao; Chunxin Ma; Guocheng Yang; Ning Wang,Journal of Hazardous Materials,2022,10.1016/j.jhazmat.2022.128983,73,"Ultrathin fibers can increase the contact area between adsorbents and seawater during the uranium extraction process; however, their construction usually aggravates the complex spinning technology and lowers their me­ chanical strength. Meanwhile, high strength and antifouling ability are essential for ocean adsorbents to with­ stand the complex natural environment and microbial systems. Herein, we design high-strength and anti- biofouling poly(amidoxime) nanofiber membranes (HA-PAO NFMs) via a supramolecular crosslinking. Bacte­ rial cellulose supplies the NFMs with ultrathin fiber structure,",https://doi.org/10.1016/j.jhazmat.2022.128983,pdf_collection_2026-09
2023393545,Polysiloxane-Based Block Copolymers with Marine Bacterial Anti-Adhesion Properties,具有海洋细菌抗黏附性能的聚硅氧烷基嵌段共聚物,The Hy Duong; Jean-François Briand; André Margaillan; Christine Bressy,ACS Applied Materials & Interfaces,2015,10.1021/acsami.5b04234,50,"Di- and triblock copolymers based on tert- butyldimethylsilyl methacrylate (MASi) and poly- (dimethylsiloxane) (PDMS) macro-RAFT agents were synthe- sized resulting in copolymers with predictable molar masses and low dispersities (Đ < 1.2). The block copolymers exhibited two glass transition temperatures, corresponding to the PDMS- and poly(tert-butyldimethylsilyl methacrylate) (PMASi)-enriched phases, respectively. Contact angle measurements revealed the inﬂuence of the copolymer composition on their surface free energy, with block copolymers exhibiting surface free energies as low as 15.0 mJ",https://doi.org/10.1021/acsami.5b04234,pdf_collection_2026-09
48659732,Rapid fabrication of zwitterionic coating on 316L stainless steel surface for marine biofouling resistance,316L不锈钢表面快速构建两性离子涂层用于海洋抗生物污损,Shiqiang Chen; Jiashun Shi; Yudi Zhao; Weigang Wang; Huimin Liao; Guangzhou Liu,Progress in Organic Coatings,2021,10.1016/j.porgcoat.2021.106552,20,"Zwitterionic polymers are considered as nontoxic fouling-resistant materials, and have been widely studied in recent years. However, the immobilization of zwitterionic polymers on metal surfaces still suffers from the complicated and time-consuming procedures. In this work, a zwitterionic polydopamine/poly(sulfobetaine methacrylate) (PDA/PSB) coating on 316L stainless steel surface was fabricated by simply immersing in a mixed solution of dopamine, sulfobetaine methacrylate (SB) and oxidants for 30 mins. The anti-fouling performance of PDA/PSB coating was evaluated in terms of organic molecule",https://doi.org/10.1016/j.porgcoat.2021.106552,pdf_collection_2026-09
5225533104,Biodegradable poly(ester)-poly(methyl methacrylate) copolymer for marine anti-biofouling,用于海洋抗生物污损的可生物降解聚酯-聚甲基丙烯酸甲酯共聚物,Guoxiong Dai; Qingyi Xie; Shanshan Chen; Chunfeng Ma; Guangzhao Zhang,Progress in Organic Coatings,2018,10.1016/j.porgcoat.2018.08.003,50,"Being biodegradable and eco-friendly, polyesters are promising in marine anti-biofouling. However, the slow degradation and poor adhesion limit their applications. In the present work, we have prepared poly(ester)-poly (methyl methacrylate) copolymer via radical ring-opening copolymerization of 2-methylene-1,3-dioxepane (MDO) and methyl methacrylate (MMA). The copolymer coating has good adhesion to substrate due to the incorporation of MMA moieties. The main-chain ester bonds from MDO enable the copolymer to enzymatically and hydrolytically degrade, and the degradation rate increases with the ",https://doi.org/10.1016/j.porgcoat.2018.08.003,pdf_collection_2026-09
4406096520,Biodegradable polymers for marine antibiofouling: Poly(&epsi;-caprolactone)/poly(butylene succinate) blend as controlled release system of organic antifoulant,用于海洋抗生物污损的可生物降解聚合物：聚(ε-己内酯)/聚丁二酸丁二醇酯共混物作为有机防污剂控释体系,Shanshan Chen; Chunfeng Ma; Guangzhao Zhang,Polymer,2016,10.1016/j.polymer.2016.03.017,51,"Polymer carrier is critical for the controlled release of antifoulant in marine anti-biofouling. We have prepared biodegradable polymer blend consisting of poly(ε-caprolactone) (PCL) and poly(butylene suc- cinate) (PBS) and used it as carrier of organic antifoulant (4,5-dichloro-2-octyl-isothiazolone). Polarizing optical microscope (POM) and differential scanning calorimetry (DSC) measurements show that the spherulite size of PCL decreases and its crystallinity slightly varies as PBS fraction increases leading the interfacial regions between PCL and PBS spherulites to increase in the total are",https://doi.org/10.1016/j.polymer.2016.03.017,pdf_collection_2026-09
5069192074,Refreshable self-polishing superhydrophobic coating on Mg alloy to prohibit corrosion and biofouling in marine environment,镁合金表面可更新自抛光超疏水涂层用于防止海洋环境腐蚀与生物污损,Bingzhi Li; Li Wang; Yan Su; Ri Qiu; Zhaoqi Zhang; Yibo Ouyang,Colloids and Surfaces A: Physicochemical and Engineering Aspects,2022,10.1016/j.colsurfa.2022.129693,15,"Corrosion susceptibility is a critical obstacle for Mg alloy usage in harsh environments. Bioinspired super­ hydrophobic surface (SHS) affords a new way to combat corrosion. However, problems, e.g., water vapor condensation and air dissolution, ceaselessly hurdle practical usage of SHS for long-term corrosion inhibition. In this report, targeting the corrosion inhibition of Mg alloy in seawater, a refreshable self-polishing super­ hydrophobic coating is bound onto AZ31 Mg alloy bridging via a ceramic/paraffin buffer layer to solve the two problems encountered by traditional SHS. Firstly, the l",https://doi.org/10.1016/j.colsurfa.2022.129693,pdf_collection_2026-09
6216210787,Fabrication of zwitterionic polymer-functionalized MXene nanosheets for anti-bacterial and anti-biofouling applications,两性离子聚合物功能化MXene纳米片的制备用于抗菌与抗生物污损应用,Yixin Zeng; Peng Wang; Baoluo He; Shujuan Liu; Qian Ye; Feng Zhou,Progress in Organic Coatings,2023,10.1016/j.porgcoat.2023.107727,28,"Marine biological pollution is a worldwide problem that poses a significant challenge in marine engineering. MXene nanosheets and zwitterionic polymers are promising materials for marine anti-biofouling and have attracted much attention. Herein, we self-assembled the polydopamine layer on the surface of MXene nanosheets (MXene-PDA), and then introduced the zwitterionic polymer (PEIS) by Michael addition reaction onto the PDA layer to obtain the zwitterionic polymer-functionalized MXene nanosheets (MXene-PEIS). The as-prepared MXene-PEIS exhibits excellent antifouling performance through the co",https://doi.org/10.1016/j.porgcoat.2023.107727,pdf_collection_2026-09
6303542620,Impacts of different characteristics of marine biofouling on ship resistance,海洋生物污损不同特征对船舶阻力的影响,Youjia Zou; Xixi Zhou; Lixiong Chen; Xiangying Xi,Ocean Engineering,2023,10.1016/j.oceaneng.2023.114415,25,"Ship resistance research on marine biofouling is an old but hot topic which invokes plenty of studies recently. Previous studies on the surface roughness of ship hulls mainly focus on the height of micro-organisms or macro- organisms adhered to ship hulls without considering other components which may indeed play an important role in generating additional resistance. Many authors attempt to use a single parameter, for example, height of the biofoulers, to describe the hull roughness. Our research indicate that any single factor affecting ship hull roughness can not completely reflect the compo",https://doi.org/10.1016/j.oceaneng.2023.114415,pdf_collection_2026-09
4989240473,Achieving anti-corrosion and anti-biofouling dual-function self-healing coating by natural carrier attapulgite loading with 2-Undecylimidazoline,天然载体凹凸棒石负载2-十一烷基咪唑啉构建防腐-抗生物污损双功能自修复涂层,Yinghao Wu; Jinming Wei; Xiaolu Shi; Wenjie Zhao,Journal of Materials Science & Technology,2023,10.1016/j.jmst.2022.11.029,44,"In the marine environment, the protective coatings face serious corrosion and biofouling problem, lim- itations, and challenges that made self-healing coatings unable to perform both anti-corrosion and anti-biofouling dual-function at the same time. Here we constructed the corrosion resistance and anti-biofouling self-healing coating by integrating nano-containers into the coating matrix, the 2- Undecylimidazoline (ULM) acted as a corrosion inhibitor and anti-biofouling dual-functional agent which was loaded on the natural container attapulgite (ATP). To obtain high healing eﬃciency, a ﬂuidity",https://doi.org/10.1016/j.jmst.2022.11.029,pdf_collection_2026-09
6279397541,,,,,2018,10.11777/j.issn1000-3304.2018.18074,,,https://doi.org/10.11777/j.issn1000-3304.2018.18074,pdf_collection_2026-09
5563149672,Nature-inspired silicone-polythiourethane coatings based on capsaicin analogue for marine biofouling control,基于辣椒素类似物的仿生有机硅-聚硫氨酯涂层用于海洋生物污损控制,Kang Feng; Sheng Li; Najla AlMasoud; Jiaying Li; Yue Ma; Congying Yin; Zeyu Jie; Yiding Wang; Taghrid S. Alomar; Xia Li,Chemical Engineering Journal,2025,10.1016/j.cej.2025.164362,11,"Capsaicin analogue, as natural product analogues, have demonstrated significant anti-fouling effects. However, few studies have explored the fluorescence properties of capsaicin in marine biofouling control. A novel capsaicin analogue, N-(2-ethoxynaphthalene)-acrylamide (NEA), was successfully synthesized through a Friedel-Crafts alkylation reaction. A series of nature-inspired silicone-polythiourethane coatings based on capsaicin analogue, denoted as PP-NEA-x, were prepared via a thiol-ene click reaction. Due to the polythiourethane matrix, these coatings exhibited excellent mechanical proper",https://doi.org/10.1016/j.cej.2025.164362,pdf_collection_2026-09
7227281176,"Functional nanomaterials, synergisms, and biomimicry for environmentally benign marine antifouling technology",面向环境友好海洋防污技术的功能纳米材料、协同效应与仿生设计,Avishek Kumar; Ahmed AL-Jumaili; Olha Bazaka; Elena P. Ivanova; Igor Levchenko; Kateryna Bazaka; Mohan V. Jacob,Materials Horizons,2021,10.1039/d1mh01103k,88,,https://doi.org/10.1039/d1mh01103k,pdf_collection_2026-09
8740184250,Biofouling in industrial equipment: a look at quorum sensing and quorum quenching as anti-fouling strategies in membrane bioreactors,工业设备中的生物污损：群体感应与群体感应淬灭作为膜生物反应器防污策略,Anusha Yethadka Ganaraja; Lavanya Mulky,Environmental Technology Reviews,2024,10.1080/21622515.2024.2317819,9,,https://doi.org/10.1080/21622515.2024.2317819,pdf_collection_2026-09
6752130956,Dynamic Surface Antifouling Materials,动态表面防污材料,Man Wang; Chunfeng Ma; Guangzhao Zhang,Chinese Journal of Chemistry,2023,10.1002/cjoc.202300321,20,,https://doi.org/10.1002/cjoc.202300321,pdf_collection_2026-09
2964148828,Nacre‐Inspired Metal‐Organic Framework Coatings Reinforced by Multiscale Hierarchical Cross‐linking for Integrated Antifouling and Anti‐Microbial Corrosion,珍珠层仿生金属有机框架涂层经多尺度分级交联强化实现防污与抗微生物腐蚀一体化,Zhiqun Yu; Xiangyu Li; Xianghong Li; Borui Zheng; Dianzhong Li; Dake Xu; Fuhui Wang,Advanced Functional Materials,2023,10.1002/adfm.202305995,103,,https://doi.org/10.1002/adfm.202305995,pdf_collection_2026-09
3734846401,Demystifying AI and ML for Cyber–Threat Intelligence,揭秘面向网络威胁情报的人工智能与机器学习,,,,,,,,pdf_collection_2026-09
6534549634,Bio‐Based Anti‐Biofoulant with Copper(II) as Intramolecular Catalyst for Radicals Formation,以铜(II)作为分子内自由基生成催化剂的生物基抗生物污损剂,Jinbo Chen; Guangming Lu; Yu Hao; Yichao Lu; Liang‐Feng Huang; Yajie Zhang,Advanced Materials Interfaces,2023,10.1002/admi.202201882,12,,https://doi.org/10.1002/admi.202201882,pdf_collection_2026-09
3491577941,A bibliometric analysis of cellulose anti-fouling in marine environments,海洋环境中纤维素防污的文献计量学分析,Nicky Rahmana Putra; Abdi Ismail; Dian Purnama Sari; Nurcholis Nurcholis; Totok Triputrastyo Murwatono; Rina Rina; Yuniati Yuniati; Endah Suwarni; Agus Sasmito; Putri Virliani,Heliyon,2024,10.1016/j.heliyon.2024.e28513,17,"Marine biofouling poses significant challenges to maritime industries worldwide, affecting vessel performance, fuel efficiency, and environmental sustainability. These challenges demand inno­ vative and sustainable solutions. In this review, the evolving landscape of cellulose-based ma­ terials for anti-fouling applications in marine environments is explored. Through a comprehensive bibliometric analysis, the current state of research is examined, highlighting key trends, emerging technologies, and geographical distributions. Cellulose, derived from renewable resources, offers a promising aven",https://doi.org/10.1016/j.heliyon.2024.e28513,pdf_collection_2026-09
2511156010,Antifouling and anti-algal effects of chitosan nanocomposite (TiO2/Ag) and pristine (TiO2 and Ag) films on marine microalgae Dunaliella salina,壳聚糖纳米复合(TiO2/Ag)与单一(TiO2和Ag)薄膜对海洋微藻盐生杜氏藻的防污抗藻效果,Saravanan Natarajan; D. Shanthana Lakshmi; Vignesh Thiagarajan; P. Mrudula; N. Chandrasekaran; Amitava Mukherjee,Journal of Environmental Chemical Engineering,2018,10.1016/j.jece.2018.10.050,60,"Biofouling is the main problem for marine water systems such as the immersed leisure vessels, oceanographic sensors, heat exchangers, and ship hulls. The obstacle of biofouling created by barnacles, mussels, bacteria, and micro and/or macro algal species. To overcome this problem, some metal nanoparticles incorporated ﬁlms and membranes were employed to control the biofouling. In this study, metal nanoparticles (Ag NPs and TiO2) of diﬀerent concentrations (0.25, 0.5, 0.75 wt %) were incorporated with chitosan polymer to fabricate nano- composite and pristine ﬁlms. The biofouling inhibition was",https://doi.org/10.1016/j.jece.2018.10.050,pdf_collection_2026-09
3068189425,Strong yet tough cross-linked oligosiloxane elastomer with impact-resistant and antifouling properties,兼具抗冲击与防污性能的强而韧交联低聚硅氧烷弹性体,Man Wang; Qingyi Xie; Jiansen Pan; Chunfeng Ma; Guangzhao Zhang,Chemical Engineering Journal,2023,10.1016/j.cej.2023.142769,45,"Polyurea with strong hydrogen bond interactions has excellent mechanical strength, toughness, and strain-rate- dependent behavior. However, the too fast polymerization and lack of functions limit its applications. In this study, a high-strength polyurea elastomer with impact resistance and antifouling function was prepared with secondary amine–oligosiloxane nanoclusters and a diisocyanate-terminated polytetrahydrofuran (PTMG)-based prepolymer, where the nanoclusters provide mechanical strength and antifouling ability while the urea segments give elasticity and toughness. Due to the lower react",https://doi.org/10.1016/j.cej.2023.142769,pdf_collection_2026-09
9813594781,Al/Cu Enhancement in Marine Anti‐Biofouling and Anti‐Biocorrosion Performance of High‐Entropy Alloys,Al/Cu增强高熵合金的海洋抗生物污损与抗微生物腐蚀性能,Linlin Yang; Enze Zhou; Yizhe Dong; Jiajie He; Zehong Tian; Bei Liu; Yalin Wu; Zhilin Li; Zishuai Zhou; Xiangyu Li,Advanced Functional Materials,2025,10.1002/adfm.202502816,12,,https://doi.org/10.1002/adfm.202502816,pdf_collection_2026-09
6954309302,Multi-strategy combined bionic coating for long-term robust protection against marine biofouling,多策略复合仿生涂层用于长期稳健抵御海洋生物污损,Nan Zheng; Bo Jia; Jie Liu; Xiaojun Wang; Duo Zhang; Hairan Zhang; Guoqing Wang,Journal of Materials Science & Technology,2025,10.1016/j.jmst.2024.05.025,50,"Polyurethane-ﬂuorinated polysiloxane (PU-F PDMS) with high-strength, high-bonding and low surface en- ergy is synthesized as the matrix, and the PU-F PDMS/MCs/Ag marine anti-fouling coating on the sur- face of imitation crab shells is constructed by assembling butenolide@1,1-stilbene-modiﬁed hydrolyzed polyglycidyl methacrylate/graphene oxide microcapsules (Bu@PGMAm /GO MCs) with compact multi-shell structure and Ag nanoparticles (AgNPs) step by step on the PU-F PDMS matrix. The PU-F PDMS/MCs/Ag bionic anti-fouling coatings achieve long-term and stable anti-fouling effect under the combination",https://doi.org/10.1016/j.jmst.2024.05.025,pdf_collection_2026-09
9697431816,Polymeric material for anti-biofouling,抗生物污损聚合物材料,Chunfeng Ma; Hongjun Yang; Xi Zhou; Bo Wu; Guangzhao Zhang,Colloids and Surfaces B: Biointerfaces,2012,10.1016/j.colsurfb.2012.04.045,45,"Copolymerization of methyl methacrylate (MMA) and acrylate terminated poly(ethylene oxide-co- ethylene carbonate) (PEOC) macromonomer yields graft copolymer with PEOC side chains. By use of quartz crystal microbalance with dissipation (QCM-D), we have investigated the adsorption of proteins on the surface constructed by the copolymer in seawater. It shows the polymeric surface exhibits protein resistance depending on the content of the side chains. Marine ﬁeld tests show the protein resistant surface can effectively inhibit marine biofouling for more than 12 weeks. © 2012 Elsevier B.V. All rig",https://doi.org/10.1016/j.colsurfb.2012.04.045,pdf_collection_2026-09
2885290950,"Hydrophilic polymer-based anti-biofouling coatings: Preparation, mechanism, and durability",亲水聚合物基抗生物污损涂层：制备、机理与耐久性,Zixu Huang; Hadi Ghasemi,Advances in Colloid and Interface Science,2020,10.1016/j.cis.2020.102264,88,"a r t i c l e i n f o Article history: 2 September 2020 Available online 9 September 2020 Keywords: Hydrophilic polymers Anti-biofouling Durability Zwitterion Coatings Anti-biofouling materials that combat microorganism attachment have been intensively studied due to the ever-growing demand on smart and durable coatings. Although various hydrophilic polymer surfaces demon- strated superior anti-biofouling properties, their practical application was hampered by the undesired mechan- ical vulnerability and complicated fabrication process. In this review, we summarized the mechanically and chemic",https://doi.org/10.1016/j.cis.2020.102264,pdf_collection_2026-09
149455274,Evaluation of biofouling behavior of zwitterionic silane coated reverse osmosis membranes fouled by marine bacteria,海洋细菌污染下两性离子硅烷涂层反渗透膜生物污损行为评估,Farzin Saffarimiandoab; Bahar Yavuzturk Gul; Selda Erkoc-Ilter; Serkan Guclu; Serkan Unal; Bahadir Tunaboylu; Yusuf Z. Menceloglu; Ismail Koyuncu,Progress in Organic Coatings,2019,10.1016/j.porgcoat.2019.05.027,34,"Zwitterionic modiﬁcation of membrane surfaces is a promising approach to decrease membrane biofouling. In this study, biofouling properties of two commercial polyamide (PA) reverse osmosis (RO) desalination mem- branes coated with zwitterionic sulfobetaine silane compounds including4-(diethyl(3-(trimethoxysilyl)propyl) ammonia)butane-1-sulfonate (EPBS) and 3-(dimethyl(3-(trimethoxysilyl)propyl)ammonia)propane-1-sulfonate (MPPS) were investigated using ﬁve diﬀerent marine bacteria isolated from Bosphorus, Turkey. To mimic the real environment, new marine strains were isolated for the biofouling",https://doi.org/10.1016/j.porgcoat.2019.05.027,pdf_collection_2026-09
1030969422,Design of slippery organogel layer with room-temperature self-healing property for marine anti-fouling application,具有室温自修复性能的滑移有机凝胶层设计用于海洋防污应用,Hao Zhang; Yuanzhen Liang; Peng Wang; Dun Zhang,Progress in Organic Coatings,2019,10.1016/j.porgcoat.2019.03.020,58,"Slippery liquid-infused porous surfaces (SLIPS) was proven to be a potential strategy for inhibiting marine biofouling, which is an economic and environmental problem. The traditional SLIPS fabricated based on ca- pillary effect of micro-structure was prone to be damaged in practical application. To solve this problem, a slippery organogel layer (OG) was designed by infusing silicone oil into poly(dimethylsiloxane) based polyurea (PDMS-PUa) synthesized from α, ω-Aminopropyl terminated poly(dimethylsiloxane) (APT-PDMS) and iso- phorone diisocyanate (IPDI). The self-healing property of the subst",https://doi.org/10.1016/j.porgcoat.2019.03.020,pdf_collection_2026-09
6315443413,"Functional polymer–ceramic hybrid coatings: Status, progress, and trend",功能聚合物-陶瓷杂化涂层：现状、进展与趋势,Zhenqiang Zhang; Yinjie Huang; Qingyi Xie; Guojun Liu; Chunfeng Ma; Guangzhao Zhang,Progress in Polymer Science,2024,10.1016/j.progpolymsci.2024.101840,57,"The pursuit of achieving both ceramic-like hardness and polymer-like ﬂexibility in a coating, known as a polymer–ceramic hybrid coating, is a challenging yet highly desirable goal. The application of these coatings spans various domains such as foldable displays, wearable devices, maritime industries, and biomedical engineering. Particularly, endowing polymer–ceramic hybrid coatings with functions such as transparency, anti-liquid adhesion, anti-biofouling, and self-healing expand their potential in ﬁelds ne- cessitating highly protective performance, which have gained signiﬁcant attention in ",https://doi.org/10.1016/j.progpolymsci.2024.101840,pdf_collection_2026-09
3288241953,Indole-functionalized polythiourethane/tetrapodal shaped ZnO nanocomposites for eco-friendly marine biofouling control,吲哚功能化聚硫氨酯/四针状ZnO纳米复合材料用于环境友好海洋生物污损控制,Kang Feng; Haoyi Qiu; Anna Gapeeva; Xia Li; Yan Li; Sören Kaps; Yogendra Kumar Mishra; Rainer Adelung; Martina Baum; Liangmin Yu,Progress in Organic Coatings,2023,10.1016/j.porgcoat.2023.107939,7,"Antifouling coatings for marine use are a widely employed method for controlling the settlement and growth of unwanted aquatic organisms on surfaces. In this study, indole derivative N-(1H-5-bromo indole-3-ylmethyl) acrylamide (BIAM)-functionalized polythiourethane (PTU)/tetrapodal shaped zinc oxide (t-ZnO) nano­ composites (PTU/BIAM/t-ZnO) were synthesized through a Friedel–Crafts Alkylation reaction, thiol-ene click reaction and polyaddition reaction. Nanocomposites' surface characteristics, such as surface free energy, chemical composition, and surface morphology were investigated here. The",https://doi.org/10.1016/j.porgcoat.2023.107939,pdf_collection_2026-09
8579354076,Self-regenerating zwitterionic hyperbranched polymer with tunable degradation for anti-biofouling coatings,具有可调降解性的自再生两性离子超支化聚合物用于抗生物污损涂层,Jiansen Pan; Liqin Mei; Huan Zhou; Cong Zhang; Qingyi Xie; Chunfeng Ma,Progress in Organic Coatings,2022,10.1016/j.porgcoat.2021.106674,18,"Regeneration of zwitterionic surfaces is a promising strategy to combat biofouling. In this study, we have pre­ pared degradable hyperbranched anti-biofouling polymers of methyl methacrylate, tertiary carboxybetaine ester (TCB), and divinyl monomers via reversible addition-fragmentation chain transfer (RAFT) polymerization. The degradation rate of such polymers is a function of the content or type of divinyl monomers. As the content of methacrylic anhydride (MAAH) increases, the degradation rate of the polymer becomes faster; whereas, a change of the divinyl monomers causes the degradation rat",https://doi.org/10.1016/j.porgcoat.2021.106674,pdf_collection_2026-09
9383973007,Marine antifouling coatings with surface topographies triggered by phase segregation,通过相分离触发表面形貌的海洋防污涂层,Xin Su; Ming Yang; Dezhao Hao; Xinglin Guo; Lei Jiang,Journal of Colloid and Interface Science,2021,10.1016/j.jcis.2021.04.031,45,"Marine biofouling is a ubiquitous and longstanding challenge that causes both economic and environ- mental problems. To address this, several antifouling strategies have been proposed, such as the release of biocidal compounds or surface chemical/physical design. Here we report a coating with surface struc- tures (chemical heterogeneity) triggered by phase segregation, which endues the good antifouling prop- erties, alongside robust mechanical properties, low underwater oil adhesion, and excellent optical transparency. This is achieved by arranging the hydrophobic and hydrophilic components to",https://doi.org/10.1016/j.jcis.2021.04.031,pdf_collection_2026-09
2679914983,Marine biofouling mitigation of PDMS-based network coating with cross-linked contact- and release-active organoalkoxysilane,采用交联接触-释放双活性有机烷氧基硅烷的PDMS基网络涂层缓解海洋生物污损,Yihan Sun; Haibin Zhao; Yuanyuan Shen; Peng Wang,Progress in Organic Coatings,2024,10.1016/j.porgcoat.2024.108743,4,"Poly (dimethylsiloxane) (PDMS) elastomer is one of key polymer resins for fouling release (FR) coatings, but it shows extremely poor antifouling (AF) activity in seawater since bacteria and diatoms could readily attach to surface. Modifying PDMS-based coatings via incorporating antifouling additives is effective for enhancing overall FR and AF activity. In this work, we prepared a well-defined organoalkoxysilane coating additive with quater- nary ammonium and benzoisothiazolinone pendent groups, and the synthesized copolymers were covalently conjugated onto PDMS network in a one-pot reaction. ",https://doi.org/10.1016/j.porgcoat.2024.108743,pdf_collection_2026-09
2476286933,Zwitterionic–polyurethane coatings for non-specific marine bacterial inhibition: A nontoxic approach for marine application,用于非特异性抑制海洋细菌的两性离子-聚氨酯涂层：面向海洋应用的无毒方法,S. Anthony Yesudass; Smita Mohanty; Sanjay K. Nayak; Chandi C. Rath,European Polymer Journal,2017,10.1016/j.eurpolymj.2017.09.019,27,"The present work reports synthesis and development of zwitterionic tri-block copolymer-poly- urethane (ZTC-PU) coatings which are thermally stable and have hydrophobic properties which can be used for marine applications. The zwitterionic tri-block copolymer (ZTC) (poly(sulfobe- taine methacrylate) - polydimethylsiloxane - poly(sulfobetaine methacrylate), polySBMA-block- PDMS-block-polySBMA) was synthesized by ATRP (atom transfer radical polymerization) method. Apart from this, the facile synthesis of silane functionalized acrylic polyol was for- mulated with 4,4′- Methylene dicyclohexyl diiso",https://doi.org/10.1016/j.eurpolymj.2017.09.019,pdf_collection_2026-09
7177933114,Facile preparation of structured zwitterionic polymer substrate via sub-surface initiated atom transfer radical polymerization and its synergistic marine antifouling investigation,亚表面引发原子转移自由基聚合简便制备结构化两性离子聚合物基材及其协同海洋防污研究,Hui Liu; Zhengfeng Ma; Wufang Yang; Xiaowei Pei; Feng Zhou,European Polymer Journal,2019,10.1016/j.eurpolymj.2018.07.025,61,"In this paper, using one-step method of sub-surface initiated atom transfer radical polymerization (SSI-ATRP), the novel polymer brushes accompanied with structured surface were prepared on the resin base. Compared with the traditional surface initiated atom transfer radical polymerization (SI-ATRP) method, either surface chemical composition or topography was obtained through SSI-ATRP synchronously. Besides, we found that the struc- tured polymers brush interface had better stability and long-term synergistic antifouling eﬀect under seawater medium through soaking experiment and ocean ﬁeld as",https://doi.org/10.1016/j.eurpolymj.2018.07.025,pdf_collection_2026-09
9591809343,Silicone low surface energy antifouling coating modified by zwitterionic side chains with strong substrate adhesion,两性离子侧链改性、基底附着力强的有机硅低表面能防污涂层,Dejin Zhang; Susu Zhao; Zhihao Rong; Kaiming Zhang; Chuanhui Gao; Yumin Wu; Yuetao Liu,European Polymer Journal,2022,10.1016/j.eurpolymj.2022.111529,50,"Silicone fouling release coatings were receiving increasing concern due to of their eco-friendly properties. However, their poor fouling resistance capability and mechanical properties limited the applications. Herein, we reported a type of silicone low surface energy coating with zwitterionic side chains and the carbamates group was introduced into the Si-O main chain. The carbamates groups and zwitterions provided strong substrate adhesion up to 2.0 MPa through hydrogen bond and ion interaction which also endowed the good mechanical properties higher than 6.0 MPa. The coating had a low surfa",https://doi.org/10.1016/j.eurpolymj.2022.111529,pdf_collection_2026-09
9189621916,Synergistically Improved Antifouling Efficiency of a Bioinspired Self-renewing Interface via a Borneol/ Boron Acrylate Polymer,冰片/硼丙烯酸酯聚合物协同提升仿生自再生界面的防污效率,Fan Song; Jun Wang; Linlin Zhang; Rongrong Chen; Qi Liu; Jingyuan Liu; Jing Yu; PeiLi Liu; Jizhou Duan,Journal of Colloid and Interface Science,2022,10.1016/j.jcis.2021.12.187,26,"Underwater facilities are often perplexed by severe and ubiquitous biofouling. The widely applied com- mercial antifouling materials still have several challenges in static applications. Herein, a polymer con- taining isoborneol and borane (PBABs), the borneol derivative structure and grafted pyridine- triphenylborane (PTPB) as antifouling groups were prepared by radical polymerization. PBABs showed high antibacterial rates for Escherichia coli (E. coli) and Staphylococcus aureus (S. aureus) of up to 95.1% and 81.1%, respectively, conﬁrming superior antibacterial adhesion propertys. More impor",https://doi.org/10.1016/j.jcis.2021.12.187,pdf_collection_2026-09
1235141147,Functional polymer materials for modern marine biofouling control,面向现代海洋生物污损控制的功能聚合物材料,Haoyi Qiu; Kang Feng; Anna Gapeeva; Kerstin Meurisch; Sören Kaps; Xia Li; Liangmin Yu; Yogendra Kumar Mishra; Rainer Adelung; Martina Baum,Progress in Polymer Science,2022,10.1016/j.progpolymsci.2022.101516,358,"Marine biofouling is a well-known massive problem: within the shortest time, ship hulls and other man-made submerged surfaces are inevitably populated by various marine organisms. Marine biofouling causes severe economic and environmental problems. Thus, effective biofouling control on submerged surfaces is of utmost importance. Since the middle of the 20th century, scientists and engineers have developed antifouling coatings mainly based on the continuous release of toxic metal ions and accompa- nying booster biocides to repel or kill organisms approaching the surface. However, these coatings",https://doi.org/10.1016/j.progpolymsci.2022.101516,pdf_collection_2026-09
3928622469,Self-repairing and anti-fouling performance of anticorrosive coating in marine environment,海洋环境中防腐涂层的自修复与防污性能,Xiao Wu; Chao Yang; Lingli Wu; Chuchu Zhang; Gan Cui; Yanping Xin,Polymer Testing,2023,10.1016/j.polymertesting.2023.108090,23,"Microcrack damage repair and microbial contamination prevention are two major challenges for anti-corrosion coatings on the surfaces of underwater installations. In this study, water-triggered self-healing microcapsules were combined with low-surface-energy fluoropolymers to prepare a bifunctional anti-corrosion coating with underwater self-healing and bio-fouling properties. The results showed that the prepared microcapsules had good mechanical, thermal, and environmental stability, with an average diameter of 153 μm and an encapsulation rate of 66.7%. When the microcapsule content in the coa",https://doi.org/10.1016/j.polymertesting.2023.108090,pdf_collection_2026-09
6122978884,Mimetic marine antifouling films based on fluorine-containing polymethacrylates,基于含氟聚甲基丙烯酸酯的仿生海洋防污薄膜,Qianhui Sun; Hongqi Li; Chunying Xian; Yihang Yang; Yanxi Song; Peihong Cong,Applied Surface Science,2015,10.1016/j.apsusc.2015.03.101,26,"Novel methacrylate copolymers containing catechol and triﬂuoromethyl pendant side groups were syn- thesized by free radical polymerization of N-(3,4-dihydroxyphenyl)ethyl methacrylamide (DMA) and 2,2,2-triﬂuoroethyl methacrylate (TFME) with ,′-azobisisobutyronitrile (AIBN) as initiator. A series of copolymers with different content of TFME ranging from 3% to 95% were obtained by changing the molar ratio of DMA to TFME from 25:1 to 1:25. Fourier transform infrared (FT-IR) spectroscopy, gel permeation chromatography (GPC), thermal gravimetric analysis (TGA), differential scanning calorimetry (",https://doi.org/10.1016/j.apsusc.2015.03.101,pdf_collection_2026-09
5396961975,A zwitterionic terpolymer based coating potentially for antibacterial and antifouling applications,具有抗菌与防污应用潜力的两性离子三元共聚物涂层,Xiaoyuan Yin; Wencheng Liang; Youchang Wang; Yan Xiao; Yan Zhou; Meidong Lang,Materials Chemistry and Physics,2021,10.1016/j.matchemphys.2020.124102,14,"Antifouling materials are highly demanded in global marine market due to increasingly aggravated marine biofouling problem and unbalanced marine ecology. Herein, poly (vinyl imidazole-co-hydroxypropyl methac­ rylate-co-butyl acrylate) (P(VIm-co-HPMA-co-BA)) was prepared via free radical polymerization of commercially available monomers of vinyl imidazole (VIm), hydroxypropyl methacrylate (HPMA) and butyl acrylate (BA). Then the zwitterionic terpolymer (P(VPS-co-HPMA-co-BA)) was obtained by ionicalization of P(VIm-co-HPMA- co-BA) with 1, 3-propionate lactone (1, 3-PS) in EtOH solutions. Further",https://doi.org/10.1016/j.matchemphys.2020.124102,pdf_collection_2026-09
2913180949,Preparation of fluorinated/silanized polyacrylates amphiphilic polymers and their anticorrosion and antifouling performance,氟化/硅烷化聚丙烯酸酯两亲性聚合物的制备及其防腐防污性能,Benfeng Zhu; Zehan Liu; Jiao Liu; Yumeng Yang; Yanbin Meng; Fang Yu; Li Jiang; Guoying Wei; Zhao Zhang,Progress in Organic Coatings,2020,10.1016/j.porgcoat.2019.105510,18,"A series of ﬂuorinated/silanized polyacrylates amphiphilic polymers were successfully synthesized by changing its ﬂuorinated groups content (CFP) and then thoroughly characterized. A modiﬁed corrosion resistance (RSd) that takes the polymer ﬁlm thickness into account was proposed to evaluate the anticorrosion performance of the polymers. The results show that the thermal stability of all polymers is high with the decomposition temperature being higher than 330 °C, and the RSd larger than 108 Ωcm2 μm−1 even after immersion in 3.5 wt% NaCl static solution for 7 d. Meanwhile, almost all the polym",https://doi.org/10.1016/j.porgcoat.2019.105510,pdf_collection_2026-09
9732818452,Preparation and evaluation of fouling-release properties of amphiphilic perfluoropolyether-zwitterion cross-linked polymer films,两亲性全氟聚醚-两性离子交联聚合物薄膜污损释放性能的制备与评估,Antonio J. Ruiz-Sanchez; Andrew J. Guerin; Osama El-Zubir; Gema Dura; Claudia Ventura; Luke I. Dixon; Andrew Houlton; Benjamin R. Horrocks; Nicholas S. Jakubovics; Pier-Antonio Guarda,Progress in Organic Coatings,2020,10.1016/j.porgcoat.2019.105524,27,"The biofouling of marine structures presents a problem for maritime industries, including increasing fuel and operational costs. There has been much work developing and evaluating chemically ‘ambiguous’ amphiphilic coatings based upon hydrophobic ﬂuoropolymer and hydrophilic poly(ethylene glycol) (PEG). Many of these coatings have shown good fouling-release performance against diatoms, which present a fouling challenge to commercially-available state-of-the-art silicone-based fouling-release coatings. However, PEG is prone to oxi- dation, which limits its practical use in the marine environmen",https://doi.org/10.1016/j.porgcoat.2019.105524,pdf_collection_2026-09
8572783758,A polyvinylpyrrolidone-based surface-active copolymer for an effective marine antifouling coating,用于高效海洋防污涂层的聚乙烯基吡咯烷酮基表面活性共聚物,Hongshuang Guo; Xinmeng Liu; Weiqiang Zhao; Changhai Xie; Yingnan Zhu; Chiyu Wen; Qingsi Li; Xiaojie Sui; Jing Yang; Lei Zhang,Progress in Organic Coatings,2021,10.1016/j.porgcoat.2020.105975,31,"Currently, it is highly desirable to develop a stable and effective antifouling coating in maritime industries. In this work, a novel surface-active copolymer basing on hydrophilic polyvinylpyrrolidone (PVP) and hydrophobic poly (dimethylsiloxane) (PDMS) was designed and incorporated into a crosslinked PDMS matrix to form a surface- renewable antifouling coating. In the copolymer, PVP segments possessed a chemical stability and could pre­ vent the settlement of fouling organisms attributable to its strong hydrophilicity; PDMS endowed the copolymer with compatibility to PDMS matrix and could ef",https://doi.org/10.1016/j.porgcoat.2020.105975,pdf_collection_2026-09
1845428435,Fabrication of amphiphilic self-healing coatings with high mechanical properties and their antifouling performance,高力学性能两亲性自修复涂层的制备及其防污性能,Ziyuan Liu; Chunju He,Progress in Organic Coatings,2023,10.1016/j.porgcoat.2022.107371,15,"A self-healing antifouling coating with excellent mechanical strength was prepared via a simple “one-step” method. A series of well-designed amphiphilic block copolymer polydimethylsiloxane-poly(2-(dimethylamino) ethyl methacrylate) (PDMS-PDMAEMA) synthesized by atom transfer radical polymerization was introduced to the self-healing polydimethylsiloxane-based polyurethane (PDMS-PU) system, which was further zwitter­ ionized during solidification. The slight swelling resulting from zwitterionic segments promoted the contact fusion rate of the mechanically damaged parts, which improved the under",https://doi.org/10.1016/j.porgcoat.2022.107371,pdf_collection_2026-09
2606840878,Dynamic migration mechanism of borneol synergistic polyethylene glycol for the construction of silicon-acrylate antifouling coating,冰片协同聚乙二醇动态迁移机制构建硅丙防污涂层,Wei Zhao; Rongrong Chen; Peili Liu; Jing Yu; Qi Liu; Jingyuan Liu; Jiahui Zhu; Shifeng Guo; Jun Wang,Progress in Organic Coatings,2024,10.1016/j.porgcoat.2023.107946,6,"Silicone-based coatings are vulnerable to marine fouling organisms in static environments, which seriously hampers its practical application. Here, an amphiphilic acrylate polymer is designed by hydrophilic polyethylene glycol and antibacterial borneol, which is introduced into polydimethylsiloxane (PDMS) by covalent linking to prepare antifouling coatings. XPS and CA tests prove that amphiphilic acrylate polymer can migrate to coating surface in the marine environment to maximize antifouling properties. Mytilus edulis foot protein adhesion test find it can weaken interface force between Mefp-",https://doi.org/10.1016/j.porgcoat.2023.107946,pdf_collection_2026-09
7155451007,Molecular structure design of polybenzoxazines with low surface energy and low modulus for marine antifouling application,面向海洋防污应用的低表面能低模量聚苯并噁嗪分子结构设计,Jipeng Chen; Weibin Bai; Rongkun Jian; Yucai Lin; Xiaoxiao Zheng; Fangfang Wei; Qi Lin; Fengcai Lin; Yanlian Xu,Progress in Organic Coatings,2024,10.1016/j.porgcoat.2023.108165,26,"The antifouling mechanism of low surface energy marine antifouling coatings is fouling release, and the key to fouling release is the adhesion strength of fouling organisms on the coating surface. Herein, we report an antifouling strategy to improve the fouling release performance of antifouling coatings by control the surface free energy and elastic modulus. Natural biomass cardanol-based benzoxazine monomers with different structures were designed by molecular structure and successfully synthesized via Mannich condensation. Detailed infor­ mation of the chemical structure for the benzoxazine",https://doi.org/10.1016/j.porgcoat.2023.108165,pdf_collection_2026-09
2297883087,Enhanced antifouling performance with a synergistic effect of self-renewal antifouling and contact bacteriostasis via the ionic exchange,借助离子交换实现自更新防污与接触抑菌协同的增强防污性能,Qiang Li; Qi Yang; Zheng Cao; Xiang Le; Fandong Meng; Yongyuan Ren; Quan Liu; Qinghua Zhang,Progress in Organic Coatings,2024,10.1016/j.porgcoat.2024.108471,4,"It is extremely difficult for traditional coatings for antifouling constructed around a single antifouling strategy to adapting to the demands of complex marine environment. Herein, a poly-ionic liquid-based germicidal polyacrylate-3 coating (AFC-3) was prepared via free radical photo-copolymerization using isooctyl acrylate (2- EHA), butyl acrylate (BA) and ionic liquid monomer (IL-PF6) as monomers. Besides the contact bacteriostasis mechanisms, the introduction of IL-PF6 achieved the switch between self-renewal and hydrophilic surface by the exchange of PF6 −and Cl−in artificial seawater. Re",https://doi.org/10.1016/j.porgcoat.2024.108471,pdf_collection_2026-09
3031731196,Schiff base modified polyurethane coating with enhanced mechanical property for marine antifouling application,席夫碱改性增强力学性能聚氨酯涂层用于海洋防污应用,Silei Liu; Rongrong Chen; Qi Liu; Jingyuan Liu; Jiahui Zhu; Gaohui Sun; Hongsen Zhang; Jun Wang,Progress in Organic Coatings,2025,10.1016/j.porgcoat.2025.109138,8,"Silicone coatings cannot completely prevent the adhesion of marine organisms on hull surfaces under static conditions. In this study, a Schiff base modified polyurethane antifouling coating (PUx-SBSi) was prepared by a facile method. The silicone modified by Schiff base not only retained the low surface energy characteristic, but also effectively addressed the inherent issue of insufficient static antifouling performance in single silicone-based materials. The PUx-SBSi coatings inhibited the adhesion of marine bacteria (Pseudomonas xiamenensis (P. xiamenensis)) up to 95.3 %. Furthermore, the P",https://doi.org/10.1016/j.porgcoat.2025.109138,pdf_collection_2026-09
7126454614,"Transparent, hydrophobic, self-polishing organosilicon-modified zinc acrylate polymer coating for marine antifouling",透明疏水自抛光有机硅改性丙烯酸锌聚合物海洋防污涂层,Zheng Wang; Enhui He; Guanglei Song; Xiaohui Jiang; Liangmin Yu,Progress in Organic Coatings,2025,10.1016/j.porgcoat.2025.109143,9,"Considering the increasing efforts toward marine environment protection, the replacement of the conventional self-polishing antifouling coatings with their ecofriendly alternatives is urgently required. The key aspect of this transformation is the augmentation of the antifouling capabilities of matrix resins, which enables a substantial reduction in the use of antifouling agents. Consequently, research on high-performance self-polishing antifouling matrix resins is of utmost importance. Herein, to prepare a multifunctional zinc acrylate polymer for marine antifouling, an acrylate siloxane mono",https://doi.org/10.1016/j.porgcoat.2025.109143,pdf_collection_2026-09
8520139277,"Cationic, hydrolysable side-chain regulated self-renewal brush copolymers for antibacterial and antifouling marine coatings",阳离子可水解侧链调控的自更新刷状共聚物用于抗菌防污海洋涂层,Guilan Fu; Shixin Zhu; Xiuhua Sun; Changlu Gao,Progress in Organic Coatings,2025,10.1016/j.porgcoat.2025.109243,3,"Copolymers with quaternized poly(lauryl methacrylate)-b-poly(2-(N,N-dimethylamino) ethyl methacrylate) (PLMA-b-PDMAEMA) as the side chain, polycaprolactone (PCL) and siloxane bridged with hexamethylene dii­ socyanate (HDI) as the main chain were developed for antifouling marine coatings. With the hydrolysis of the quaternized PLMA-b-PDMAEMA and the degradation of PCL in seawater, the outmost surface of the coating peeled off by water shearing force. By exploring the co-effects of side chains, PCL and siloxane at varying contents, it was found that coatings with higher content of side chains te",https://doi.org/10.1016/j.porgcoat.2025.109243,pdf_collection_2026-09
8257326375,Coral biomimetic PDMS marine antifouling coating based on the intrinsic antibacterial and fluorescent response synergistic strategies,基于本征抗菌与荧光响应协同策略的珊瑚仿生PDMS海洋防污涂层,Jiawen Sun; Susu Zhao; Chengxin Song; Yuqing Zhu; Jizhou Duan; Xiaofan Zhai; Baorong Hou; Chuanhui Gao; Yuetao Liu,Progress in Organic Coatings,2025,10.1016/j.porgcoat.2025.109357,8,"The applicability of polydimethylsiloxane (PDMS)-based marine antifouling coatings is restricted by their limited mechanical properties and static antifouling capabilities. In this study, we have developed a coral biomimetic PDMS marine antifouling coating, designated as PDMS-DAF-x-AMC, which employs synergistic antifouling strategies based on intrinsic antibacterial and fluorescent response mechanisms. Here, ‘x’ represents the amount of 3,4-diaminofurazan (DAF) incorporated into the formulation. Hydroxyl-terminated polydimethylsiloxane was employed as the primary matrix with DAF serving as ch",https://doi.org/10.1016/j.porgcoat.2025.109357,pdf_collection_2026-09
7290032584,Antifouling behaviour of pH responsive amphiphilic smart coatings on the basis of charge conversion in the marine environments,基于电荷转换的pH响应两亲性智能涂层在海洋环境中的防污行为,Chuanying Wei; Xianhui Zhang; Yajun Deng; Bo Wu; Jianhua Wu,Progress in Organic Coatings,2026,10.1016/j.porgcoat.2025.109701,2,"In response to complex marine fouling issues, this study developed pH-responsive amphiphilic antifouling coatings (PDHM) synthesized via condensation reactions between protonated zwitterionic-tertiary amine poly­ mers and polydimethylsiloxane (PDMS). These amphiphilic coatings demonstrate pH-responsive surface charge transitions governed by protonation equilibria. Under seawater conditions (pH ~ 8.3), the PDHM surface ex­ hibits negative charge enrichment, synergizing with a hydrated interfacial layer to impede biofouling adhesion. Subsequent surface acidification induced by colonizing organis",https://doi.org/10.1016/j.porgcoat.2025.109701,pdf_collection_2026-09
7472920506,Silicone based polyurea antifouling coatings modified by polyethylene glycol with enhanced wear resistance,聚乙二醇改性、耐磨性增强的有机硅基聚脲防污涂层,Dandan Li; Hongxia Wang; Rongrong Chen; Chao Wang; Hongmei Ding; Jun Wang,Progress in Organic Coatings,2026,10.1016/j.porgcoat.2025.109742,1,"Polyurea coatings have attracted widespread attention due to their convenient application, excellent mechanical properties, and ability to meet the cleaning-resistance requirements of ships. However, their performance in inhibiting biological adhesion still needs improvement. Silicone-based materials have gained interest in marine antifouling owing to low surface energy, which is much lower than the adhesion of most marine organisms and environmental friendliness, but their mechanical properties often fall short of the requirements for cleaning resistance. In this work, a modified polyethylene",https://doi.org/10.1016/j.porgcoat.2025.109742,pdf_collection_2026-09
1949404983,Anti-biofouling properties of amphiphilic phosphorylcholine polymer films,两亲性磷酰胆碱聚合物薄膜的抗生物污损性能,Yan Li; Cheng-Mei Liu; Jin-Ying Yang; Ya-Hui Gao; Xue-Song Li; Guo-He Que; J.R. Lu,Colloids and Surfaces B: Biointerfaces,2011,10.1016/j.colsurfb.2011.02.007,25,"Surfaces of amphiphilic phosphorylcholine polymer (PC1036) prepared by spin-coating were character- ized by spectroscopic ellipsometry, water contact angle and atomic force microscopy. The antifouling properties of the PC1036 ﬁlms to marine benthic diatom Nitzschia closterium MMDL533 were also inves- tigated. The results showed that the dry PC1036 ﬁlm promoted the adhesion of N. closterium MMDL533 because the hydrophobic lauryl groups were present in the ﬁlm surface. The 2 h-swelled PC1036 ﬁlms had excellent anti-fouling properties with extremely low attachment densities and retention densitie",https://doi.org/10.1016/j.colsurfb.2011.02.007,pdf_collection_2026-09
2927329533,Synthesis and evaluation of acrylate resins suspending indole derivative structure in the side chain for marine antifouling,侧链悬吊吲哚衍生物结构丙烯酸酯树脂的合成与海洋防污评价,Kang Feng; Chunhua Ni; Liangmin Yu; Wenjun Zhou; Xia Li,Colloids and Surfaces B: Biointerfaces,2019,10.1016/j.colsurfb.2019.110518,48,"A novel indole derivative (N-(1H-2-phenyl-indole-3-ylmethyl) acrylamide, NPI) synthesized by a Friedel-Crafts alkylation reaction was identiﬁed using IR spectroscopy, 1H NMR, 13C NMR and elemental analysis. The in- hibitory eﬀect of this novel indole derivative on bacteria and marine algae was studied. The results showed that the inhibition ratios of the indole derivative against Escherichia coli and Staphylococcus aureus were 95.93% and 94.91%, respectively, and the indole derivative possessed prominent inhibitory activity against Phaeodactylum tricornutum, Nitzschia Closterium and Skeletonem",https://doi.org/10.1016/j.colsurfb.2019.110518,pdf_collection_2026-09
1377941716,Hydrophilic tyrosine-based phenolic resin with micro-ripples morphology for marine antifouling application,具有微波纹形貌的亲水酪氨酸基酚醛树脂用于海洋防污应用,Xuan Yuan; Yudan Wang; Lijia Liu; Hongxing Dong; Guoxing Yang,Colloids and Surfaces B: Biointerfaces,2022,10.1016/j.colsurfb.2022.112672,14,"Since biofouling challenges negatively influence the marine and transportation industries, developing effective antifouling materials have attracted extensive concern. A tyrosine-based antifouling phenolic resin (TPP resin) was synthesized using tyrosine as a natural phenol source. TPP exhibited shell-like surface morphology with micro-ripples and excellent anti-adhesion properties against bacteria and diatom. The micro-ripples surface might be caused by the strong hydrogen bonding or ionic interaction among tyrosine units resulting in micro­ phase separation during the curing process. Tyrosin",https://doi.org/10.1016/j.colsurfb.2022.112672,pdf_collection_2026-09
7732250325,The antibacterial and antialgal enhancement of the hydroquinone acrylamide polyurethane coating based on microphase separation,基于微相分离的对苯二酚丙烯酰胺聚氨酯涂层抗菌抗藻性能增强,Xu Chang; Shi Xiaohui; Zhang Zhijia; Zhou Wenjun; Zhang Songsong; Wang Guojun; Wang Qiang; Ma Teng; Wang Lin; Wei Hao,Colloids and Surfaces B: Biointerfaces,2024,10.1016/j.colsurfb.2024.113962,6,"The undesirable and inevitable adhesion of marine organisms on submerged surfaces has seriously affect the environment, economy and society, so emerging and promising strategies for antifouling are required. Here, the novel and environmental strategy of the antibacterial and antialgal materials was proposed for the application of the antifouling coating without releasing harmful substances. The environment-friendly antifouling agent, the capsaicin derivative N-(2,5-dihydroxy-4-acrylamide meth-ylbenzyl)acrylamide (PHABA), was modified to the molecular chain of the polyurethane. The best tensile",https://doi.org/10.1016/j.colsurfb.2024.113962,pdf_collection_2026-09
1789342483,Eco-friendly biodegradable polyurethane based coating for antibacterial and antifouling performance,兼具抗菌与防污性能的环保可生物降解聚氨酯基涂层,Abid Ali; Bilal Ul Amin; Wenwu Yu; Taijiang Gui; Weiwei Cong; Kai Zhang; Zheming Tong; Jiankun Hu; Xiaoli Zhan; Qinghua Zhang,Chinese Journal of Chemical Engineering,2023,10.1016/j.cjche.2022.09.004,23,"Biofouling, which comprises the absorption of proteins and the adhesion of bacteria to the surface of liv- ing entities, is a severe concern for the maritime sector since it ultimately leads to hydrodynamic drag, resulting in a higher increase in fuel consumption. As a result, polymer resins are crucial in the marine sector for anti-biofouling coatings. In this work, the poly(caprolactone-ethylene glycol-caprolactone)-p olyurethane (PECL-PU) are prepared through e-caprolactone (CL), poly(ethylene glycol) (PEG), 4,40- methylene bis(cyclohexyl isocyanate) and 1,4 butanediol. Our study demonstrat",https://doi.org/10.1016/j.cjche.2022.09.004,pdf_collection_2026-09
1544948993,Construction of antifouling fluorinated polymer brush via activators regenerated by electron transfer ATRP and thiol-epoxy click reaction,通过ARGET ATRP与巯基-环氧点击反应构建防污含氟聚合物刷,Lin Chen; Lin Li; Xu Zhao; Shuangshuang Wang; Yuchao Li; Guang Li; Xiangcai Ge; Liping Wang,Reactive and Functional Polymers,2021,10.1016/j.reactfunctpolym.2021.104974,12,"In this work, fluorine containing polymer brushes was grafted on the functionalized stainless steel (SS) by ac­ tivators regenerated by electron transfer atom transfer radical polymerization (ARGET-ATRP) and thiol-epoxy click reaction. PGMA brushes would be grafted on SS by coating the sheets with brominated polydopamine (PDA) as a reactive under-layer, and subsequently surface-initiate ARGET-ATRP of glycidyl methacrylate (GMA). Then the short-fluorinated alkyl chains were anchored on the PGMA backbones based on the click reaction between epoxy groups of PGMA and 1H, 1H, 2H, 2H-perfluorodecane",https://doi.org/10.1016/j.reactfunctpolym.2021.104974,pdf_collection_2026-09
9276824758,Enhanced antifouling strategy with a strong synergistic effect of fluorescent antifouling and contact bacteriostasis using 7-amino-4-methylcoumarin,利用7-氨基-4-甲基香豆素实现荧光防污与接触抑菌强协同的增强防污策略,Hongyu Guo; Lina Song; Jiankun Hu; Tengfei Lin; Xiaohan Li; Haojie Yu; Dangguo Cheng; Yang Hou; Xiaoli Zhan; Qinghua Zhang,Chemical Engineering Journal,2021,10.1016/j.cej.2020.127676,98,"Low surface energy coating can protect marine equipment from biofouling, however, remaining a challenge in static applications due to the lack of shear force provided by water scour. Herein, we developed a polyurethane with polydimethylsiloxane (PDMS), polytetrahydrofuran (PTMG) as main chains and 7-amino-4-methylcoumarin as antifouling group by condensation polymerization. Besides the fluorescence response to the ultraviolet band in seawater with high transmittance, the typical benzopyrone framework of 7-amino-4-methylcoumarin endows antibacterial properties. Owing to the strong synergistic e",https://doi.org/10.1016/j.cej.2020.127676,pdf_collection_2026-09
1864138241,Fabrication of bio-based amphiphilic hydrogel coating with excellent antifouling and mechanical properties,兼具优异防污与力学性能的生物基两亲性水凝胶涂层制备,Guangming Lu; Shu Tian; Jingyu Li; Yongjian Xu; Shuan Liu; Jibin Pu,Chemical Engineering Journal,2021,10.1016/j.cej.2020.128134,122,"Antifouling coatings are crucial to protect marine facilities and aquacultures from the damage of microorganisms for long-term serves. However, it is still a challenge to fabricate coating with excellent antifouling performance and superior mechanical stability. Here, we report a bio-based amphiphilic hydrogel coating with excellent antifouling and mechanical properties. The coating was achieved by the in-situ formation of hydrophobic and hydrophilic interpenetrating polymer network (IPN). The hydrophobic part from a synthesized silicon-containing epoxy resin contributes to superior mechanical",https://doi.org/10.1016/j.cej.2020.128134,pdf_collection_2026-09
179270424,Sea slug inspired smart marine antifouling coating with reversible chemical bonds: Controllable UV-responsive coumarin releasing and efficient UV-healing properties,海蛞蝓启发的可逆化学键智能海洋防污涂层：可控UV响应香豆素释放与高效UV自修复性能,Zheming Tong; Qingqing Rao; Sifan Chen; Lina Song; Jiankun Hu; Yang Hou; Xiang Gao; Jianguo Lu; Xiaoli Zhan; Qinghua Zhang,Chemical Engineering Journal,2022,10.1016/j.cej.2021.132471,84,"Poly(dimethylsiloxane) (PDMS) has been received widespread attention as marine antifouling coatings, while its controllable release performance of antifoulants and mechanical behavior are relatively insufficient. In this study, inspired by sea slug’s defensive behavior against predators by ingesting toxins from prey and then releasing these toxins, a PDMS-based smart marine antifouling polyurethane (PU) coating was prepared, which had UV-responsive controllable coumarin-releasing and UV-healing properties. The UV-responsive coumarin- releasing mechanism was based on the dimerization and de-dim",https://doi.org/10.1016/j.cej.2021.132471,pdf_collection_2026-09
1252205394,Carp-inspired self-regulating marine antifouling coating: Featuring robust controlled release of eugenol and high-efficiency self-healing performance,鲤鱼仿生自调节海洋防污涂层：稳健丁香酚控释与高效自修复性能,Jiahuan Liu; Qiang Li; Taijiang Gui; Hongyu Guo; Kai Zhang; Fandong Meng; Xiaoli Zhan; Quan Liu; Qinghua Zhang,Chemical Engineering Journal,2024,10.1016/j.cej.2024.149929,60,"The practical application of low surface energy polydimethylsiloxane (PDMS) in marine antifouling is signifi­ cantly limited due to its inadequate static antifouling capability. Herein, integrating a strategy inspired by carps to release antifouling agents with the fouling release properties of low surface energy materials, an innovative self-regulating marine antifouling coating (named PDMS-Pun-x) was developed, which demonstrates remarkable robust ability of controlled release of eugenol and efficient self-healing performance. Under seawater, the coating regulates its inherent hydrophilicity",https://doi.org/10.1016/j.cej.2024.149929,pdf_collection_2026-09
480848839,Engineered design of self-cleaning and antifouling organosilicon/eugenol-based zinc acrylate resin composite coating by forming semi-interpenetrating polymer networks,通过构建半互穿聚合物网络工程化设计自清洁防污有机硅/丁香酚基丙烯酸锌树脂复合涂层,Zheng Wang; Shuhong Nie; Enhui He; Guanglei Song; Xiaohui Jiang; Xia Li; Xuefeng Yan; Liangmin Yu,Chemical Engineering Journal,2025,10.1016/j.cej.2025.163181,6,"The practical application of low surface energy organosilicon in marine antifouling is significantly limited due to its poor ability to eliminate biofoulings. Herein, combining organosilicon with zinc acrylate resin containing eugenol group (EAM-Zn) by means of semi-interpenetrating polymer networks (SIPNs), an innovative self- cleaning and antifouling composite coating was developed (named ExSiy), which integrates low surface energy and self-polishing. After 35 days of immersion in seawater, the hydrophobic organosilicon of E1Si3 coating impedes the penetration of water molecules into the int",https://doi.org/10.1016/j.cej.2025.163181,pdf_collection_2026-09
2372355150,Facile fabrication of polyacrylate-siloxane antifouling coatings with self-generated biomimetic surface,自生成仿生表面聚丙烯酸酯-硅氧烷防污涂层的简便制备,Haofeng Xiao; Kai Zhang; Taijiang Gui; Shuxue Zhou,Chemical Engineering Journal,2025,10.1016/j.cej.2025.164087,15,"Antifouling coatings with biomimetic micro-nano structure have been widely explored for the replacement of traditional self-polishing coatings that relied on high content of biocides. However, their application is limited by the complicated preparation process as well as the lack of antibacterial effect and durability of micro-nano structure. Herein, a bactericide-free antifouling coating with capability to self-generate biomimetic surface was prepared using trimethoxysilyl/triisopropylsilyl ester-bearing polyacrylate and amino-silane coupling agent. Owing to the spontaneous phase separation o",https://doi.org/10.1016/j.cej.2025.164087,pdf_collection_2026-09
4820418800,Self-renewing zwitterionic silicone hybrid coatings with multi-modal bacterial resistance for superior anti-biofouling performance,具有多模式抗细菌特性的自再生两性离子有机硅杂化涂层实现优异抗生物污损性能,Yuchen Zhong; Minglong Yan; Saijun Wu; An Su; Jibin Pu,Chemical Engineering Journal,2025,10.1016/j.cej.2025.169828,13,"Zwitterion-modified silicone coating has gained prominence as eco-friendly antifouling materials due to the inherent resistance to microbial adhesion through hydrophilic charge rich feature. However, zwitterion-modified silicone exhibits poor static antibacterial efficacy as bacterial accumulation gradually compromises their anti­ fouling capability. To address this issue, we innovatively propose a dynamic hybrid coating architecture inte­ grating flexible polydimethylsiloxane (PDMS) chain segments, zwitterionic sulfobetaine silane (SBSi) with cinnamaldehyde (CAL) and terephthalaldehyde (TPA) ",https://doi.org/10.1016/j.cej.2025.169828,pdf_collection_2026-09
9651313914,Molecular level studies on interfacial hydration of zwitterionic and other antifouling polymers in situ,两性离子及其他防污聚合物界面水化的原位分子水平研究,Chuan Leng; Shuwen Sun; Kexin Zhang; Shaoyi Jiang; Zhan Chen,Acta Biomaterialia,2016,10.1016/j.actbio.2016.02.030,230,"Antifouling polymers have wide applications in biomedical engineering and marine industry. Recently, zwitterionic materials have been reported as promising candidates for antifouling applications, while strong hydration is believed to be the key antifouling mechanism. Zwitterionic materials can be designed with various molecular structures, which affect their hydration and antifouling performance. Although strong hydration has been proposed to occur at the material surfaces, probing the solid material/water interfaces is challenging with traditional analytical techniques. Here in this review, ",https://doi.org/10.1016/j.actbio.2016.02.030,pdf_collection_2026-09
1656473852,Robust non-sticky/sticky antifouling coating capable of temporal evolution,可随时间演变且坚固的非黏附/黏附可切换防污涂层,Zheng Yue Wang; Yuyang Cao; Lanyue Zhang; Ze Ping Zhang; Min Zhi Rong; Ming Qiu Zhang,Applied Materials Today,2025,10.1016/j.apmt.2025.102611,1,"Antifouling coatings, which have important value for submerged marine structures, are faced with the challenge of inherent conflicting property requirements, i.e. the topcoat is desirable to prevent adherence of marine or­ ganisms and the basecoat should be able to maximize bonding to the substrate. Besides, the existing antifouling coatings have other tricky problems, like easy depletion of liquid lubricant of slippery liquid-infused porous surface and poor static microbes resistance of hydrophobic surface. Herein, a facile solution is proposed using the newly developed reversibly interlocked",https://doi.org/10.1016/j.apmt.2025.102611,pdf_collection_2026-09
3020059563,Self-healing and self-renewing low surface energy fluorescent antifouling coatings based on dynamic reversible covalent bonds,基于动态可逆共价键的自修复自再生低表面能荧光防污涂层,Haicheng Yang; Yuhong Qi; Zhanping Zhang,Surfaces and Interfaces,2026,10.1016/j.surfin.2026.108527,1,"To address the environmental toxicity concerns associated with traditional organotin antifouling coatings, this study proposes a novel eco-friendly antifouling coating based on multifunctional synergistic mechanisms. A dynamic imine bond-mediated crosslinking strategy was employed to integrate aminopropyl-terminated poly­ dimethylsiloxane (PDMS) with aldehydic fluorescent molecules (BTB, TPB, SPB), creating a multifunctional coating that combines low surface energy, self-healing properties, fluorescent antifouling capabilities, and pH- responsive self-renewal characteristics. Experimental resu",https://doi.org/10.1016/j.surfin.2026.108527,pdf_collection_2026-09
5810907097,Surface-fragmenting hyperbranched copolymers with hydrolysis-generating zwitterions for antifouling coatings,水解生成两性离子的表面裂解超支化共聚物用于防污涂层,,,2020,,,,,pdf_collection_2026-09
9758808898,Self‐Regenerating Zwitterionic Hydrogel Coating Modified by Metal‐Organic Framework for Integrated Anti‐Biofouling and Anti‐Corrosion,金属有机框架改性自再生两性离子水凝胶涂层用于抗生物污损与防腐一体化,Yichen Zhang; Jiansen Pan; Qingyi Xie; Chunfeng Ma; Guangzhao Zhang,Advanced Functional Materials,2025,10.1002/adfm.202424994,34,,https://doi.org/10.1002/adfm.202424994,pdf_collection_2026-09
2263521639,Strong-adhesion and nonfouling self-generating zwitterionic Janus hydrogel paint,强附着力不污损的自生成两性离子Janus水凝胶涂料,Yichen Zhang; Qingyi Xie; Jiansen Pan; Chunfeng Ma; Guangzhao Zhang,Chemical Engineering Journal,2024,10.1016/j.cej.2024.149959,38,"Zwitterionic hydrogel paints are promising and ecofriendly materials to prevent biofouling and oil contamina­ tion. However, the weak adhesion of hydrogel paints to substrates and tedious fabrication and coating processes limit their practical applications. Herein, a novel self-generating zwitterionic Janus hydrogel paint consisting of a polymer copolymerized by methyl methacrylate (MMA), tertiary carboxybetaine triisopropylsilyl ester ethyl acrylate (TCBSi), and 3-(methacryloxypropyl) trimethoxysilane (KH570) is reported. The polymer, when coated on a substrate, self-crosslinks into the polym",https://doi.org/10.1016/j.cej.2024.149959,pdf_collection_2026-09
5125848192,Surface-fragmenting hyperbranched copolymers with hydrolysis-generating zwitterions for antifouling coatings,水解生成两性离子的表面裂解超支化共聚物用于防污涂层,,,2020,,,,,pdf_collection_2026-09
7901871918,Dual functionalized brush copolymers as versatile antifouling coatings,双功能化刷状共聚物作为多功能防污涂层,Jihyo Kil; Rafia Tasnim Rahman; Wenxuan Wang; Saehan Choi; Yoon Sung Nam; Sheng Li,Journal of Materials Chemistry B,2023,10.1039/d2tb02522a,18,,https://doi.org/10.1039/d2tb02522a,pdf_collection_2026-09
7095586943,Functional polymer brushes <i>via</i> surface-initiated atom transfer radical graft polymerization for combating marine biofouling,表面引发原子转移自由基接枝聚合制备功能聚合物刷用于防治海洋生物污损,Wen Jing Yang; Koon-Gee Neoh; En-Tang Kang; Serina Siew Chen Lee; Serena Lay-Ming Teo; Daniel Rittschof,Biofouling,2012,10.1080/08927014.2012.719895,64,,https://doi.org/10.1080/08927014.2012.719895,pdf_collection_2026-09
74581103,"Synthesis, characterization, and evaluation of antifouling polymers of 4‐acryloyloxybenzaldehyde with methyl methacrylate",4-丙烯酰氧基苯甲醛与甲基丙烯酸甲酯防污聚合物的合成、表征与评价,Elango Subramanyam; Sidharthan Mohandoss; Hyun‐Woung Shin,Journal of Applied Polymer Science,2009,10.1002/app.29313,15,"In recent years, antifouling (AF) polymers are widely used in marine paints to protect the ship hulls from biofouling. The AF polymer coatings have better leaching characteristics and long lasting efﬁciency than other conventional formulations. In this study, an attempt has been made to prepare new p-acryloyloxybenzaldehy- de(AcBA) polymers to assess their AF efﬁciency against marine microfoulers. The monomer, AcBA was prepared by the esteriﬁcation reaction between p-hydroxybenzalde- hyde (HBA) and acryloyl chloride (Ac) in presence of trie- thylamine (TEA) in MEK at 0C. The reaction was moni",https://doi.org/10.1002/app.29313,pdf_collection_2026-09
4865027624,"Preparation, surface wetting properties, and protein adsorption resistance of well‐defined amphiphilic fluorinated diblock copolymers",结构明确两亲性含氟二嵌段共聚物的制备、表面润湿性能与抗蛋白吸附性能,Xiaoli Zhan; Guangfa Zhang; Qinghua Zhang; Fengqiu Chen,Journal of Applied Polymer Science,2014,10.1002/app.41167,14,"Novel well-defined amphiphilic fluorinated diblock copolymers P(PEGMA-co-MMA)-b-PC6SMA were synthesized success- fully by RAFT polymerization and characterized by FTIR, 1HNMR and GPC. For copolymer coatings, static contact angles, h, with water (hwater  109.5) and n-hexadecane (hhexadecane  68.9) pointed to the simultaneous hydrophobic and lipophobic characteristics of the copolymer surfaces. Dynamic contact angle measurements indirectly demonstrated that copolymer films underwent surface reconstruction upon contact with water, which results in a surface with surface coverage of polar PEG ",https://doi.org/10.1002/app.41167,pdf_collection_2026-09
1445266207,Poly(propylene carbonate) polyurethane self‐polishing coating for marine antifouling application,聚碳酸亚丙酯聚氨酯自抛光涂层用于海洋防污应用,Yongyue Chen; Zhixiong Liu; Sheng Han; Jin Han; Daoyi Jiang,Journal of Applied Polymer Science,2016,10.1002/app.43667,38,"In this contribution, a series of environmentally friendly thermoplastic poly(propylene carbonate) polyurethane (PPCU) were prepared by two-step condensation polymerization and used to fabricate antifouling coatings. The poly(propylene carbonate) (PPC) seg- ments served as degradable moieties. Quartz crystal microbalance with dissipation (QCM-D) measurements revealed that the polyur- ethane could degrade in the presence of enzyme and the degradation rate increases with the decrease of the molecular weight of the polyurethane. Investigation on the hydrolytic degradation behavior and the release",https://doi.org/10.1002/app.43667,pdf_collection_2026-09
4723386559,Highly efficient antifouling property based on self‐generating hydrogel layer of polyacrylamide coatings,基于聚丙烯酰胺涂层自生成水凝胶层的高效防污性能,Gang Wu; Chang‐Cheng Li; Xiao‐Hui Jiang; Liang‐Min Yu,Journal of Applied Polymer Science,2016,10.1002/app.44111,21,"Pursuit of robust antifouling coatings is a persistent objective for marine materials. We present here the experimental real- ization of a series of polyacrylamide-based resins with a self-generating hydrogel layer, arising from the polymerization of acrylamide (AM), butyl acrylate, methacrylic acid, and AM derivatives. The mechanical strength and thermal stability are markedly enhanced due to the change of the structure of modified resins. The preliminary results indicate that resultant resins with crosslinking structure show satisfactory abrasion resistance and swelling properties. The resul",https://doi.org/10.1002/app.44111,pdf_collection_2026-09
4487147420,Dopamine‐Assisted Rapid Construction of Zwitterionic Polymeric Coating for Improved Antifouling and Bactericidal Properties,多巴胺辅助快速构建两性离子聚合物涂层以改善防污与杀菌性能,Dejie Zhou; Fei Ma; Xuanjie Zheng; Nianfeng Han; Xinde Tang; Fuying Dong; Haixia Cheng; Peng Wang; Qingzhao Wang,Journal of Applied Polymer Science,2025,10.1002/app.58083,1,"With the escalating challenges of biological contamination, surface modification technology has become a promising strategy to develop multifunctional materials. Antifouling coatings based on zwitterionic/quaternary ammonium polymers have been widely applied in medical, chemical, and marine antifouling fields due to their excellent biological inertness and remarkable antifouling and bactericidal properties. However, the limited adhesion of these coatings to substrate surfaces significantly re- stricts their application. An ideal antifouling and bactericidal coating should not only exhibit high",https://doi.org/10.1002/app.58083,pdf_collection_2026-09
4616416633,"Synthesis of Novel Sulfobetaine Polymers with Differing Dipole Orientations in Their Side Chains, and Their Effects on the Antifouling Properties",侧链偶极取向不同的新型磺基甜菜碱聚合物合成及其对防污性能的影响,Eric Schönemann; Julian Koc; Nick Aldred; Anthony S. Clare; André Laschewsky; Axel Rosenhahn; Erik Wischerhoff,Macromolecular Rapid Communications,2019,10.1002/marc.201900447,46,,https://doi.org/10.1002/marc.201900447,pdf_collection_2026-09
8798299153,Low Fouling Polysulfobetaines with Variable Hydrophobic Content,不同疏水含量的低污损聚磺基甜菜碱,Lisa Schardt; Alejandro Martínez Guajardo; Julian Koc; Jessica L. Clarke; John A. Finlay; Anthony S. Clare; Harrison Gardner; Geoffrey W. Swain; Kelli Hunsucker; André Laschewsky,Macromolecular Rapid Communications,2021,10.1002/marc.202100589,28,,https://doi.org/10.1002/marc.202100589,pdf_collection_2026-09
6696189266,Marine antifouling performance of polymer coatings incorporating zwitterions,引入两性离子的聚合物涂层的海洋防污性能,Claudia Ventura; Andrew J. Guerin; Osama El-Zubir; Antonio J. Ruiz-Sanchez; Luke I. Dixon; Kevin J. Reynolds; Marie L. Dale; James Ferguson; Andrew Houlton; Benjamin R. Horrocks,Biofouling,2017,10.1080/08927014.2017.1383983,54,,https://doi.org/10.1080/08927014.2017.1383983,pdf_collection_2026-09
7523565952,Synthesis and antibiofouling properties of novel crosslinkable terpolymers containing semifluoroalkyl substituted aromatic side chains,含半氟烷基取代芳族侧链的新型可交联三元共聚物的合成与抗生物污损性能,Shijun Feng; Yangen Huang; Qiang Wang; Yu Gao; Feng‐Ling Qing,Polymer Engineering & Science,2009,10.1002/pen.21619,6,,https://doi.org/10.1002/pen.21619,pdf_collection_2026-09
5526134901,Coral-Inspired Zinc Acrylate Polymer Utilizing Coumarin as the Fluorescent Unit for Marine Antifouling,利用香豆素作为荧光单元的珊瑚启发丙烯酸锌聚合物用于海洋防污,Jianwei Hou; Guobo Chen; Xinghai Hao; Jiali Xu; Geoffrey I. N. Waterhouse; Zhiming Zhang; Liangmin Yu,Biomacromolecules,2025,10.1021/acs.biomac.4c01574,10,"The need for low-cost and effective antifouling solutions drives innovation in the fields of chemistry, materials science, and biology. In this work, guided by the antifouling strategies used by fluorescent corals, a series of fluorescent zinc acrylate polymer coatings containing coumarin units (ZAR- coumarin) was successfully prepared. The ZAR-coumarin coatings demonstrated excellent antifouling properties due to the synergistic action of multiple antifouling mechanisms, including fluorescent antifouling, natural bactericidal activity, and self-polishing surface renewal (due to ester group (−",https://doi.org/10.1021/acs.biomac.4c01574,pdf_collection_2026-09
80162861,Bioinspired dopamine and zwitterionic polymers for non-fouling surface engineering,仿生多巴胺与两性离子聚合物用于不黏污表面工程,Anika Benozir Asha; Yangjun Chen; Ravin Narain,Chemical Society Reviews,2021,10.1039/d1cs00658d,266,,https://doi.org/10.1039/d1cs00658d,pdf_collection_2026-09
324122532,Formation of Amphiphilic Zwitterionic Thin Poly(SBMA-<i>co</i>-TFEMA) Brushes on Solid Surfaces for Marine Antifouling Applications,固体表面构建两亲性两性离子聚(SBMA-co-TFEMA)薄膜聚合物刷用于海洋防污应用,Inho Kim; Sung Min Kang,Langmuir,2024,10.1021/acs.langmuir.3c03687,30,"Water molecules can bind to zwitterionic polymers, such as carboxybetaine and sulfobetaine, forming strong hydration layers along the polymer chains. Such hydration layers act as a barrier to impede the attachment of marine fouling organisms; therefore, zwitterionic polymer coatings have been of considerable interest as marine antifouling coatings. However, recent studies have shown that severe adsorption of marine sediments occurs on zwitterionic-polymer-coated surfaces, resulting in the degradation of their marine antifouling performance. Therefore, a novel approach for forming amphiphilic z",https://doi.org/10.1021/acs.langmuir.3c03687,pdf_collection_2026-09
7313146761,Highly Branched Copolymers with Degradable Bridges for Antifouling Coatings,具有可降解桥连基团的高度支化共聚物用于防污涂层,Hongjun Yang; He Chang; Qian Zhang; Yiye Song; Li Jiang; Qimin Jiang; Xiaoqiang Xue; Wenyan Huang; Chunfeng Ma; Bibiao Jiang,ACS Applied Materials & Interfaces,2020,10.1021/acsami.9b22748,66,"The antifouling properties of traditional self-polishing marine antifouling coatings are mainly achieved based on their hydrolysis-sensitive side groups or the degradable polymer main chains. Here, we prepared a highly branched copolymer for self- polishing antifouling coatings, in which the primary polymer chains are bridged by degradable fragments (poly-ε-caprolactone, PCL). Owing to the partial or complete degradation of PCL fragments, the remaining coating on the surface can be broken down and eroded by seawater. Finally, the polymeric surface is self-polished and self-renewed. The designe",https://doi.org/10.1021/acsami.9b22748,pdf_collection_2026-09
6481147735,Intrinsic Antibacterial Urushiol-Based Benzoxazine Polymer Coating for Marine Antifouling Applications,本征抗菌漆酚基苯并噁嗪聚合物涂层用于海洋防污应用,Nuo Chen; Jide Zhu; Xinrong Chen; Fengcai Lin; Xiaoxiao Zheng; Guocai Zheng; Qi Lin; Jipeng Chen; Yanlian Xu,International Journal of Molecular Sciences,2025,10.3390/ijms26094118,8,"Marine antifouling coatings that rely on the release of antifouling agents are the most prevalent and effective strategy for combating fouling. However, the environmental concerns arising from the widespread discharge of these agents into marine ecosystems cannot be overlooked. An innovative and promising alternative involves incorporating antimicrobial groups into polymers to create coatings endowed with intrinsic antimicrobial properties. In this study, we reported an urushiol-based benzoxazine (URB) monomer, synthesized from natural urushiol and antibacterial rosin amine. The URB monomer wa",https://doi.org/10.3390/ijms26094118,pdf_collection_2026-09
9229656936,Marine Antifouling Coatings Based on Durable Bottlebrush Polymers,基于耐用瓶刷聚合物的海洋防污涂层,Chiaki Yoshikawa; Ryoma Takagi; Tadashi Nakaji-Hirabayashi; Toshiro Ochi; Yasushi Kawamura; Helmut Thissen,ACS Applied Materials & Interfaces,2022,10.1021/acsami.2c06647,23,"We report a next-generation, biocide-free, and durable marine antifouling coating technology. To achieve this, we combined two different polymers previously developed by us. First, we synthesized well- defined 2-hydroxypropyl acrylamide (HPA) based bottlebrush polymers with concentrated polymer brush (CPB) structures, which exhibit excellent bioinertness, and second, we synthesized photoreactive copolymers of 2-hydroxypropyl acrylamide (HPA) and N-benzophenone acrylamide (BPA), which can be cross-linked by exposure to sunlight for 30 min. Simply mixing the bottlebrush polymers with the photore",https://doi.org/10.1021/acsami.2c06647,pdf_collection_2026-09
9162760587,Sustainable Coating Based on Zwitterionic Functionalized Polyurushiol with Antifouling and Antibacterial Properties,具有防污与抗菌性能的两性离子功能化聚漆酚可持续涂层,Kaiyue Xu; Huimin Xie; Chenyi Sun; Wenyan Lin; Zixuan You; Guocai Zheng; Xiaoxiao Zheng; Yanlian Xu; Jipeng Chen; Fengcai Lin,Molecules,2023,10.3390/molecules28248040,28,"Zwitterionic polymer coatings facilitate the formation of hydration layers via electrostatic interactions on their surfaces and have demonstrated efﬁcacy in preventing biofouling. They have emerged as a promising class of marine antifouling materials. However, designing multifunctional, environmentally friendly, and natural products-derived zwitterionic polymer coatings that simulta- neously resist biofouling, inhibit protein adhesion, exhibit strong antibacterial properties, and reduce algal adhesion is a signiﬁcant challenge. This study employed two diisocyanates as crosslinkers and natural ",https://doi.org/10.3390/molecules28248040,pdf_collection_2026-09
7879047013,Nitroxide-Containing Amphiphilic Random Terpolymers for Marine Antifouling and Fouling-Release Coatings,含氮氧自由基的两亲性无规三元共聚物用于海洋防污与污损释放涂层,Riddhiman Medhi; Alicia Cintora; Elisa Guazzelli; Nila Narayan; Amanda K. Leonardi; Giancarlo Galli; Matteo Oliva; Carlo Pretti; John A. Finlay; Anthony S. Clare,ACS Applied Materials & Interfaces,2023,10.1021/acsami.2c23213,16,"Two types of amphiphilic random terpolymers, poly(ethylene glycol methyl ether methacrylate)-ran-poly(2,2,6,6- tetramethylpiperidinyloxy methacrylate)-ran-poly(polydimethyl si- loxane methacrylate) (PEGMEMA-r-PTMA-r-PDMSMA), were synthesized and evaluated for antifouling (AF) and fouling-release (FR) properties using diverse marine fouling organisms. In the first stage of production, the two respective precursor amine terpolymers containing (2,2,6,6-tetramethyl-4-piperidyl methacry- late) units (PEGMEMA-r-PTMPM-r-PDMSMA) were synthe- sized by atom transfer radical polymerization using various ",https://doi.org/10.1021/acsami.2c23213,pdf_collection_2026-09
8094664224,Versatile inhibition of marine organism settlement by zwitterionic polymer brushes,两性离子聚合物刷对海洋生物附着的广谱抑制,Yuji Higaki; Jin Nishida; Ai Takenaka; Rika Yoshimatsu; Motoyasu Kobayashi; Atsushi Takahara,Polymer Journal,2015,10.1038/pj.2015.77,75,,https://doi.org/10.1038/pj.2015.77,pdf_collection_2026-09
6467207752,Amphiphilic Polyphosphonate Copolymers as New Additives for PDMS-Based Antifouling Coatings,两亲性聚膦酸酯共聚物作为PDMS基防污涂层的新型添加剂,Elisa Guazzelli; Niccolò Lusiani; Gianfranca Monni; Matteo Oliva; Chiara Pelosi; Frederik R. Wurm; Carlo Pretti; Elisa Martinelli,Polymers,2021,10.3390/polym13193414,19,"Poly(ethyl ethylene phosphonate)-based methacrylic copolymers containing polysiloxane methacrylate (SiMA) co-units are proposed as surface-active additives as alternative solutions to the more investigated polyzwitterionic and polyethylene glycol counterparts for the fabrication of novel PDMS-based coatings for marine antifouling applications. In particular, the same hydrophobic SiMA macromonomer was copolymerized with a methacrylate carrying a poly(ethyl ethylene phosphonate) (PEtEPMA), a phosphorylcholine (MPC), and a poly(ethylene glycol) (PEGMA) side chain to obtain non-water soluble copol",https://doi.org/10.3390/polym13193414,pdf_collection_2026-09
3938088344,Polyethylene Glycol-b-poly(trialkylsilyl methacrylate-co-methyl methacrylate) Hydrolyzable Block Copolymers for Eco-Friendly Self-Polishing Marine Coatings,聚乙二醇-b-聚(三烷基硅基甲基丙烯酸酯-co-甲基丙烯酸甲酯)可水解嵌段共聚物用于环保自抛光海洋涂层,Elisa Guazzelli; Matteo Oliva; Carlo Pretti; Gianfranca Monni; Armand Fahs; Christine Bressy; Elisa Martinelli,Polymers,2022,10.3390/polym14214589,8,"Hydrolyzable block copolymers consisting of a polyethylene glycol (PEG) ﬁrst block and a random poly(trialkylsilyl methacrylate (TRSiMA, R = butyl, isopropyl)-co-methyl methacrylate (MMA)) second block were synthesized by RAFT polymerization. Two PEGs with different molar masses (Mn = 750 g/mol (PEG1) and 2200 g/mol (PEG2)) were used as macro-chain transfer agents and the polymerization conditions were set in order to obtain copolymers with a comparable mole content of trialkylsilyl methacrylate (~30 mole%) and two different PEG mole percentages of 10 and 30 mole%. The hydrolysis rates of PEG-",https://doi.org/10.3390/polym14214589,pdf_collection_2026-09
3866287525,Preparation and Performance of Caster Oil Polyurethane Marine Antifouling Coatings with Acrylamide Quaternary Ammonium Salts as Antimicrobial Agents,以丙烯酰胺季铵盐为抗菌剂的蓖麻油聚氨酯海洋防污涂层的制备与性能,Yiming Hu; Qinyi Liu; Jiaxuan He; Yan Xu; Xiaoming Tan; Yuansheng Wang; Tao Fang; Man Zhang,Langmuir,2025,10.1021/acs.langmuir.4c04584,9,"The surfaces of underwater ship hulls and aquaculture equipment, such as fish cages, are highly susceptible to damage from fouling organisms. Although traditional marine antifouling coatings exhibit effective antifouling properties, the leaching of antifouling agents into the marine environment can lead to pollution and ecological disruption. In this study, we prepared castor oil polyurethane (CO-PU) by reacting castor oil with isocyanate. We then incorporated self-synthesized acrylamide- based quaternary ammonium salts (QASs), specifically dimethy- loctylaminopropyl methacrylamide-ammonium QD",https://doi.org/10.1021/acs.langmuir.4c04584,pdf_collection_2026-09
7475337732,Preparation of novel marine antifouling polyurethane coating materials,新型海洋防污聚氨酯涂层材料的制备,Baoli Ou; Meilong Chen; Yuanjun Guo; Yonghai Kang; Yan Guo; Shanggao Zhang; Jianhui Yan; Qingquan Liu; Duxin Li,Polymer Bulletin,2018,10.1007/s00289-018-2302-5,26,"Polyurethane coating materials with different compositions of low sur- face energy polydimethylsiloxane and degradable poly(L-lactic acid) were synthe- sized by three major steps. Initially, the hydroxylation-terminated poly(L-lactide)- functionalized graphene (G-g-PLLA) was prepared by ring-opening polymerization of L-lactic acid using the phenol-functionalized graphene (G-f-OH), which was prepared by 1,3-dipolar cycloaddition reaction of graphene and 3,4-dihydroxyben- zaldehyde when N-methylglycine and tin octoate were used as initiator and catalyst, respectively. Subsequently, isocyanate-te",https://doi.org/10.1007/s00289-018-2302-5,pdf_collection_2026-09
7040280860,Coupling agent-derived tailored Econea fouling-release coating with superior tolerance,偶联剂衍生的定制Econea污损释放涂层具有优异耐受性,Xiping Chen; Jiaojiao Yan; Jiawang Chen; Yang Hou; Jiankun Hu,Journal of Coatings Technology and Research,2025,10.1007/s11998-025-01163-y,0,"The most effective strategy for controlling biofouling is the release of toxic antifouling agents, but this approach triggers environmental concerns and leads to stricter international legislation. This study proposes a novel, simple, and convenient method for grafting antifouling agents by using a silane coupling agent to introduce Econea into low-surface-energy coatings. The amount of introduced antifouling agent can be precisely controlled. Compared with traditional antifouling agent-releasing coatings, the leaching rate of the grafted antifouling coating is only one-sixth that of conventio",https://doi.org/10.1007/s11998-025-01163-y,pdf_collection_2026-09
346591403,Sediment-resistant marine antifouling amphiphilic random copolymer coating,抗泥沙沉积的海洋防污两亲性无规共聚物涂层,Jinhyeok Jeong; Minjoong Shin; Sung Min Kang; Myungeun Seo,NPG Asia Materials,2025,10.1038/s41427-025-00606-7,10,"Accumulation of aquatic organisms on submerged sea vessel surfaces increases drag, resulting in higher fuel consumption and more greenhouse gas emissions. Polymer coatings hold promise to combat marine biofouling as more environmentally friendly alternatives to metal-based paints. While hydrophilic coatings are known to lose antifouling efﬁcacy upon sediment adsorption, how to arrange hydrophobic segments and develop a sufﬁciently thick coating layer to suppress diatom deposition in the presence of silt and maximize the antifouling performance has been unknown. Here, we developed an effective ",https://doi.org/10.1038/s41427-025-00606-7,pdf_collection_2026-09
9636859249,Terpolymer resin containing bioinspired borneol and controlled release of camphor: Synthesis and antifouling coating application,含仿生冰片与樟脑控释功能的三元共聚物树脂：合成与防污涂层应用,Jiankun Hu; Baoku Sun; Haichun Zhang; Ading Lu; Huiqiu Zhang; Hailong Zhang,Scientific Reports,2020,10.1038/s41598-020-67073-8,26,,https://doi.org/10.1038/s41598-020-67073-8,pdf_collection_2026-09
9017166701,Self-Generating and Self-Renewing Zwitterionic Polymer Surfaces for Marine Anti-Biofouling,用于海洋抗生物污损的自生成与自再生两性离子聚合物表面,Guoxiong Dai; Qingyi Xie; Xiaoqing Ai; Chunfeng Ma; Guangzhao Zhang,ACS Applied Materials & Interfaces,2019,10.1021/acsami.9b16775,119,"Regeneration of antifouling polymer surfaces after contamination or damage is an important issue, especially in complex marine environments. Here, inspired by the self- renewal of silyl acrylate polymers and the protein resistance of zwitterionic polymers, we prepared a novel hydrolysis-induced zwitterionic monomer, tertiary carboxybetaine triisopropylsilyl ester ethyl acrylate (TCBSA), and copolymerized it with methyl methacrylate (MMA). Such a copolymer rapidly self- generates a zwitterionic surface and provides fouling resistance in marine environments. Furthermore, TCBSA was copoly- merize",https://doi.org/10.1021/acsami.9b16775,pdf_collection_2026-09
1217980863,Strategy for Fabricating Degradable Low-Surface-Energy Cross-Linked Networks with Excellent Anti-Fouling Properties,构建具有优异防污性能的可降解低表面能交联网络策略,Yongjun Chen; Hui Ye; Xianwei Zhao; Pei Li; Haining Chen; Huicong Liu; Hui Zhang; Weiping Li,ACS Applied Materials & Interfaces,2025,10.1021/acsami.4c19192,11,"Marine biofouling negatively impacts marine industries and ship navigation. However, current coatings are based on a single antifouling mechanism, which is insufficient to cope with the complex and ever-changing marine environment. Herein, multifunctional antifouling coatings were developed using a material system containing perfluoropolyether and caprolactone chains. First, an acrylic resin containing perfluoropolyether side chains was synthesized as a liquid-repellent component and then a degradable cross-linked network was constructed by bridging polycaprolactone chains. Surprisingly, polyc",https://doi.org/10.1021/acsami.4c19192,pdf_collection_2026-09
2342039346,Synthesis and Characterization of Ultralow Fouling Poly(<i>N</i>-acryloyl-glycinamide) Brushes,超低污损聚(N-丙烯酰甘氨酰胺)聚合物刷的合成与表征,Fengyu Yang; Yonglan Liu; Yanxian Zhang; Baiping Ren; Jianxiong Xu; Jie Zheng,Langmuir,2017,10.1021/acs.langmuir.7b03435,34,"The rational design of biomaterials with antifouling properties still remains a challenge, although this is important for many bench-to-bedside applications for biomedical implants, drug delivery carriers, and marine coatings. Herein, we synthesized and characterized poly(N-acryloylglycinamide) (polyNAGA) and then grafted poly- (NAGA) onto Au substrate to form polymer brushes with well- controlled ﬁlm stability, wettability, and thickness using surface-initiated atom transfer radical polymerization (SI-ATRP). The NAGA monomer integrates two hydrophilic amides on the side chain to enhance surfa",https://doi.org/10.1021/acs.langmuir.7b03435,pdf_collection_2026-09
6387672831,Poly( <i>N</i> ‐isopropylacrylamide) Self‐Fabricated Coating for Marine Anti‐Biofouling,聚(N-异丙基丙烯酰胺)自构建涂层用于海洋抗生物污损,Jiongyan Chen; Zhao Wang; Sining Li; Qingyi Xie; Chunfeng Ma; Guangzhao Zhang,Advanced Functional Materials,2025,10.1002/adfm.202525696,2,,https://doi.org/10.1002/adfm.202525696,pdf_collection_2026-09
8832952411,Fluorine‐Free Amphiphilic Copolymers for Broad‐Spectrum Marine Biofouling Deterrence,无氟两亲性共聚物用于广谱海洋生物污损防御,Haonian Shu; Alexandra Khlyustova; Kwang‐Won Park; Shane Stafslien; Gyeongwan Kang; Pengyu Chen; Simon Shindler; Rong Yang,Advanced Functional Materials,2025,10.1002/adfm.202502065,16,,https://doi.org/10.1002/adfm.202502065,pdf_collection_2026-09
778265017,"Polydopamine‐Mediated, Amphiphilic Poly(Carboxybetaine Methacrylamide‐<i>r</i>‐Trifluoroethyl Methacrylate) Coating with Resistance to Marine Diatom Adhesion and Silt Adsorption",聚多巴胺介导的两亲性聚(羧基甜菜碱甲基丙烯酰胺-r-三氟乙基甲基丙烯酸酯)涂层抗海洋硅藻黏附与泥沙吸附,Jinhyeok Jeong; Jihwan Do; Sung Min Kang,Advanced Materials Interfaces,2024,10.1002/admi.202300871,16,,https://doi.org/10.1002/admi.202300871,pdf_collection_2026-09
1166726611,Sediment‐Resistant Marine Antifouling Coating Based on Amphiphilic Copolymer Brushes Bearing Sulfobetaine and Isobornyl Pendants,基于含磺基甜菜碱与冰片基侧基两亲性共聚物刷的抗泥沙沉积海洋防污涂层,Jihwan Do; Jinwoo Lee; Jong Hwan Suh; Sung Min Kang,Advanced Materials Interfaces,2025,10.1002/admi.202500491,3,,https://doi.org/10.1002/admi.202500491,pdf_collection_2026-09
9585566660,A Self‐Polishing Coating with Dual Anti‐Fouling Strategies and its Preparation Method,具有双重防污策略的自抛光涂层及其制备方法,Yongjun Chen; Yuzhe Wang; Xu Gao; Haining Chen; Huicong Liu; Qu Yang; Dongxiao Han; Hui Ye; Weiping Li,Advanced Materials Technologies,2025,10.1002/admt.202401534,7,,https://doi.org/10.1002/admt.202401534,pdf_collection_2026-09
4406275849,Antifouling properties of amphiphilic poly(3-hydroxyalkanoate): an environmentally-friendly coating,两亲性聚(3-羟基烷酸酯)的防污性能：一种环境友好涂层,A. Guennec; L. Brelle; E. Balnois; I. Linossier; E. Renard; V. Langlois; F. Faÿ; G. Q. Chen; C. Simon-Colin; K. Vallée-Réhel,Biofouling,2021,10.1080/08927014.2021.1981298,11,,https://doi.org/10.1080/08927014.2021.1981298,pdf_collection_2026-09
5123255287,Marine biofouling in heat exchangers,换热器中的海洋生物污损,,,2010,,,,,pdf_collection_2026-09
8624010410,Research progress of environmentally friendly marine antifouling coatings,环境友好海洋防污涂层研究进展,,,2021,,,,,pdf_collection_2026-09
9324022961,UV-curable hyperbranched poly(ester- <i>co</i> -vinyl) by radical ring-opening copolymerization for antifouling coatings,自由基开环共聚合制备UV固化超支化聚(酯-co-乙烯基)防污涂层,Xiaoqing Ai; Jiansen Pan; Qingyi Xie; Chunfeng Ma; Guangzhao Zhang,Polymer Chemistry,2021,10.1039/d1py00810b,23,,https://doi.org/10.1039/d1py00810b,pdf_collection_2026-09
4996822058,Ion cross-linking assisted synthesis of ZIF-8/chitosan/melamine sponge with anti-biofouling activity for enhanced uranium recovery,离子交联辅助合成具有抗生物污损活性的ZIF-8/壳聚糖/三聚氰胺海绵用于增强铀回收,Xuejie Guo; Haocheng Yang; Jun Wang,Inorganic Chemistry Frontiers,2022,10.1039/d1qi01203g,35,,https://doi.org/10.1039/d1qi01203g,pdf_collection_2026-09
9992916167,Kill–Resist–Renew Trinity: Hyperbranched Polymer with Self-Regenerating Attack and Defense for Antifouling Coatings,杀灭-抵御-更新三位一体：具有自再生攻防功能的超支化聚合物防污涂层,Guoxiong Dai; Xiaoqing Ai; Liqin Mei; Chunfeng Ma; Guangzhao Zhang,ACS Applied Materials & Interfaces,2021,10.1021/acsami.1c02273,83,"Traditional antifouling coatings are generally based on a single antifouling mechanism, which can hardly meet the needs of diﬀerent occasions. Here, a single “kill−resist−renew trinity” polymeric coating integrating fouling killing, resistance, and releasing functions is reported. To achieve the design, a novel monomer-tertiary carboxybetaine ester acrylate with the antifoul- ing group N-(2,4,6-trichlorophenyl)maleimide (TCB-TCPM) is synthesized and copolymerized with methacrylic anhydride via reversible addition-fragmentation chain transfer polymerization yielding a degradable hyperbranched p",https://doi.org/10.1021/acsami.1c02273,pdf_collection_2026-09
4597036248,Liquid-infused structured surfaces with exceptional anti-biofouling performance,具有卓越抗生物污损性能的液体灌注结构化表面,,,2012,10.1073/pnas.1201973109/-/DCSupplemental,,,https://doi.org/10.1073/pnas.1201973109/-/DCSupplemental,pdf_collection_2026-09
922288086,Bioprospecting and Exploration of the Natural Antifouling Approaches against Marine Foulers,针对海洋污损生物的天然防污方法生物勘探与探索,Rubavathi Subbaiyan; Ayyappadasan Ganesan; Venkatraman Varadharajan,Journal of Pure and Applied Microbiology,2023,10.22207/JPAM.17.3.02,18,"Biofouling is a significant problem in various industries, including marine, medical, and water treatment. It occurs when microorganisms, such as bacteria, fungi, and algae, attach to surfaces and form biofilms, which can lead to material degradation, decreased performance, and increased maintenance costs. Traditional approaches to mitigate biofouling include the use of biocides, physical cleaning, and chemical treatments. However, these methods have limitations, such as environmental concerns, short-term effectiveness, and development of resistant organisms. One alternative approach is the us",https://doi.org/10.22207/JPAM.17.3.02,pdf_collection_2026-09
9035979332,Biofouling impacts and toxicity of Antifouling agents on marine,防污剂对海洋的生物污损影响与毒性,,,2022,,,"Biofouling from microorganisms, plants, barnacles, mussels or algae is a major problem for marine structures. Fouling leads to increased fuel costs due to increased frictional resistance on ships, and reduces reserve buoyancy of floating offshore structure, in addition to causing cage deformation and structural fatigue, impacting endurance of materials. The intrusion of invasive aquatic species (IAS) to new environments by ships is identified as a major threat to the world’s oceans. Marine fouling affects most manmade surfaces immersed in the sea, resulting in substantial losses. Anti-fouling ",,pdf_collection_2026-09
2201895840,Silicone Elastomer with Self-Generating Zwitterions for Antifouling Coatings,具有自生成两性离子的有机硅弹性体用于防污涂层,Peng Hu; Haohang Zeng; Huan Zhou; Cong Zhang; Qingyi Xie; Chunfeng Ma; Guangzhao Zhang,Langmuir,2021,10.1021/acs.langmuir.1c00984,40,"Silicone elastomer-based fouling release coatings have been gaining increased attention in marine antibiofouling. However, the lack of fouling resistance limits their application. Introducing a zwitterionic polymer into silicone enhances its fouling resistance, but their incompatibility makes this challenging. In this work, a silicone elastomer with zwitterionic pendant chains has been prepared by grafting a telomer of tertiary carboxybetaine dodecaﬂuoroheptyl ester ethyl acrylate (TCBF) and 3-mercaptopropyltriethox- ysilane to the bis-silanol-terminated poly(dimethylsiloxane) (PDMS). The ﬂuor",https://doi.org/10.1021/acs.langmuir.1c00984,pdf_collection_2026-09
2331534302,Amphiphilic Dicyclopentenyl/Carboxybetaine-Containing Copolymers for Marine Fouling-Release Applications,含双环戊烯基/羧基甜菜碱的两亲性共聚物用于海洋污损释放应用,Florian Koschitzki; Robin Wanka; Lennart Sobota; Julian Koc; Harrison Gardner; Kelli Z. Hunsucker; Geoffrey W. Swain; Axel Rosenhahn,ACS Applied Materials & Interfaces,2020,10.1021/acsami.0c07599,59,"Zwitterionic materials received great attention in recent studies due to their high antifouling potential, though their application in practical coatings is still challenging. Amphiphilic polymers have been proven to be an eﬀective method to combat fouling in the marine environment. This study reports the incorporation of small amounts of zwitterionic carboxybetaine methacrylate (CBMA) into hydrophobic ethylene glycol dicyclopentenyl ether acrylate (DCPEA). A new set of copolymers with varying amphiphilicities was synthesized and coated on chemically modiﬁed glass substrates. The antifouling c",https://doi.org/10.1021/acsami.0c07599,pdf_collection_2026-09
2823001044,Amphiphilic Poly(SBMA- <i>co</i> -EGDEA) Coatings for Marine Antifouling: Insights into Design Criteria for Hydrophobic Monomers,两亲性聚(SBMA-co-EGDEA)海洋防污涂层：疏水单体设计准则的启示,Jinhyeok Jeong; Jinwoo Lee; Sang Uk Jeong; Jae Woo Park; Sung Min Kang,Biomacromolecules,2025,10.1021/acs.biomac.5c00875,3,"Marine biofouling poses significant economic and environmental challenges, highlighting the need for effective antifouling coatings. We report amphiphilic poly(SBMA-co-EGDEA) copolymer coatings that resist both marine diatom adhesion and sediment adsorption. The coatings were synthesized via surface-initiated ATRP and RAFT polymerization using hydrophilic sulfobetaine methacrylate (SBMA) and hydrophobic ethylene glycol dicyclopentenyl ether acrylate (EGDEA). Interestingly, EGDEA exhibited a partial negative charge when coated on a surface, as confirmed by computational analyses. Since marine s",https://doi.org/10.1021/acs.biomac.5c00875,pdf_collection_2026-09
948981872,Antifouling and Antimicrobial Coatings from Zwitterionic and Cationic Binary Polymer Brushes Assembled via “Click” Reactions,通过“点击”反应组装的两性离子/阳离子二元聚合物刷防污抗菌涂层,Gang Xu; Peng Liu; Dicky Pranantyo; Liqun Xu; Koon-Gee Neoh; En-Tang Kang,Industrial & Engineering Chemistry Research,2017,10.1021/acs.iecr.7b03132,54,"Controlled architecture of bifunctional polymers on surfaces is highly challenged because of the stringent reaction conditions or tedious operations required for surface modiﬁcation. Herein, a simple and eﬀective method was developed to assemble zwitterionic and cationic binary polymer brushes onto polydopamine-anchored stainless steel (SS) surfaces. Zwitterionic poly(2-methacryloyloxyethyl phosphorylcholine) (PMPC) was ﬁrst graft polymerized from the functionalized SS surface via thiol−ene “click” reaction. Alkynyl-modiﬁed cationic poly(2-(methacryloyloxy) ethyl trimethylammonium chloride) (a",https://doi.org/10.1021/acs.iecr.7b03132,pdf_collection_2026-09
5343809809,Antifouling and Bactericidal Zwitterionic Polymer Coatings with Synergistic Inhibitory and Killing Properties,具有抑制与杀灭协同作用的防污杀菌两性离子聚合物涂层,Fei Ma; Xinde Tang; Yanan Chao; Xinyan Wang; Xuanjie Zheng; Ruixin Fu; Zihao Tang; Laixue Pang; Fuying Dong; Haixia Cheng,ACS Applied Bio Materials,2025,10.1021/acsabm.4c01776,11,"Polymeric coatings that combine resistance to adhesion (“defend- ing”) and killing (“attacking”) of biocontaminants were proposed to endow the surface with nonadhesive and bactericidal capabilities. In contrast, a zwitterionic copolymer P(GMA-co-DMAPS) with antifouling groups ([2-(methacryloyloxy)- ethyl]dimethyl-(3-sulfopropyl)ammonium hydroxide, DMAPS) and a zwitter- ionic/cationic copolymer P(GMA-co-DMAPS-co-DMC) with bactericidal groups ([2-(methacryloyloxy)ethyl]trimethylammonium chloride, DMC) were synthe- sized, of which the latter exhibited synergistic inhibitory and killing properties",https://doi.org/10.1021/acsabm.4c01776,pdf_collection_2026-09
9659782582,Bioinspired Durable Antibacterial and Antifouling Coatings Based on Borneol Fluorinated Polymers: Demonstrating Direct Evidence of Antiadhesion,基于冰片含氟聚合物的仿生耐久抗菌防污涂层：抗黏附作用的直接证据,Fan Song; Linlin Zhang; Rongrong Chen; Qi Liu; Jingyuan Liu; Jing Yu; PeiLi Liu; Jizhou Duan; Jun Wang,ACS Applied Materials & Interfaces,2021,10.1021/acsami.1c06030,81,"Substituting natural products for traditional poison-killing antifouling agents is an eﬃcient and promising method to alleviate the increasingly serious ecological crisis and aggravate the loss due to marine biofouling. Herein, the successful synthesis of poly(methyl methacrylate-co-ethyl acrylate-co-hexaﬂuorobutyl methacry- late-co-isobornyl methacrylate) copolymer (PBAF) with borneol monomers and ﬂuorine by a free radical polymerization method is reported. The PBA0.09F coating exhibits outstanding antibacterial and antifouling activity, achieving 98.2% and 92.3% resistance to Escherichia col",https://doi.org/10.1021/acsami.1c06030,pdf_collection_2026-09
7742837722,Bioinspired Sulfobetaine Borneol Fluorinated Amphiphilic Polymers for Marine Antifouling and Fouling Release Applications,仿生磺基甜菜碱-冰片含氟两亲性聚合物用于海洋防污与污损释放应用,Zhongqiang Yu; Wen Sun; Lida Wang; Zhengqing Yang; Yine Ren; Yanke Li; Guichang Liu; Qian Zhang,ACS Applied Materials & Interfaces,2024,10.1021/acsami.4c06525,21,"The development of nontoxic antifouling coatings in static marine environments is urgent. Herein, the successful synthesis of sulfobetaine borneol fluorinated polymers (PEASBF) by a free radical polymerization method is reported. The PEASBF coatings exhibit outstanding antifouling activity, which effectively resists the adhesion of Bovine serum albumin (FITC-BSA adhesion rate: 0.5%), Pseudomonas sp. (Biofilm: 1.3 absorbance) and Navicula sp. (Diatom attachment rate: 33%). More importantly, the PEASBF coatings display outstanding fouling release properties, achieving a release rate of 98% for N",https://doi.org/10.1021/acsami.4c06525,pdf_collection_2026-09
6052256941,Antifouling behavior of self-renewal acrylate boron polymers with pyridine-diphenylborane side chains,含吡啶-二苯基硼烷侧链的自更新丙烯酸酯硼聚合物防污行为,Yakun Li; Rongrong Chen; YanHua Feng; Lianhe Liu; Xun Sun; Liang Tang; Kazunobu Takahashi; Jun Wang,New Journal of Chemistry,2018,10.1039/c8nj04298e,16,,https://doi.org/10.1039/c8nj04298e,pdf_collection_2026-09
5436027120,Design and Preparation of PU/EP Blend Resin Grafted by Hydrophilic Molecular Segments,亲水分子链段接枝PU/EP共混树脂的设计与制备,Gang Lu; Changgeng Shuai; Yinsong Liu; Xue Yang; Xiaoyang Hu,Coatings,2021,10.3390/coatings11111345,4,"Film-forming resins, as carriers of antifouling coatings, play an essential role in the func- tional performance of coatings. With the gradual promotion of coatings in the ﬁeld of marine antifouling, the preparation of ﬁlm-forming resins containing hydrophilic chain segments is urgently needed to give full play to the functional and time-sensitive performance of antifouling coatings. In this paper, the single-ended isocyanate group (NCO) polyurethane (PU) prepolymer with hy- drophilic chain segments was prepared and grafted onto an epoxy resin (EP) molecular chain to obtain the PU/EP grafted b",https://doi.org/10.3390/coatings11111345,pdf_collection_2026-09
6175958161,Synthesis and Properties of Self-Polishing Antifouling Coatings Based on BIT-Acrylate Resins,基于BIT-丙烯酸酯树脂的自抛光防污涂层的合成与性能,Miao Dong; Liju Liu; Dazhuang Wang; Mengting Li; Jianxin Yang; Junhua Chen,Coatings,2022,10.3390/coatings12070891,13,"Painting antifouling coatings is one of the most important methods to prevent marine biofouling. Acrylic resin is widely used in marine antifouling because of its excellent stickiness, water resistance, and ﬁlm-forming capabilities. At present, the widely used acrylate antifouling coatings require a high concentration of cuprous oxide as antifoulant. The release and accumulation of copper ions are the main factors affecting the marine environment. In this study, BIT–allyl methacrylate (BM) and zinc acrylate (ZM) were selected as functional monomers copolymerized with methyl methacrylate (MMA) ",https://doi.org/10.3390/coatings12070891,pdf_collection_2026-09
5888733143,Capsaicin-Modified Fluorosilicone Based Acrylate Coating for Marine Anti-Biofouling,辣椒素改性氟硅橡胶基丙烯酸酯涂层用于海洋抗生物污损,Jie Liu; Jiawen Sun; Jizhou Duan; Xucheng Dong; Xinping Wang; Chao Liu; Baorong Hou,Coatings,2022,10.3390/coatings12070988,14,"Capsaicin has been extensively studied for its excellent antifouling activity and very low environmental toxicity. However, mixing natural capsaicin with coatings can cause rapid capsaicin leakage, severely shortening its antifouling cycle. In this study, we describe the preparation and performance of a new capsaicin-modiﬁed marine antifouling organoﬂuorosilicone, which is based on silicone and ﬂuorine acrylate monomers covalently bound to an organic antimicrobial monomer, HMBA (N-(4-hydroxy-3-methoxybenzyl)-acrylamide) on a polymer network. The chemical grafting of HMBA into the polymer has i",https://doi.org/10.3390/coatings12070988,pdf_collection_2026-09
1249761107,The Synthesis and Synergistic Effect of Heterocyclic Groups Grafted on Acrylic Polymers by Ester Groups for Marine Antifouling,经酯基接枝杂环基团丙烯酸聚合物的合成及其海洋防污协同效应,Dazhuang Wang; Ruotong Liu; Xiaohui Liu; Guangwen Hu; Zhineng Fu; Miao Dong; Liju Liu; Xinrui Lin; Ping Zhang; Junhua Chen,Coatings,2023,10.3390/coatings13091643,1,"Using a synthetic antifoulant is an alternative technique to using a natural antifoulant for its economical and large-scale production characteristics. In this study, we synthesized allyl 3-oxzo[d]isothiazole-2(3H)-carboxylate (BIT-C) and a series of other heterocyclic compounds, includ- ing triazole, pyridine, and thiazole derivatives. These heterocyclic monomers were used to prepare a new series of acrylic polymers by grafting them onto the side chains. The weight change on the 42nd day was less than −0.091 mg/cm−2, indicating that antifoulants can be released into seawater consistently and ",https://doi.org/10.3390/coatings13091643,pdf_collection_2026-09
7398559047,Fluoro-Silicon-Modified Polythiourethane Copolymer for Marine Antifouling Coatings,氟硅改性聚硫氨酯共聚物用于海洋防污涂层,Songbo Xie; Xiufen Liao; Yanye Fan; Jiacheng Li; Qiumei Jiang; Yihua Zheng; Zhimin Huang; Shella Li,Coatings,2025,10.3390/coatings15050588,1,"Traditional marine antifouling coatings function through releasing toxic an- tifouling agents, causing serious harm to marine ecosystems. To address this challenge, an eco-friendly fluoro-silicon-modified polythiourethane (FSi-PTU) coating has been pre- pared via a polymerization reaction with dihydroxy propyl silicone oil (HO-PDMS-OH), 1H,1H,2H,2H-perfluorohexanol (FTOH), hexamethylene diisocyanate (HDI), and pen- taerythritol tetrakis (3-mercaptopropionate) (PETMP). The FSi-PTU polymer incorporates siloxane segments and fluorinated side chains, which are inhomogeneously distributed on the co",https://doi.org/10.3390/coatings15050588,pdf_collection_2026-09
3927210713,,,,,,,,,,pdf_collection_2026-09
5851872589,A natural polymer-based hydrogel with shape controllability and high toughness and its application to efficient osteochondral regeneration,具有形状可控性与高韧性的天然聚合物基水凝胶及其高效骨软骨再生应用,Jueying Yang; Hui Wang; Weiting Huang; Kelin Peng; Rui Shi; Wei Tian; Lizhi Lin; Jingjing Yuan; Weishang Yao; Xilan Ma,Materials Horizons,2023,10.1039/d3mh00544e,48,,https://doi.org/10.1039/d3mh00544e,pdf_collection_2026-09
1920414425,Recent progress in marine foul-release polymeric nanocomposite coatings,海洋污损释放聚合物纳米复合涂层最新进展,M.S. Selim; M.A. Shenashen; Sherif A. El-Safty; S.A. Higazy; M.M. Selim; H. Isago; A. Elmarakbi,Progress in Materials Science,2017,10.1016/j.pmatsci.2017.02.001,501,"Progress in materials science is associated with the development of nanomaterials in terms of energy-saving, environmentally friendly, and low-cost methods. Since the use of tribu- tyltin compounds in antifouling coatings was banned in 2003, the search for ecofriendly alternatives has been promoted. Foul-release (FR) nanocoatings have been extensively investigated because of their non-stick, ecological, and economic advantages. Such nanocomposite systems are dynamic non-stick surfaces that deter any fouling attachment through physical anti-adhesion terminology. Instead of biocidal solutions, s",https://doi.org/10.1016/j.pmatsci.2017.02.001,pdf_collection_2026-09
5912202924,"1,2,4-Triazolo-quinazolinones as Effective Antifoulants: Molecular Design, Synthesis, and Biological Evaluation","1,2,4-三氮唑并喹唑啉酮类高效防污剂：分子设计、合成与生物评价",Satish Gudala; Miao Dong; Xinrui Lin; Ruotong Liu; Annadurai Vinothkanna; Anubhuti Jha; Archi Sharma; Dazhuang Wang; Xinghua Liu; Jianxin Yang,Langmuir,2024,10.1021/acs.langmuir.4c01393,4,"A series of 1,2,4-triazolo-quinazolinones and 1,2- benzisothiazolone derivatives (S1−S12) were successfully synthe- sized as environmentally friendly alternatives to copper-based antifouling paints using N-alkylation, cyclocondensation, and one- pot three-component and amide coupling reactions. The monoclinic structure of single-crystal 1,2,4-triazolo-quinazolin- acetic acid (S8) was confirmed by single-crystal X-ray diffraction analysis. All the synthesized molecules were studied for their in silico molecular docking interactions with three target proteins, namely, RbmA, ToxR, and Bap. Follow",https://doi.org/10.1021/acs.langmuir.4c01393,pdf_collection_2026-09
2143170199,Polymer brushes prepared by surface-initiated atom transfer radical polymerization of poly (N-isopropyl acrylamide) and their antifouling properties,表面引发原子转移自由基聚合制备聚(N-异丙基丙烯酰胺)聚合物刷及其防污性能,M. Rahimi; M. Nasiri,European Polymer Journal,2020,10.1016/j.eurpolymj.2020.109536,21,"Poly (N-isopropyl acrylamide) (PNIPAAm) polymer as a thermo-responsive coating was synthesized by surface- initiated atom transfer radical polymerization (SI-ATRP) on glass substrates. The eﬀects of chain grafting density and polymerization time on the fouling release behavior of a marine diatom were investigated. The PNIPAAm grafting and its thermo-responsiveness were conﬁrmed by diﬀerent analyses such as scanning electron micro- scopy (SEM), attenuated total reﬂectance Fourier transform infrared spectroscopy (ATR-FTIR), energy-dispersive X-ray spectroscopy, and water contact angle (WCA). Thr",https://doi.org/10.1016/j.eurpolymj.2020.109536,pdf_collection_2026-09
6141289892,Developing a novel antibacterial coating system for marine corrosion and fouling control,开发面向海洋腐蚀与污损控制的新型抗菌涂层体系,Yihan Song; Qi Wang; Yujie Ning; Huayang Tian; Bin Liu,Marine Pollution Bulletin,2025,10.1016/j.marpolbul.2024.117347,6,"Microbial-influenced corrosion and marine biofouling have become a thorny problem restricting the effective long-term operation of marine engineering. In this study, a novel antibacterial coating system for marine corrosion and fouling control was developed to integrate and improve the antibacterial performance. The coating system was composed of an epoxy primer and a low surface energy organosilicon/polyurethane topcoat, while quaternary ammonium salt (QAS) was added as an antimicrobial agent. The primer provided excellent corrosion protection. The antifouling performance was significantly im",https://doi.org/10.1016/j.marpolbul.2024.117347,pdf_collection_2026-09
8147729330,Preparation of a self-healing silicone coating for inhibiting adhesion of benthic diatoms,抑制底栖硅藻黏附的自修复有机硅涂层制备,Miaosen Yang; Yuhang Sun; Guangmeng Chen; Guangyao Wang; Songzhu Lin; Zhiyong Sun,Materials Letters,2020,10.1016/j.matlet.2020.127496,30,"This work reports a silicone coating (PDMS-UIa) with marine antifouling and self-healing properties, which was prepared by the ﬁrst synthesis of polydimethylsiloxane polymer containing imine and urea groups and then adding a small amount of eco-friendly antifoulant. The characteristic structure of the polymer was veriﬁed via Fourier transform infrared spectroscopy (FT-IR) and nuclear magnetic resonance (NMR). The PDMS-UIa coating has rapid self-repairing performance, excellent transparency and the abil- ity to control the release of antifouling agents at a certain rate. The adhesion experiment",https://doi.org/10.1016/j.matlet.2020.127496,pdf_collection_2026-09
7304208982,Dopamine-assisted sustainable antimicrobial peptide coating with antifouling and anticorrosion properties,多巴胺辅助的具有防污与防腐性能的可持续抗菌肽涂层,Pan Cao; De Liu; Yanbing Zhang; Fei Xiao; Chengqing Yuan; Feng Liang; Xiaodan Liu; Chao Zhang,Applied Surface Science,2022,10.1016/j.apsusc.2022.153019,35,"Surface biofouling will seriously affect the performance of solid–liquid contact surfaces. Antimicrobial peptides (AMPs) are considered as potential agents for surface antifouling due to its broad-spectrum antimicrobial ca­ pacity. In this study, a derived AMP was synthesized by the reaction between a marine originated AMP and monomolecular dopamine, which was then used to modify 304 stainless steel. Mass spectrometry analysis confirmed the synthesis reaction of DP, and the co-culture essays with E11 and 293 T cells proved DP’s excellent compatibility. Fourier transform infrared spectroscopy a",https://doi.org/10.1016/j.apsusc.2022.153019,pdf_collection_2026-09
4620311642,Repel-kill-release: A self-polishing antifouling coating with synergistic effects of fluorescent antifouling and contact bacteriostasis,驱避-杀灭-释放：荧光防污与接触抑菌协同的自抛光防污涂层,Hao Xu; Guangling He; Chunhua Ni; Xia Li; Xiaohui Jiang; Liangmin Yu,Applied Surface Science,2025,10.1016/j.apsusc.2025.163861,9,"Marine antifouling coatings offer an effective solution to the issue of marine fouling; however, maintaining the delicate balance between long-term efficacy and environmental sustainability presents significant challenges. Herein, we have developed a novel self-polishing surface that combines UV fluorescence-responsive antifouling and contact antifouling. This is achieved using a stabilized acrylate polymer as the backbone, with rosin and rosin-derived quaternary ammonium salts (MPA-N+) suspended from the side chains. It exhibits excellent “offensive capabilities” for repelling and killing fou",https://doi.org/10.1016/j.apsusc.2025.163861,pdf_collection_2026-09
8972058483,Ecofriendly silicon-poly(lactic acid) hybrid antifouling coatings,环保型有机硅-聚乳酸杂化防污涂层,Fabrice Azemar; Fabienne Faÿ; Karine Réhel; Isabelle Linossier,Progress in Organic Coatings,2020,10.1016/j.porgcoat.2020.105841,15,"Societal and environmental constraints have led to changes in international and European regulations to limit the use of biocides in antifouling paints. In this context, coatings combining fouling release properties and leaching of active molecules are sought. The objectives of this study are to conceive a hybrid system for anti- fouling paint and to observe the inﬂuence of the physio-chemical properties of the binders on its antifouling activity. Poly(lactic acid) (PLA) and poly(dimethylsiloxane) (PDMS) homopolymers have already been used as binders for diﬀerent antifouling strategies. The us",https://doi.org/10.1016/j.porgcoat.2020.105841,pdf_collection_2026-09
8038861630,Polyurethane antifouling coatings with various antifouling strategies in the side chain,侧链含多种防污策略的聚氨酯防污涂层,Yikai Wang; Dezhao Hao; Ming Yang; Xin Su; Pei Li; Qinze Liu; Xinglin Guo,Progress in Organic Coatings,2022,10.1016/j.porgcoat.2022.107225,23,"Marine fouling is a major barrier to the further development of the marine industry. As science and technology progress, the antifouling coating is still difficult to exhibit feasible and effective strategies against multiple fouling organisms by simple modification. This study reports a polyurethane coating consisting of quaternary ammonium and zwitterions via modifying the imidazole on the side chain, where the former exhibits fouling- degrading performance to kill the bacteria sufficiently, and the latter relies mainly on the formation of the hydrated barrier that could present superior rej",https://doi.org/10.1016/j.porgcoat.2022.107225,pdf_collection_2026-09
6589699072,Fabrication of an anti-fouling coating based on epoxy resin with a double antibacterial effect via an in situ polymerization strategy,原位聚合策略制备具有双重抗菌效应的环氧树脂基防污涂层,Luyang Sun; Ning Wang; Yanqing Wang; Picheng Chen; Hongzhen Liu; Shuting Cao; Yuetao Liu; Chuanhui Gao,Progress in Organic Coatings,2023,10.1016/j.porgcoat.2023.107837,18,"The hull and subsea equipment are often plagued by widespread marine biofouling, so developing a sustainable environmental protection antifouling paint is urgent. The study designed and developed an antifouling composite coating system (E44-Ag-PGI) with a synergistic antibacterial effect based on the dual strategy of the bacterio­ static effect of stereochemical structure on polymer surface and release sterilization of metal nanoparticles. Firstly, an antifouling agent (PGI) was prepared by simple radical polymerization by combining glycidyl methacrylate with borneol, a complex bicyclic monote",https://doi.org/10.1016/j.porgcoat.2023.107837,pdf_collection_2026-09
5553450397,Degradable polylactic acid-reinforced acrylate polymer coating for marine antifouling,可降解聚乳酸增强丙烯酸酯聚合物涂层用于海洋防污,Hao Xu; Yanjian Wang; Chunhua Ni; Guangling He; Xia Li; Xiaohui Jiang; Liangmin Yu,Progress in Organic Coatings,2024,10.1016/j.porgcoat.2024.108824,11,"Marine biofouling is one of the major challenges facing human exploitation of the oceans. Although marine antifouling coatings are effective in dealing with marine fouling, coatings simultaneously exhibiting low cost, long life, and environmental friendliness are lacking. Herein, a degradable acrylate polymer with long-term effectiveness is prepared; the side chain of this polymer consists of polylactic acid (PLA) and natural rosin. PLA can undergo hydrolysis and degradation on the coating surface, resulting in the antimicrobial and anti-algal properties of the coating while promoting the self",https://doi.org/10.1016/j.porgcoat.2024.108824,pdf_collection_2026-09
8353987481,Composite coatings based on silicone-modified polyurethane and marine natural product chlorogentisyl alcohol for marine antifouling,基于有机硅改性聚氨酯与海洋天然产物氯代龙胆醇的海洋防污复合涂层,Yuan Feng; Zi-Hao Chen; Yong-Yin Cui; Ming-Yang Zhang; Miao-Qing Sheng; Hui-Jing Li; Yan-Chao Wu,Progress in Organic Coatings,2025,10.1016/j.porgcoat.2024.108906,6,"Marine biofouling has a serious impact on marine facilities, and traditional antifoulants may cause secondary pollution to the ocean. As chlorogentisyl alcohol (3-chloro-2,5-dihydroxybenzyl alcohol, CHBA) is a marine natural product with excellent antifouling properties, CHBA and its analogues are prepared and combined with silicone-modified polyurethane (SiPU) for development of potential green composite coatings for marine anti­ fouling. Lubricant polydimethylsiloxane and antifoulant CHBA endow the composite material with antifouling properties under dynamic and static conditions, respective",https://doi.org/10.1016/j.porgcoat.2024.108906,pdf_collection_2026-09
8624132013,Fabrication of medetomidines/epoxy coatings for marine anticorrosion and antifouling,美托咪定/环氧涂层的制备用于海洋防腐与防污,Miao-Qing Sheng; Yong-Yin Cui; An-Ji Wu; Ming-Xia Song; Ming-Yang Zhang; Yuan Feng; Hui-Jing Li; Yan-Chao Wu,Progress in Organic Coatings,2025,10.1016/j.porgcoat.2024.109033,4,"Corrosion and biological fouling present notable challenges for the growth of the marine industry. Since medetomidine (MM) has been shown to induce hyperactivity and interfere with barnacle larvae settlement, we synthesized MM and its analogues, 4-(1-(3,4-dimethyl phenyl)ethyl)-1H-imidazole (MM-2), 5-(1-phenylethyl)- 1H-imidazole (MM-3) and 4-(1-(3,4-dichlorophenyl)ethyl)-1H-imidazole (MM-4), to explore their antifouling effectiveness in marine settings. The anticorrosive epoxy resin (EP) was integrated with these antifouling medetomidines to develop coatings that offer both antifouling and an",https://doi.org/10.1016/j.porgcoat.2024.109033,pdf_collection_2026-09
3985805775,Transparent zwitterionic cellulose nanofibers-based coatings for marine antifouling,透明两性离子纤维素纳米纤维基涂层用于海洋防污,Yanyi Duan; Jiangjiexing Wu; Aihua Qiao; Xin Guo; Xiaotian Ge; Wei Qi; Anastasia Penkova; Rongxin Su,Progress in Organic Coatings,2025,10.1016/j.porgcoat.2025.109172,3,"Marine optical devices face significant biofouling challenges, which compromise their transparency and disrupt their functionality. Existing coatings, typically relying on toxic biocides or dynamic surfaces, harm the marine environment and fail to meet the signal stability required for high-performance equipment. In this study, we introduce a fully bio-based approach to transparent antifouling coatings by developing zwitterionic cellulose nanofibers (ZCNF) modified with lysine, arginine, and histidine. Notably, this innovative modification exhibits enhanced hydrophilicity and antifouling prope",https://doi.org/10.1016/j.porgcoat.2025.109172,pdf_collection_2026-09
4896057594,Synthesis and characterization of caprolactone based polyurethane with degradable and antifouling performance,具有可降解与防污性能的己内酯基聚氨酯的合成与表征,Abid Ali; Lina Song; Jiankun Hu; Jingxian Jiang; Qingqing Rao; Muhammad Shoaib; Shah Fahad; Yongjie Cai; Xiaoli Zhan; Fengqiu Chen,Chinese Journal of Chemical Engineering,2021,10.1016/j.cjche.2020.11.007,13,"In this work, a degradable polyurethane composed of caprolactone (CL) and L-Lactide (LLA) as soft seg- ments, and 4,40-methylenebis(cyclohexyl isocyanate) (H12MDI) and polytetramethylene ether glycol (PTMEG) as hard segments, was prepared. Hydrolytic degradation experiment revealed that the degrad- able polyurethane (PU) could be degraded in artiﬁcial seawater. It also showed that caprolactone-co- polyurethane (CL-PU) copolymer with higher crystallinity degraded much slower in artiﬁcial seawater. However, the introduction of LLA resulted in an increase in the hydrophilicity and reduction in th",https://doi.org/10.1016/j.cjche.2020.11.007,pdf_collection_2026-09
3517677178,A rationally designed polymer brush/lubricant coating system for effective static and dynamic marine antifouling,合理设计的聚合物刷/润滑剂涂层体系用于高效静态与动态海洋防污,Baoxin Wang; Hongxing Ye; Baiyi Chen; Pengjiao Zu; Guizhen Lu; Li Ma; Haibing Zhang; Mingxian Sun; Yuanjie Li; Hongyi Liu,Chemical Engineering Journal,2024,10.1016/j.cej.2024.153568,36,"Bioinspired slippery surfaces have garnered significant attention as promising solutions to mitigate biofouling. Unlike traditional lubricant-infused porous surfaces, recent research has focused on the integration of lubricants within polymer brush-grafted surfaces. The combination of polydimethylsiloxane (PDMS) polymer brush and silicone oil has gradually become the most prevalent choice due to their outstanding chemical affinity. However, this conventional coating system also has the potential for improvement to meet the needs of long-lasting and efficient marine antifouling, including i) pr",https://doi.org/10.1016/j.cej.2024.153568,pdf_collection_2026-09
7882948433,Revolutionizing marine Protection: Innovative designs for In-Situ applicable underwater antifouling superoleophobic coatings,革新海洋防护：原位适用水下防污超疏油涂层的创新设计,Zhaoji Xia; Xiubin Xu; Xusheng Jiang; Jianmin He; Yanting Chen; Danfeng Yu; Zhenyu Wang; Xu Wu; Hongbo Zeng,Chemical Engineering Journal,2024,10.1016/j.cej.2024.154157,13,"There is a high demand for underwater antifouling coatings for marine engineering and underwater activities. However, In-situ painting coating in a water environment for various large substrate surfaces is ideal but extremely challenging. In this work, we present a novel approach to achieving a fouling-repellent super- oleophobic coating that can be directly applied underwater. The coating was prepared facilely via one-pot synthesis using epoxy resin E51 and 2-hydroxyethyl methacrylate as main components. This method involves the hydrolytic migration of side chains (Trimethylsilyl Methacrylate",https://doi.org/10.1016/j.cej.2024.154157,pdf_collection_2026-09
5848598082,Synthesis and marine antifouling properties of carbazole amide derivatives with fluorescent properties and their zinc acrylate resins,具有荧光性能的咔唑酰胺衍生物及其丙烯酸锌树脂的合成与海洋防污性能,Wenjian Dong; Yifan Wang; Xia Li; Liangmin Yu; Na Li; Jian Yang; Junchao Yin,Chemical Engineering Journal,2024,10.1016/j.cej.2024.158017,9,"Fluorescent antifouling is a method that utilizes substances fluorescent repellent effect to prevent organisms attachment and fouling. It is considered one of the directions for developing environmentally friendly marine antifouling materials. The current fluorescent antifouling materials were characterized by issues such as single functionality, unclear antifouling mechanisms, and suboptimal antifouling performance. In this study, three carbazole derivatives containing carbon–carbon double bonds were synthesized by Friedel-Crafts alkylation reaction, and a series of zinc acrylate resins conta",https://doi.org/10.1016/j.cej.2024.158017,pdf_collection_2026-09
8244523681,Antifouling on Gecko's Feet Inspired Fibrillar Surfaces: Evolving from Land to Marine and from Liquid Repellency to Algae Resistance,壁虎脚启发的纤维状表面防污：从陆地到海洋、从拒液到抗藻的演进,Shuanhong Ma; Qian Ye; Xiaowei Pei; Daoai Wang; Feng Zhou,Advanced Materials Interfaces,2015,10.1002/admi.201500257,62,,https://doi.org/10.1002/admi.201500257,pdf_collection_2026-09
9105355405,Synergistic Prevention of Biofouling in Seawater Desalination by Zwitterionic Surfaces and Low‐Level Chlorination,两性离子表面与低浓度氯化协同防止海水淡化中的生物污损,Rong Yang; Hongchul Jang; Roman Stocker; Karen K. Gleason,Advanced Materials,2013,10.1002/adma.201304386,159,,https://doi.org/10.1002/adma.201304386,pdf_collection_2026-09
7319480207,AMPHIPHILIC MARINE COATINGS SYSTEM OF SELF-LAYERED PDMS-PEG,自分层PDMS-PEG两亲性海洋涂层体系,,,2023,,,,,pdf_collection_2026-09
7227464424,Marine Antifouling Surface Coatings Using Tannic Acid and Poly(<i>N</i>‐vinylpyrrolidone),利用单宁酸与聚(N-乙烯基吡咯烷酮)的海洋防污表面涂层,Suyeob Kim; Yeonwoo Jeong; Sung Min Kang,Bulletin of the Korean Chemical Society,2016,10.1002/bkcs.10687,8,,https://doi.org/10.1002/bkcs.10687,pdf_collection_2026-09
8794317578,Surface‐initiated <scp>ARGET ATRP</scp> of zwitterionic carboxybetaine methacryloyl ethylenediamine in formation of ultralow‐biofouling films,两性离子羧基甜菜碱甲基丙烯酰氧乙基乙二胺的表面引发ARGET ATRP构建超低生物污损薄膜,Inae Han; HyeongBin Rheem; Sang Yeong Han; Jayeong Kim; Insung S. Choi,Bulletin of the Korean Chemical Society,2026,10.1002/bkcs.70111,1,"Undesired biofouling processes severely compromise the performance and durability of materials, including those used in biomedical and marine environ- ments, strongly demanding effective and robust antifouling coating strategies. This paper presents the design, synthesis, and application of a highly water- soluble zwitterionic monomer, carboxybetaine methacryloyl ethylenediamine (CB-MAEDA), in the fabrication of ultralow-biofouling polymer brushes via surface-initiated, activators regenerated by electron transfer atom transfer radi- cal polymerization (SI-ARGET ATRP). CB-MAEDA is synthesized t",https://doi.org/10.1002/bkcs.70111,pdf_collection_2026-09
6941889868,Stainless steel surfaces with thiol-terminated hyperbranched polymers for functionalization via thiol-based chemistry,巯基封端超支化聚合物修饰的不锈钢表面用于巯基化学功能化,Wen Jing Yang; Koon-Gee Neoh; En-Tang Kang; Serena Lay-Ming Teo; Daniel Rittschof,Polymer Chemistry,2013,10.1039/c3py00009e,104,,https://doi.org/10.1039/c3py00009e,pdf_collection_2026-09
8609562203,Biomimetics for early stage biofouling prevention: templates from insect cuticles,面向早期生物污损预防的仿生学：源自昆虫表皮的模板,Sheeana Gangadoo; Shaneel Chandra; Aoife Power; Claire Hellio; Gregory S. Watson; Jolanta A. Watson; David W. Green; James Chapman,Journal of Materials Chemistry B,2016,10.1039/c6tb01642a,50,,https://doi.org/10.1039/c6tb01642a,pdf_collection_2026-09
9090080555,UC Santa Barbara dissertation template,加州大学圣塔芭芭拉分校学位论文模板,,,2016,,,,,pdf_collection_2026-09
8025663577,Elastomeric fluorinated polyurethane coatings for nontoxic fouling control,用于无毒污损控制的弹性含氟聚氨酯涂层,Robert F Brady; Carl L Aronson,Biofouling,2003,10.1080/0892701031000061741,41,,https://doi.org/10.1080/0892701031000061741,pdf_collection_2026-09
3142548604,Fluorine-free mixed amphiphilic polymers based on PDMS and PEG side chains for fouling release applications,基于PDMS与PEG侧链的无氟混合两亲性聚合物用于污损释放应用,Harihara S. Sundaram; Youngjin Cho; Michael D. Dimitriou; Craig J. Weinman; John A. Finlay; Gemma Cone; Maureen E. Callow; James A. Callow; Edward J. Kramer; Christopher K. Ober,Biofouling,2011,10.1080/08927014.2011.587662,94,,https://doi.org/10.1080/08927014.2011.587662,pdf_collection_2026-09
4213694528,Preparation and properties of crosslinked network coatings based on perfluoropolyether/poly(dimethyl siloxane)/acrylic polyols for marine fouling–release applications,基于全氟聚醚/聚二甲基硅氧烷/丙烯酸多元醇的交联网络涂层制备与性能用于海洋污损释放应用,Xiaoying Sun; Fan Zhang; Yuanyuan Chen; Zhang Cheng; Youquan Su; Jianzhong Hang; Lujiang Jin; Na Li; Dan Shang; Liyi Shi,Journal of Applied Polymer Science,2015,10.1002/app.41860,38,"a,x-Triethoxysilane terminated poly(dimethyl siloxane) (PDMS) oligomer, a,x-triethoxysilane terminated perfluoropolyether (PFPE) oligomer, and acrylic polyols were first synthesized via an addition reaction and free-radical polymerization. Then, crosslinked net- work coatings based on PFPE/PDMS/acrylic polyols for marine fouling-release applications were prepared by a condensation reaction. The structure of the crosslinked network coating was characterized by Fourier transform infrared spectroscopy. The chemical composition of the coating surface was characterized by X-ray photoelectron spectr",https://doi.org/10.1002/app.41860,pdf_collection_2026-09
8408340993,Synthesis and characterization of waterborne polyurethane‐based marine antifouling coating modified via glycerol laurate,月桂酸甘油酯改性水性聚氨酯基海洋防污涂层的合成与表征,Miao Cao; Qiaoyi Xiao; Bo Wu; Zhisheng Luo; Zhengwei Dai; Jie Yi,Journal of Applied Polymer Science,2024,10.1002/app.56455,0,"Marine biofouling is a major international challenge since it is responsible for several environmental problems and economic losses. Developing a novel anti- fouling coating with good water resistance, adhesion, and controlled degrada- tion performance is crucial to solving the problem. Herein, a series of waterborne polyurethane emulsions were synthesized using the prepolymeri- zation chain expansion and self-emulsification method, with varying contents of glycerol laurate (GL) as the post-chain extender. The findings demonstrated a notable enhancement in the controllable degradation performa",https://doi.org/10.1002/app.56455,pdf_collection_2026-09
4012457141,Synthesis of E‐54‐Based Quaternary Ammonium Salt and Its Efficacy in Antifouling Performance of Marine Coating,E-54基季铵盐的合成及其对海洋涂层防污性能的效果,Yiming Hu; Qinyi Liu; Jiaxuan He; Zhen Wang; Yan Xu; Tao Fang; Yuansheng Wang; Xiaoming Tan; Shengtai Zhou,Journal of Applied Polymer Science,2025,10.1002/app.57388,0,"Marine biofouling poses a threat to marine facilities. In this work, a quaternary ammonium salt (E54-­QAS) was synthesized from triethylammonium hydrochloride and epoxy resin E-­54, which was then incorporated into a polyurethane (PU) prepoly- mer to fabricate an antifouling coating. The coating exhibited a bonding strength as high as 3.12 MPa and impact resistance of 90 kg as well as excellent antibacterial efficiency against Pseudomonas aeruginosa at an E54-­QAS content of 4.2%. Moreover, the antimicrobial efficacy of the coating remained above 99% after 3 months of immersion. The optimized ",https://doi.org/10.1002/app.57388,pdf_collection_2026-09
76769892,An Antifouling Coating Based on Tannic Acid: An Eco‐Friendly Strategy for Antioxidant Removal of Reactive Oxygen Species,基于单宁酸的防污涂层：抗氧化清除活性氧的环保策略,Jine Wang; Rui Zhao; Zhe Cheng; Pei Wang; Meihua Jin; Jiujun Xu,Journal of Applied Polymer Science,2025,10.1002/app.57227,2,"As a kind of natural polyphenolic antioxidants, tannic acid (TA) has a wide range of sources and biosafety, excellent antibacterial properties and its special chemical structure makes it easy to bind to the surface, which may provide inspiration for the develop- ment of antifouling materials. In this paper, a TA-­based antifouling coating was designed and prepared. A stable intermediate transition layer was formed by co-­deposited 3,4-­dihydroxy phenyl-­L-­alanine (DOPA) and polyethyleneimine (PEI) on the surface of polyvinyl chloride (PVC), and then TA molecules were grafted on the surface to",https://doi.org/10.1002/app.57227,pdf_collection_2026-09
1125943663,Self‐Releasing Vanillin: An Eco‐Friendly Self‐Polishing Coating Designed for Marine Antifouling,自释放香草醛：面向海洋防污设计的环保自抛光涂层,Xin Liu; Xiaojun Wang; Rongrong Chen; Qi Liu; Dalei Song; Gaohui Sun; Jing Yu; Jingyuan Liu; Jiahui Zhu; Shifeng Guo,Journal of Polymer Science,2025,10.1002/pol.20241081,5,"Biological fouling will cause severe damage to the functionality of marine underwater facilities, shorten their service life, im- pede their normal operation, and trigger a biological invasion event. The traditional marine antifouling coatings release heavy metal elements, which cause harm to the marine environment. To overcome this issue, a self-­polishing antifouling resin based on vanillin methacrylate (VMA) was prepared via the free radical polymerization method. In seawater, the VMA-­based coatings achieve self-­polishing through the hydrolysis of the phenolic ester group. The hydrolysis ",https://doi.org/10.1002/pol.20241081,pdf_collection_2026-09
5223252061,Efficient and robust coatings using poly(2‐methyl‐2‐oxazoline) and its copolymers for marine and bacterial fouling prevention,利用聚(2-甲基-2-噁唑啉)及其共聚物的高效坚固涂层用于海洋与细菌污损预防,Tao He; Dominik Jańczewski; Satyasankar Jana; Anbanandam Parthiban; Shifeng Guo; Xiaoying Zhu; Serina Siew‐Chen Lee; Fernando Jose Parra‐Velandia; Serena Lay‐Ming Teo; G. Julius Vancso,Journal of Polymer Science Part A: Polymer Chemistry,2015,10.1002/pola.27912,46,"Molecular design, fabrication, and properties of thin- film coatings based on poly(2-methyl-2-oxazoline) (PMOX) and its copolymers were investigated to tackle problem of marine and bacterial fouling prevention. The ultraviolet crosslinkable macromonomer poly(2-methyl-2-oxazoline) dimethylacrylate was synthesized by cationic ring-opening polymerization in a microwave reactor initiated by 1,4-dibromobutane. In order to study the charge effect of the PMOX coatings on the adhesion of fouling organisms, PMOX surfaces with negative, neutral, and positive f-potential values were prepared by copolymer",https://doi.org/10.1002/pola.27912,pdf_collection_2026-09
8552279950,MAP-inspired dual crosslinked PVP-phenol sprayable hydrogel coating for stable marine antifouling applications,贻贝黏附蛋白启发的双交联PVP-苯酚可喷涂水凝胶涂层用于稳定海洋防污应用,Haobo Shu; Junnan Cui; Yuhan Liu; Xiuqin Bai; Chengqing Yuan; Pan Cao,Friction,2025,10.26599/FRICT.2025.9440946,7,"The application of antifouling paints to the surfaces of marine installations is the most economically efficient means for mitigating damage caused by marine biofouling in the shipping industry. However, conventional antifouling paints currently in widespread use can no longer meet the requirements of green antifouling. Although hydrogel coatings have made great progress in marine antifouling applications, current hydrogel coatings still suffer from construction difficulties and poor mechanical stability under wet conditions. In this paper, we innovatively exploit the phenomenon of the absorpt",https://doi.org/10.26599/FRICT.2025.9440946,pdf_collection_2026-09
4965345736,Preparation and characterization of amphiphilic polymer coating for marine biofouling control,面向海洋生物污损控制的两亲性聚合物涂层的制备与表征,Lokeshwar Mahto; Dharm Pal,IOP Conference Series: Materials Science and Engineering,2020,10.1088/1757-899X/798/1/012005,5,,https://doi.org/10.1088/1757-899X/798/1/012005,pdf_collection_2026-09
2019812605,Long lasting marine antifouling polyurethane coating chemically bonded with poly(hexamethylene guanidine),化学键合聚六亚甲基胍的长效海洋防污聚氨酯涂层,Yufeng Zhao; Dafu Wei; Xiang Xu; Yong Guan,Polymers for Advanced Technologies,2024,10.1002/pat.6314,10,"In order to protect the marine environment, traditional marine antifouling coat- ings such as tributyltin (TBT)-based antifouling coatings have been phased out. There is an urgent need to develop environmentally friendly marine antifouling coatings. In this work, the antibacterial poly(hexamethylene guanidine) (PHMG) was introduced into polyurethane (PU) through chemical bond to prepare a green environmentally friendly marine antifouling coating (PU-PHMG). The mor- phology, antimicrobial properties, mechanical properties and thermostability of the PU-PHMG films were investigated. The antimicro",https://doi.org/10.1002/pat.6314,pdf_collection_2026-09
4630549499,The intermolecular forces induced silicon-polyurea marine anti-fouling coating with ideal mechanical and antibacterial performances,分子间力诱导的具有理想力学与抗菌性能的有机硅-聚脲海洋防污涂层,Xin Li; Huaming Yuan; Haixia Kuang; Ming Liu; Yunqiang Zhang; Mei Li; Jiaxi Cui; Laiying Jing,"Journal of Macromolecular Science, Part A",2024,10.1080/10601325.2024.2335276,7,,https://doi.org/10.1080/10601325.2024.2335276,pdf_collection_2026-09
532874851,A New Sight into Bio-Based Polybenzoxazine: From Tunable Thermal and Mechanical Properties to Excellent Marine Antifouling Performance,生物基聚苯并噁嗪新视角：从可调热学与力学性能到优异海洋防污性能,Guangming Lu; Jinyue Dai; Jingkai Liu; Shu Tian; Yongjian Xu; Na Teng; Xiaoqing Liu,ACS Omega,2020,10.1021/acsomega.0c00025,50,"With the rapid development of bio-based polymers, poly- benzoxazine derived from renewable resources has been widely investigated. However, there are few reports on the functional application of bio-based polybenzoxazine based on the special chemical structures of renewable compounds. In this work, an easy approach to prepare the polybenzoxazines with varied thermomechanical properties and excellent marine antifouling performance from renewable resources is presented. After a variety of main- chain-type benzoxazine polymers (MCBPs) were synthesized from the renewable daidzein, furfurylamine, p",https://doi.org/10.1021/acsomega.0c00025,pdf_collection_2026-09
677932870,"A Paintable, Scalable, and Durable Zwitterionic Hydrogel Coating for Enhanced Marine Antifouling Applications",可涂布、可放大且耐用的两性离子水凝胶涂层用于增强海洋防污应用,Boyi Song; Ershuai Zhang; Yuanjie Shi; Hui Zhu; Wei Wang; Sheu-Jane Gallagher; Zhiqiang Cao,Langmuir,2025,10.1021/acs.langmuir.4c04595,16,"Marine biofouling has been a severe challenge since the increase of maritime trade, significantly impacting the efficiency of ships by increasing drag, fuel consumption, hull corrosion, and even problems related to navigational safety and biological invasions. Commercial antifouling coatings have been developed for many years, but a satisfactory solution has yet to be found due to problems, such as high toxicity, environmental pollution, or high costs. Zwitterionic materials, with their superhydrophilic properties, demonstrate excellent resistance to nonspecific adhesion alongside good biocomp",https://doi.org/10.1021/acs.langmuir.4c04595,pdf_collection_2026-09
4316602024,Amphiphilic Balance: Effect of the Hydrophilic–Hydrophobic Ratio on Fouling-Release Surfaces,两亲性平衡：亲疏水比例对污损释放表面的影响,AliReza Rahimi; Joseph Dahlgren; Kinza Faiyaz; Shane J. Stafslien; Lyndsi VanderWal; James Bahr; Maryam Safaripour; John A. Finlay; Anthony S. Clare; Dean C. Webster,Langmuir,2023,10.1021/acs.langmuir.3c03478,14,"This study demonstrated the importance of identifying the optimal balance of hydrophilic and hydrophobic moieties in amphiphilic coatings to achieve fouling-release (FR) performance that surpasses that of traditional hydrophobic marine coatings. While there have been many reports on fouling-release properties of amphiphilic surfaces, the offered understanding is often limited. Hence, this work is focused on further understanding of the amphiphilic surfaces. Poly(ethylene glycol) (PEG) and polydimethylsiloxane (PDMS) were used to create a series of noncross- linked amphiphilic additives that we",https://doi.org/10.1021/acs.langmuir.3c03478,pdf_collection_2026-09
5712761664,Amphiphilic Marine Antifouling Coatings Based on Zwitterion-Modified Silicone Polymers,基于两性离子改性有机硅聚合物的两亲性海洋防污涂层,Shu Tian; Yi Li; Hao Zhang; Guangming Lu; Ruiqi Li; Junyu Yu; Chao Zhao; Jing Yang; Lei Zhang,Langmuir,2024,10.1021/acs.langmuir.4c04332,18,"Silicone coatings are widely employed in marine antifouling applications due to their low surface energy. However, in static marine environments, pure silicone coatings are ineffective in preventing the adhesion of marine biofilms, which consist of proteins, marine bacteria, and extracellular matrices, ultimately promoting the attachment of macrofouling organisms. To address the limitations in antifouling performance under static conditions, this study introduces a silicone-based antifouling coating modified with zwitterionic polymers. Sulfobetaine (SB) zwitterionic segments were grafted onto ",https://doi.org/10.1021/acs.langmuir.4c04332,pdf_collection_2026-09
2854203378,Amphiphilic Nitroxide-Bearing Siloxane-Based Block Copolymer Coatings for Enhanced Marine Fouling Release,含氮氧自由基的两亲性硅氧烷基嵌段共聚物涂层用于增强海洋污损释放,Amanda Leonardi; Aria C. Zhang; Nilay Düzen; Nick Aldred; John A. Finlay; Jessica L. Clarke; Anthony S. Clare; Rachel A. Segalman; Christopher K. Ober,ACS Applied Materials & Interfaces,2021,10.1021/acsami.1c05266,36,"The buildup of organic matter and organisms on surfaces exposed to marine environments, known as biofouling, is a disruptive and costly process aﬀecting maritime operations. Previous research has identiﬁed some of the surface characteristics particularly suited to the creation of antifouling and fouling-release surfaces, but there remains room for improvement against both macrofouling and microfouling organisms. Characterization of their adhesives has shown that many rely on oxidative chemistries. In this work, we explore the incorporation of the stable radical 2,2,6,6-tetramethylpipiderin-1-o",https://doi.org/10.1021/acsami.1c05266,pdf_collection_2026-09
8067354333,Antifouling Properties of Poly(methyl methacrylate) Films Grafted with Poly(ethylene glycol) Monoacrylate Immersed in Seawater,海水浸泡下聚乙二醇单丙烯酸酯接枝聚甲基丙烯酸甲酯薄膜的防污性能,O. Iguerb; C. Poleunis; F. Mazéas; C. Compère; P. Bertrand,Langmuir,2008,10.1021/la801814u,31,,https://doi.org/10.1021/la801814u,pdf_collection_2026-09
6783597825,Antifouling Property of Cu <sub>2</sub> O-Free Self-Polishing Antifouling Coatings Based on Amide Derivatives Inspired by Capsaicin,基于辣椒素启发酰胺衍生物的无Cu2O自抛光防污涂层的防污性能,Xuan Wang; Jian Yang; Zhenxia Liu; Xiaohui Jiang; Liangmin Yu,Langmuir,2022,10.1021/acs.langmuir.2c01503,32,"The evidence from many studies shows that antifoulants (Cu2O) and organic antifouling agents with broad- spectrum characteristics in antifouling coatings cause varying degrees of damage to the environment. Therefore, this study prepared Cu2O-free self-polishing antifouling coatings based on amide derivatives inspired by capsaicin (ADIC-CSAC) with green and environmentally friendly characteristics. First, the structure of ADIC and the composition of ADIC-CSAC were characterized by IR, 1H NMR, 13C NMR, HRMS, and EDX. Moreover, antibacterial, anti-algal, static raft tests and changes in the mass ",https://doi.org/10.1021/acs.langmuir.2c01503,pdf_collection_2026-09
3544660401,Bioinspired Silicone-Epoxy Coatings: Combining Cycloaliphatic Resins and Tetrasulfide Bonds for Enhanced Anticorrosion and Antifouling Performance,仿生有机硅-环氧涂层：结合脂环族树脂与四硫键增强防腐与防污性能,Junjie Huang; Yuan Cao; Hongping Xiang,Industrial & Engineering Chemistry Research,2025,10.1021/acs.iecr.4c04473,7,"Marine biofouling and seawater corrosion present significant economic challenges to the marine industry. While polymer coatings can effectively delay these processes, traditional coatings often release harmful substances, leading to environmental contamination. Silicone-based fouling release coatings (FRCs) improve antifouling performance by minimizing adhesion with marine organisms, but their low mechanical strength and poor substrate adhesion limit their broader application. This study combines the mechanical properties of cycloaliphatic silicone-epoxy resins with the antimicrobial capabilit",https://doi.org/10.1021/acs.iecr.4c04473,pdf_collection_2026-09
6508639402,Biomimetic Anchors for Antifouling and Antibacterial Polymer Brushes on Stainless Steel,不锈钢表面防污抗菌聚合物刷的仿生锚固,Wen Jing Yang; Tao Cai; Koon-Gee Neoh; En-Tang Kang; Gary H. Dickinson; Serena Lay-Ming Teo; Daniel Rittschof,Langmuir,2011,10.1021/la200620s,192,Barnacle cement (BC) was beneﬁcially applied on stainless steel (SS) to serve as the initiator anchor for surface- initiated polymerization. The amine and hydroxyl moieties of barnacle cement reacted with 2-bromoisobutyryl bromide to provide the alkyl halide initiator for the surface-initiated atom transfer radical polymerization (ATRP) of 2-hydroxyethyl methacrylate (HEMA). The hydroxyl groups of HEMA poly- mer (PHEMA) were then converted to carboxyl groups for coupling of chitosan (CS) to impart the SS surface with both antifouling and antibacterial properties. The surface-functionalized SS ,https://doi.org/10.1021/la200620s,pdf_collection_2026-09
4427905324,BIT-Triazine Acrylate Resins as High-Performance Sustainable Coatings for Marine Antifouling Applications,BIT-三嗪丙烯酸酯树脂作为海洋防污应用的高性能可持续涂层,Miao Dong; Xinrui Lin; Xinyi Liu; Xiaodong Xu; Junhua Chen; Jianxin Yang,ACS Applied Polymer Materials,2025,10.1021/acsapm.5c01800,0,"This study presents the rational design and performance evaluation of eco-friendly BIT- triazine acrylic resins for marine antifouling applications. Two monomers were synthesized using cyanuric chloride as a core scaffold, incorporating the effective biocide 1,2-benzisothiazolin-3-one (BIT) and a polymerizable methallyl alcohol group. A total of 22 copolymers were prepared via copolymerization with acrylic esters and laboratory-synthesized functional monomers. Their chemical structures were confirmed by FT-IR and 1H NMR spectroscopy. Hydrolytic degradation tests revealed that polymers containi",https://doi.org/10.1021/acsapm.5c01800,pdf_collection_2026-09
3998099656,Cationic Copolymer with Amphiphilic Side Chain and Hydrophobic Siloxane/Polycaprolactone Main Chain for Marine Antifouling Coating,具有两亲性侧链与疏水硅氧烷/聚己内酯主链的阳离子共聚物用于海洋防污涂层,Shixin Zhu; Guilan Fu; Xiuhua Sun; Changlu Gao,Langmuir,2025,10.1021/acs.langmuir.5c00179,10,"Cationic copolymers formulated with different weight percentages of random copolymerized amphiphilic poly- (carboxybetaine methacrylate ester)-poly(methyl methacrylate)- polyvinylpyrrolidone (PCBMAE−PMMA-PVP) side chain and polycaprolactone (PCL)/siloxane main chain were developed via a one-pot continuous reaction for the preparation of marine antifouling coatings. By tuning the weight percentage of the side chain and main chain, a 30% quaternization degree can be achieved without obvious gelation of the cationic copolymer. The hydro- lyzable PCBMAE in the side chain and degradable PCL in the ",https://doi.org/10.1021/acs.langmuir.5c00179,pdf_collection_2026-09
121316411,Facile Construction of Robust Multilayered PEG Films on Polydopamine-Coated Solid Substrates for Marine Antifouling Applications,在聚多巴胺包覆固体基材上简便构建坚固多层PEG薄膜用于海洋防污应用,Suyeob Kim; Taewoo Gim; Yeonwoo Jeong; Ji Hyun Ryu; Sung Min Kang,ACS Applied Materials & Interfaces,2017,10.1021/acsami.7b07199,74,"We report an eﬀective and versatile approach to control marine fouling on artiﬁcial surfaces based on speciﬁc chemical interactions found in marine mussels. The approach consists of mussel-inspired polydopamine coating, spin-coating-assisted deposi- tion of poly(ethylene glycol) (PEG) catechols, and their cross-linking via catechol−Fe3+−catechol interactions. Using this approach, multi- layered PEG ﬁlms that were highly resistant to marine diatom adhesion were successfully constructed on various substrates, such as stainless steel, nylon, titanium oxide, and silicon oxide. We believe that our ",https://doi.org/10.1021/acsami.7b07199,pdf_collection_2026-09
4267145364,A wear-resistant coating with combined mechanical and antifouling properties for potential underwater cleaning applications,兼具力学与防污性能的耐磨涂层用于潜在水下清洁应用,Xiping Chen; Leika Du; Jiawang Chen; Huanzhi Xu; Qinghua Zhang; Jiankun Hu,Frontiers in Chemistry,2025,10.3389/fchem.2025.1666881,0,,https://doi.org/10.3389/fchem.2025.1666881,pdf_collection_2026-09
1932940782,Hyperbranched Fluoropolymer-Polydimethylsiloxane-Poly(ethylene glycol) Cross-Linked Terpolymer Networks Designed for Marine and Biomedical Applications: Heterogeneous Nontoxic Antibiofouling Surfaces,面向海洋与生物医学应用的超支化含氟聚合物-聚二甲基硅氧烷-聚乙二醇交联三元共聚物网络：多相无毒抗生物污损表面,Kevin A. Pollack; Philip M. Imbesi; Jeffery E. Raymond; Karen L. Wooley,ACS Applied Materials & Interfaces,2014,10.1021/am505296n,77,"Synthesis of terpolymer coatings composed of hyperbranched ﬂuoropolymers cross-linked with bisamino- propyl poly(ethylene glycol) and bisamino-propyl polydime- thylsiloxane (PDMS) was performed to generate antibiofoul- ing surfaces. Nanoscale imaging and surface spectroscopy conﬁrmed that this system possessed complex surface topographies and chemical compositions. Surface complexity was determined to be due to molecular interactions, phase segregation, and compositional gradients arising between the three components. A clear diﬀerence in surface behavior was observable before and after exposu",https://doi.org/10.1021/am505296n,pdf_collection_2026-09
8630389713,Investigation of N-Substituted Morpholine Structures in an Amphiphilic PDMS-Based Antifouling and Fouling-Release Coating,两亲性PDMS基防污与污损释放涂层中N-取代吗啉结构的研究,Amanda K. Leonardi; Riddhiman Medhi; Aria Zhang; Nilay Düzen; John A. Finlay; Jessica L. Clarke; Anthony S. Clare; Christopher K. Ober,Biomacromolecules,2022,10.1021/acs.biomac.1c01474,27,"Biofouling is a major disruptive process aﬀecting the fuel eﬃciency and durability of maritime vessel coatings. Previous research has shown that amphiphilic coatings consisting of a siloxane backbone functionalized with hydrophilic moieties are eﬀective marine antifouling and fouling-release materials. Poly- (ethylene glycol) (PEG) has been the primary hydrophilic component used in such systems. Recently, the morpholine group has emerged as a promising compact alternative in antifouling membranes but is yet to be studied against marine foulants. In this work, the use of morpholine moieties to ",https://doi.org/10.1021/acs.biomac.1c01474,pdf_collection_2026-09
8177700637,Layer-by-Layer Self-Assembly Marine Antifouling Coating of Phenol Absorbed by Polyvinylpyrrolidone Anchored on Stainless Steel Surfaces,不锈钢表面聚乙烯基吡咯烷酮吸附苯酚的逐层自组装海洋防污涂层,Zaixiang Zheng; Shutong Wu; Haobo Shu; Qingzhen Han; Pan Cao,Journal of Marine Science and Engineering,2025,10.3390/jmse13030568,2,"Marine biofouling is a major problem that contributes to the failure of man- made marine structures. Conventional marine antifouling coatings that release heavy metal ions for antimicrobial purposes are no longer in line with today’s environmental issues. In this paper, a layer-by-layer (LBL) self-assembled marine antifouling coating based on an addition reaction between polyvinylpyrrolidone (PVP) and phenols to anchor pyrogallic (PG) with an antimicrobial effect on stainless steel surfaces is presented. For this purpose, three phenolics were selected, and their antifouling effects were compar",https://doi.org/10.3390/jmse13030568,pdf_collection_2026-09
6035231787,"Metal-Free, Low-Surface Energy, and Self-Healing Polyurethane Coating with an Excellent Antifouling Property",无金属、低表面能、自修复且具有优异防污性能的聚氨酯涂层,Rijia Jiang; Mengyue Liu; Xiangyu Zheng; Xing Zhou,ACS Applied Polymer Materials,2022,10.1021/acsapm.2c01503,24,"The prevention and control of water biofouling has always been the focus of antifouling research. Coatings containing metal ions can effectively inhibit biofouling. However, the application of this type of coating has been limited as a result of its toxicity, irreparability, and poor antifouling ability under static conditions. Here, we have synthesized a self- repairing polymer antifouling coating with hydrophobic and multiple self- repairing systems through structural design with polytetrahydrofuran (PTMEG), isophorone diisocyanate (IPDI), perfluorooctyl ethyl acrylate (TEAc-8), triclosan (T",https://doi.org/10.1021/acsapm.2c01503,pdf_collection_2026-09
2347953701,A Multiple-Stimuli-Responsive Amphiphilic Copolymer for Antifouling and Antibacterial Functionality via a “Resistance–Kill–Release” Mechanism,通过“抵御-杀灭-释放”机制实现防污与抗菌功能的多重刺激响应两亲性共聚物,Xiaohan Liao; Kai Niu; Feng Liu; Yongming Zhang,Molecules,2022,10.3390/molecules27165059,3,"In recent years, polymers with stimuli-responsive properties have been increasingly re- ported on due to their diverse applications. However, most of the studies have only focused on the performance of polymers under speciﬁc scenarios. The laws of changes in the properties in response to various external stimuli have been less systematically and quantitatively studied. In this paper, we prepared an amphiphilic polymer (PadaMX and PAdaM3QA−X) with temperature-, pH-, ion-, and β- cyclodextrin (β-CD)-responsive properties. According to the cloud point tested by the UV-Vis method, the lower critic",https://doi.org/10.3390/molecules27165059,pdf_collection_2026-09
1141455218,Mucus-Inspired Underwater-Enhanced Amphiphilic Liquid-Like Fluorocarbon Composite Coating: Antifouling and Anti-icing Cycle Durability,黏液启发的水下增强两亲性类液态氟碳复合涂层：防污与防冰循环耐久性,Zixu Zhang; Rongrong Chen; Jingyuan Liu; Gaohui Sun; Hongsen Zhang; Peili Liu; Rumin Li; Jun Wang,ACS Applied Materials & Interfaces,2025,10.1021/acsami.5c12461,5,"The adhesion of marine fouling organisms and wave-induced ice accretion poses significant challenges to marine infrastructure, leading to substantial economic losses. Inspired by the Pacific salmon mucus, which exhibits both antibacterial and antifreeze properties, an amphiphilic liquid-like fluorocarbon composite coating (PFDNK) with antifouling/anti-icing cyclability and durability is fabricated by integrating thiol-modified tungsten carbide (K-WC) as cross-linking sites into a polyurethane/polyurea-modified fluorocarbon polymer. Remarkably, PFDNK (underwater coefficient of friction ∼0.1) si",https://doi.org/10.1021/acsami.5c12461,pdf_collection_2026-09
2981222671,New Peptidomimetic Polymers for Antifouling Surfaces,用于防污表面的新型拟肽聚合物,Andrea R. Statz; Robert J. Meagher; Annelise E. Barron; Phillip B. Messersmith,Journal of the American Chemical Society,2005,10.1021/ja0522534,399,,https://doi.org/10.1021/ja0522534,pdf_collection_2026-09
8430684092,"Oxidation-Mediated, Zwitterionic Polydopamine Coatings for Marine Antifouling Applications",氧化介导的两性离子聚多巴胺涂层用于海洋防污应用,Do Kyoung Yeon; Sangwon Ko; Seokyung Jeong; Seok-Pyo Hong; Sung Min Kang; Woo Kyung Cho,Langmuir,2018,10.1021/acs.langmuir.8b03454,77,"We synthesized a zwitterionic dopamine deriv- ative (ZW-DOPA) containing both catechol and amine groups, and we demonstrated an excellent marine antifouling surface by controlling the oxidation of ZW-DOPA. The oxidation was mediated by the deprotonation of catechol or the addition of an oxidant (ammonium persulfate (AP) or sodium periodate (NaIO4)). The oxidation and subsequent molecular trans- formation of ZW-DOPA was investigated over time by UV−vis spectroscopy. Among the diﬀerent oxidation conditions tested, NaIO4-induced ZW-DOPA coating was the most eﬃcient and successfully formed on vari",https://doi.org/10.1021/acs.langmuir.8b03454,pdf_collection_2026-09
4813292328,Photoinitiated Thiol–Ene Click Reaction for Preparation of Highly Adhesive and Mechanically Stable Silicone Coatings for Marine Antifouling and Anticorrosion,光引发巯基-烯点击反应制备高黏附机械稳定有机硅涂层用于海洋防污与防腐,Zhongshuai Gao; Shuya Zhang; Yanyi Duan; Heng Chang; Mei Cui; Renliang Huang; Rongxin Su,ACS Applied Materials & Interfaces,2025,10.1021/acsami.4c18569,16,"Marine biofouling and corrosion have become the main problems affecting the development of the marine industry. Silicone-based coatings have been widely used for antifouling and anticorrosion due to their low surface energy. However, the poor adhesion and low mechanical stability of these materials limit their application in complex marine environments. In this work, we presented a marine antifouling and anticorrosion coating named POSS-DMA@PDMS-TCM through photoinitiated thiol−ene click reaction combined with (mercaptopropyl) methylsiloxane dime- thylsiloxane (PDMS-SH), dopamine methacrylamid",https://doi.org/10.1021/acsami.4c18569,pdf_collection_2026-09
2829764548,Simple Preparation of Polydimethylsiloxane and Polyurethane Blend Film for Marine Antibiofouling Application,简便制备聚二甲基硅氧烷/聚氨酯共混薄膜用于海洋抗生物污损应用,Jirasuta Chungprempree; Sutep Charoenpongpool; Jitima Preechawong; Nithi Atthi; Manit Nithitanakul,Polymers,2021,10.3390/polym13142242,16,"A key way to prevent undesirable fouling of any structure in the marine environment, without harming any microorganisms, is to use a polymer ﬁlm with high hydrophobicity. The polymer ﬁlm, which was simply prepared from a blend of hydrophobic polydimethylsiloxane elastomer and hydrophilic polyurethane, showed improved properties and economic viability for antifouling ﬁlm for the marine industry. The ﬁeld emission scanning electron microscope and energy dispersive X-ray spectrometer (FESEM and EDX) results from the polymer blend suggested a homogenous morphology and good distribution of the poly",https://doi.org/10.3390/polym13142242,pdf_collection_2026-09
5872652523,Preparation and Properties of Fluorosilicone Fouling-Release Coatings,氟硅橡胶污损释放涂层的制备与性能,Tong Wu; Yuhong Qi; Qi’an Chen; Chuanjun Gu; Zhanping Zhang,Polymers,2022,10.3390/polym14183804,16,"To improve the antifouling performance of silicone fouling-release coatings, some ﬂu- orosilicone and silicone fouling-release coatings were prepared and cured at room temperature with hydroxyl-terminated ﬂuoropolysiloxane (FPS) or hydroxy-terminated polydimethylsiloxane (PDMS) as a ﬁlm-forming resin, tetraethyl orthosilicate (TEOS) as a crosslinking agent, and dibutyltin dilaurate (DBTDL) as a catalyst. The chemical structure, surface morphology and roughness, tensile properties, and antifouling properties of the coating were studied by infrared spectroscopy, a laser confocal scanning microsc",https://doi.org/10.3390/polym14183804,pdf_collection_2026-09
5075730438,Anti-Fouling and Anti-Biofilm Performance of Self-Polishing Waterborne Polyurethane with Gemini Quaternary Ammonium Salts,含Gemini季铵盐自抛光水性聚氨酯的防污与抗生物膜性能,Yi Zhang; Tao Ge; Yifan Li; Jinlin Lu; Hao Du; Ling Yan; Hong Tan; Jiehua Li; Yansheng Yin,Polymers,2023,10.3390/polym15020317,18,"Bioﬁlms are known to be difﬁcult to eradicate and control, complicating human infec- tions and marine biofouling. In this study, self-polishing and anti-fouling waterborne polyurethane coatings synthesized from gemini quaternary ammonium salts (GQAS), polyethylene glycol (PEG), and polycaprolactone diol (PCL) demonstrate excellent antibioﬁlm efﬁcacy. Their anti-fouling and anti-bioﬁlm performance was conﬁrmed by a culture-based method in broth media, with the bioﬁlm formation factor against Gram-positive (S. aureus) and Gram-negative bacterial strains (E. coli) for 2 days. The results indicate",https://doi.org/10.3390/polym15020317,pdf_collection_2026-09
456364503,Surface Reconstruction of Silicone-Based Amphiphilic Polymers for Mitigating Marine Biofouling,有机硅基两亲性聚合物的表面重构用于减轻海洋生物污损,Chuanying Wei; Yan Zhang; Zhen Tang; Changan Zhang; Jianhua Wu; Bo Wu,Polymers,2024,10.3390/polym16111570,15,"Poly(dimethylsiloxane) (PDMS) coatings are considered to be environmentally friendly antifouling coatings. However, the presence of hydrophobic surfaces can enhance the adhesion rate of proteins, bacteria and microalgae, posing a challenge for biofouling removal. In this study, hydrophilic polymer chains were synthesised from methyl methacrylate (MMA), Poly(ethylene glycol) methyl ether methacrylate (PEG-MA) and 3-(trimethoxysilyl) propyl methacrylate (TPMA). The crosslinking reaction between TPMA and PDMS results in the formation of a silicone-based amphiphilic co-network with surface reconst",https://doi.org/10.3390/polym16111570,pdf_collection_2026-09
2497177916,Role of Backbone Chemistry and Monomer Sequence in Amphiphilic Oligopeptide- and Oligopeptoid-Functionalized PDMS- and PEO-Based Block Copolymers for Marine Antifouling and Fouling Release Coatings,主链化学与单体序列在两亲性寡肽及类寡肽功能化PDMS与PEO基嵌段共聚物海洋防污与污损释放涂层中的作用,Anastasia L. Patterson; Brandon Wenning; Georgios Rizis; David R. Calabrese; John A. Finlay; Sofia C. Franco; Ronald N. Zuckermann; Anthony S. Clare; Edward J. Kramer; Christopher K. Ober,Macromolecules,2017,10.1021/acs.macromol.6b02505,71,"Poly(dimethylsiloxane) (PDMS)- and poly(ethylene oxide) (PEO)-based block copolymer coatings functionalized with amphiphilic, surface-active, and sequence-controlled oligomer side chains were studied to directly compare the eﬀects of hydrophilicity, hydrogen bonding, and monomer sequence on antifouling performance. Utilizing a modular coating architecture, structurally similar copolymers were used to make direct and meaningful comparisons. Amphiphilic character was imparted with non- natural oligopeptide and oligopeptoid pendant chains made from oligo-PEO and surface-segregating ﬂuoroalkyl mon",https://doi.org/10.1021/acs.macromol.6b02505,pdf_collection_2026-09
6947900575,Polydimethylsiloxane-based Antifouling Polymers with Tunable Self-healing Properties in Aqueous Environments,水环境中具有可调自修复性能的聚二甲基硅氧烷基防污聚合物,Lu-Lu Si; Jing-Zhi Yang; An-Nan Kong; Yan Song; Da-Wei Zhang; Guo-Liang Li,Chinese Journal of Polymer Science,2025,10.1007/s10118-025-3382-y,6,"Development of polymers with underwater self-healing and antifouling properties is crucial, particularly in harsh marine environ- ments. In this study, polydimethylsiloxane (PDMS)-based antifouling polymers with tunable self-healing capabilities in aqueous conditions were fabricated by incorporating amphiphilic segments and Fe3+-catechol dynamic coordination crosslinking. The microphase formed within the PDMS matrix imparted static antifouling properties to the coatings. The mechanical properties of the damaged sample were restored at room temperature in an aqueous environment for 24 h, achiev",https://doi.org/10.1007/s10118-025-3382-y,pdf_collection_2026-09
6709102472,Synthesis and antifouling properties of carbazole amide derivatives with fluorescent functional structure,具有荧光功能结构的咔唑酰胺衍生物的合成与防污性能,Yifan Wang; Wenjian Dong; Xuefeng Yan; Xia Li; Liangmin Yu,Journal of Materials Science,2025,10.1007/s10853-025-10725-9,0,"Tin-free self-polishing antifouling coatings are prevalent today. However, its high ­Cu2O content endangers the marine environment. Leveraging the fluorescent properties of coating to prevent fouling is an environmentally friendly antifouling coating development. In this paper, four unreported fluorescent structural carba- zole amide derivatives (FSCAD) were synthesized by Friedel–Crafts alkylation reaction. Their fluorescence, antibacterial, and algal inhibition properties were examined. The fluorescent properties test results showed that the four FSCAD exhibited high fluorescence properties.",https://doi.org/10.1007/s10853-025-10725-9,pdf_collection_2026-09
2357768669,Anti-fouling System Based on PDMS and Polyhexamethylene Guanidine for the Protection of Marine Vessels,基于PDMS与聚六亚甲基胍的海洋船舶防污体系,Kseniia S. Klokova; Sofia N. Ardabevskaia; Ulyana S. Andropova; Tran D. Vu; Sergey A. Milenin; Fedor V. Drozdov; Aziz M. Muzafarov,Journal of Inorganic and Organometallic Polymers and Materials,2025,10.1007/s10904-025-04025-7,0,"In this study, compositions based on PDMS and MQ resin containing the well-known biocide polyhexamethylene guani­ dine (PHMG) were used to produce polymer films on the way to protect the surface of the steel plates. Due to the good solubility of PHMG in water, PHMG was covalently bonded to the siloxane backbone to avoid their leaching out of the film during prolonged exposure in water. The finished biocidal coatings exhibited high homogeneity on primed steel, trans­ parency, and high adhesion. The resulting coated steel plate samples were exposed to tropical waters, then extracted and treated ",https://doi.org/10.1007/s10904-025-04025-7,pdf_collection_2026-09
6688653439,Advances in design and manufacturing of environmentally friendly and biocide-free antifouling/foul-release coatings: replacement of fluorinate species,环境友好无杀生剂防污/污损释放涂层设计与制造进展：氟系物种替代,S. Vesco; C. Aversa; M. Puopolo; M. Barletta,Journal of Coatings Technology and Research,2018,10.1007/s11998-018-0144-6,12,"Amphiphilic coatings are nowadays de- scribed as the most promising strategy for the achieve- ment of an effective and eco-friendly antifouling marine paint, based on a physical principle. Neverthe- less, most of the preparations imply the introduction of ﬂuorinate chemicals for the formation of the hydropho- bic moieties, which are potentially toxic for the marine environment in the case of an accidental release. The present work evaluates the possibility of removing ﬂuorinate species for the implementation of such coatings and their replacement with analogous long- alkyls. In particular, thi",https://doi.org/10.1007/s11998-018-0144-6,pdf_collection_2026-09
6222855481,Chemistry and application of emerging ecofriendly antifouling paints: a review,新兴环保防污涂料的化学与应用综述,Sampson Kofi Kyei; Godfred Darko; Onyewuchi Akaranta,Journal of Coatings Technology and Research,2020,10.1007/s11998-019-00294-3,80,"There has been a global concern about the use of tributyltin-based coatings in combating biofoul- ing in the marine industry. Although there have been alternatives to tributyltin in preventing biofouling, the emphasis is now on the use of nontoxic and/or ecofriendly natural materials which do not negatively affect the environment upon application. Natural materials are ecofriendly, biodegradable, cost-effec- tive, and can be employed as precursors in the synthe- sis and formulation of biodegradable antifouling coatings. Consequently, many researchers are investing time into the synthesis and f",https://doi.org/10.1007/s11998-019-00294-3,pdf_collection_2026-09
9700478739,Degradable polyurethane based on triblock polyols composed of polypropylene glycol and ε-caprolactone for marine antifouling applications,基于聚丙二醇与ε-己内酯三嵌段多元醇的可降解聚氨酯用于海洋防污应用,Jinghua Yao; Zhengwei Dai; Jie Yi; Hongliang Yu; Bo Wu; Leyang Dai,Journal of Coatings Technology and Research,2020,10.1007/s11998-019-00313-3,15,"Marine antifouling coatings require supe- rior mechanical properties and effective antifouling. Degradable polyurethane (PU) coatings have a repu- tation for high performance. Degradable PU ﬁlms were prepared by mixing triblock polyols [composed of polyether (polypropylene glycol or polyethylene gly- col) and e-caprolactone] and crosslinker agent (toly- lene diisocyanate trimer). The hydrolytic degradation and water absorption experiments of PU ﬁlms demon- strated that the PU ﬁlms could erode in artiﬁcial sea water, which were mainly controlled by the hydrophilic property of the polyether. Mar",https://doi.org/10.1007/s11998-019-00313-3,pdf_collection_2026-09
3664920340,Bio-inspired design of antifouling polymeric coatings with natural extracts: key evidence for resistance to fouling adhesion,天然提取物防污聚合物涂层的仿生设计：抗污损黏附的关键证据,Min Liu; Weihua Mao; Mai Zhang; Shuyi Huang; Shishi Lin; Jianjun Liao; Ping Zhang; Linlin Zhang,Advanced Composites and Hybrid Materials,2025,10.1007/s42114-024-01094-z,10,"Marine environmentally friendly antifouling materials are emerging as a viable and promising alternative to the conven- tional toxic antifouling agents. Within this field, the exploration of natural antifouling substances has become a significant research focus, representing an auspicious avenue for innovation in eco-friendly technologies. In this study, we delve into the development of eco-friendly antifouling coatings through a novel chemical modification process. By incorporating natural antifouling agents onto an acrylic acid substrate through a grafting process, we have successfully synth",https://doi.org/10.1007/s42114-024-01094-z,pdf_collection_2026-09
8631881955,Seawater-Induced Healable Underwater Superoleophobic Antifouling Coatings,海水诱导可修复的水下超疏油防污涂层,Donghui Wang; Hongyu Liu; Jinlong Yang; Shuxue Zhou,ACS Applied Materials & Interfaces,2018,10.1021/acsami.8b16464,49,"Creating an artiﬁcial surface, mimicking a live ﬁsh scale that repels oil underwater and with self-healing properties, would be signiﬁcant for the development of nontoxic marine antifouling coatings. Here, we report a seawater-induced strategy to create in situ an underwater superoleophobic surface, starting from the coatings of a self- polishing polymer and seawater-responsive polymer-grafted SiO2 nanoparticles. The coatings’ surfaces were able to renew in artiﬁcial seawater through the hydrolysis of the superﬁcial self-polishing polymer and its subsequent dissolution. Particularly, the graft",https://doi.org/10.1021/acsami.8b16464,pdf_collection_2026-09
1273487959,Self-Renewing Antifouling Coating Based on Integrated Offensive and Defense Strategies Inspired by Coral,珊瑚启发攻防一体化策略的自更新防污涂层,Zhenhua Zhang; Jiyong Zheng; Rongrong Chen; Gaohui Sun; Yu Zhang; Jing Yu; Jingyuan Liu; Rumin Li; Jun Wang,ACS Applied Materials & Interfaces,2025,10.1021/acsami.5c24167,0,"Silane acrylate self-polishing antifouling coatings play a crucial role in environmentally friendly biological fouling prevention. However, they still face challenges related to static fouling conditions and limited service life. In this study, inspired by the dual antifouling mechanism of coral, mucus is “self-renewing” and actively releases antifouling substances. A surface self-renewing antifouling coating (MEIPT-x) was prepared based on two hydrolyzable silane side chains that accelerate surface self-renewal, along with an eco-friendly antifouling agent, 5-chloro-2-benzothiazolinone (TL), ",https://doi.org/10.1021/acsami.5c24167,pdf_collection_2026-09
8258968329,Studying the Effect of Pre-Polymer Composition and Incorporation of Surface-Modifying Amphiphilic Additives on the Fouling-Release Performance of Amphiphilic Siloxane-Polyurethane Coatings,研究预聚物组成与表面改性两亲性添加剂掺入对两亲性硅氧烷-聚氨酯涂层污损释放性能的影响,Jackson Benda; Hayato Narikiyo; Shane J. Stafslien; Lyndsi J. VanderWal; John A. Finlay; Nick Aldred; Anthony S. Clare; Dean C. Webster,ACS Applied Materials & Interfaces,2022,10.1021/acsami.2c10983,26,"Combining amphiphilic fouling-release (FR) coatings with the surface-active nature of amphiphilic additives can improve the antifouling/fouling-release (AF/FR) properties needed to offer broad- spectrum resistance to marine biofoulants. This work is focused on further tuning the amphiphilic character of a previously developed amphiphilic siloxane-polyurethane (SiPU) coating by varying the amount of PDMS and PEG in the base system. Furthermore, surface- modifying amphiphilic additives (SMAAs) were incorporated into these amphiphilic FR SiPU coatings in varying amounts. ATR-FTIR, contact angle a",https://doi.org/10.1021/acsami.2c10983,pdf_collection_2026-09
