paperId,title,titleZh,authors,journal,year,doi,citationCount,abstract,url,source
814571980660408321,Antifouling Activities of Antagonistic Marine Bacterium Pseudomonas putida Associated with an Octopus,与章鱼相关的拮抗海洋细菌恶臭假单胞菌的防污活性,N. Viju; S. Satheesh; S. Mary Josephine Punitha,Proceedings of the National Academy of Sciences,2015,10.1007/s40011-015-0691-x,7,"Bacterial symbionts associated with an octopus were isolated and their intra and extracellular extracts were tested for the antagonistic activities against biofilm-forming bacteria. Among the three antagonistic bacterial symbionts, both intra and extracellular extracts of the bacterium, Pseudomonas putida exhibited strong antibacterial activity against biofilm bacteria. Results also showed that both intra and extracellular extracts of P. putida significantly reduced the biofilm formation on test",https://link.springer.com/article/10.1007/s40011-015-0691-x,paper-results-PaperSearchToFile_2.json
814583162423214081,Colonisation and succession of marine biofilm-dwelling ciliate assemblages on biocidal antifouling and fouling-release coatings in temperate Australia,澳大利亚温带地区杀生防污涂料和防污释放涂料上海洋生物膜纤毛虫群落的定殖与演替 ,Matthew G. Watson; Andrew J. Scardino; Liliana Zalizniak; Jeff Shimeta,Biofouling,2015,10.1080/08927014.2015.1105221,13,"Ciliate assemblages are often overlooked, but ubiquitous components of microbial biofilms which require a better understanding. Ciliate, diatom and bacterial colonisation were evaluated on two fouling-release (FR) coatings, viz . Intersleek 970 and Hempasil X3, and two biocidal antifouling (AF) coatings, viz . Intersmooth 360 and Interspeed 5640, in Port Phillip Bay, Australia. A total of 15 genera were identified during the 10 week deployment. Intersleek 970 displayed the most rapid fouling by ",https://www.tandfonline.com/doi/abs/10.1080/08927014.2015.1105221,paper-results-PaperSearchToFile_2.json
814653277210673154,Ecofriendly Antifouling Marine Coatings,生态友好型防污海洋涂料,Rosaria Ciriminna; Frank V. Bright; Mario Pagliaro,ACS Sustainable Chemistry & Engineering,2015,10.1021/sc500845n,124,"Foul release coatings were first used on vessels in the early 1990s, but despite early excitement about the technology, they have had a prolonged modest market share due to high cost and poorer performance when compared to biocidal marine coatings. Recently, these coatings are experiencing a renaissance. Accelerated progress based on nanochemistry has enabled the synthesis of ecofriendly coatings with improved foul release performance, and also antifouling properties. This study aims to provide ",https://pubs.acs.org/doi/10.1021/sc500845n,paper-results-PaperSearchToFile_1.json
814641980066758657,Fabrication of Liquid-Infused Surfaces Using Reactive Polymer Multilayers: Principles for Manipulating the Behaviors and Mobilities of Aqueous Fluids on Slippery Liquid Interfaces,利用反应性聚合物多层体制备 infused 液体表面：操纵润滑液体界面上水流体行为与迁移率的原理,Uttam Manna; David M. Lynn,Advanced Materials,2015,10.1002/adma.201500893,107,The design of slippery liquid-infused porous surfaces (SLIPS) using nanoporous and chemically reactive polymer multilayers is reported. This approach permits fabrication of slippery anti-fouling coatings on complex surfaces and provides new means to manipulate the mobilities of contacting aqueous fluids. The results expand the range of tools that can be used to manipulate the behaviors of SLIPS and open the door to new applications of this emerging class of soft materials. ,https://onlinelibrary.wiley.com/doi/10.1002/adma.201500893,paper-results-PaperSearchToFile_2.json
814601470266572801,Improved Antifouling Properties of Poly(Ether Sulfone) Membrane by Incorporating the Amphiphilic Comb Copolymer with Mixed Poly(Ethylene Glycol) and Poly(Dimethylsiloxane) Brushes,通过引入具有聚（乙二醇）和聚（二甲基硅氧烷）混合刷的两亲性梳状共聚物改善聚醚砜膜的抗污染性能,Fan Gao; Guangfa Zhang; Qinghua Zhang; Xiaoli Zhan; Fengqiu Chen,Industrial & Engineering Chemistry Research,2015,10.1021/acs.iecr.5b02864,50,"In this study, a novel amphiphilic comb copolymer P(poly(ethylene glycol) (PEG)-r-poly(dimethylsiloxane) (PDMS)) with mixed hydrophilic and low surface energy side chains was synthesized by the free radical polymerization method. The microstructure of the synthesized amphiphilic copolymers was characterized by Fourier transform infrared (FTIR) and the nuclear magnetic resonance proton spectra (1H NMR). The copolymers were blended with poly(ether sulfone) (PES) to fabricate low-fouling ultrafiltr",https://pubs.acs.org/doi/10.1021/acs.iecr.5b02864,paper-results-PaperSearchToFile_1.json
814641726248452097,Micro- and nanotechnologies in plankton research,浮游生物研究中的微纳技术,Javeed Shaikh Mohammed,Progress In Oceanography,2015,10.1016/j.pocean.2015.03.010,10,,https://www.sciencedirect.com/science/article/abs/pii/S0079661115000518,paper-results-PaperSearchToFile_1.json
814697623532339203,On the hydration of subnanometric antifouling organosilane adlayers: A molecular dynamics simulation,关于亚纳米级防污有机硅烷吸附层的水合作用：分子动力学模拟,Sonia Sheikh; Christophe Blaszykowski; Robert Nolan; Damien Thompson; Michael Thompson,Journal of Colloid and Interface Science,2015,10.1016/j.jcis.2014.09.025,29,,https://www.sciencedirect.com/science/article/abs/pii/S0021979714006742,paper-results-PaperSearchToFile_2.json
814627261712957440,Optimising the settlement and hatchery culture of Saccharina latissima (Phaeophyta) by manipulation of growth medium and substrate surface condition,通过调控生长培养基和基质表面条件优化海带（褐藻门）的采苗和孵化场养殖,Philip D. Kerrison; Michele S. Stanley; Maeve Kelly; Adrian MacLeod; Kenneth D. Black; Adam D. Hughes,Journal of Applied Phycology,2015,10.1007/s10811-015-0621-6,12,"The phaeophyte macroalga Saccharina latissima is gaining economic importance as an aquaculture crop. To decrease costs associated with the hatchery, the time required for meiospores to develop into sporophytes ready for outplanting must be minimised and survivorship maximised. The settlement and juvenile development of S. latissima was examined in a series of experimental manipulations. It was determined that (1) Meiospore settlement should be conducted in the dark in nutrient-enriched medium. (",https://link.springer.com/article/10.1007/s10811-015-0621-6,paper-results-PaperSearchToFile_2.json
814612120317460481,Perfluoropolyether/poly(ethylene glycol) triblock copolymers with controllable self-assembly behaviour for highly efficient anti-bacterial materials,,Jing Song; Qun Ye; Wang Ting Lee; Xiaobai Wang; Tao He; Kwok Wei Shah; Jianwei Xu,RSC Advances,2015,10.1039/C5RA08138F,13,Fluoropolymer PEG triblock copolymer antifouling anti-bacterial,,inline_search_new
814705472287277058,Rice and Butterfly Wing Effect Inspired Low Drag and Antifouling Surfaces: A Review,受水稻和蝴蝶翅膀效应启发的低阻力和防污表面：综述,Gregory D. Bixler; Bharat Bhushan,Critical Reviews in Solid State and Material Sciences,2015,10.1080/10408436.2014.917368,80,"In this article, a comprehensive overview of the reported rice and butterfly wing effect discovered by the authors is presented with the hope to attract and inspire others in the field. Living nature has inspired researchers for centuries to solve complex engineering challenges with much attention given to unique structures, materials, and surfaces. Such challenges include drag reducing and antifouling surfaces to save energy, lives, and money. Many flora and fauna exhibit low drag and antifouli",https://www.tandfonline.com/doi/abs/10.1080/10408436.2014.917368,paper-results-PaperSearchToFile_2.json
814660900093952001,Slippery liquid-infused porous surfaces fabricated on aluminum as a barrier to corrosion induced by sulfate reducing bacteria,在铝表面制备的注入滑液的多孔表面，作为防止硫酸盐还原菌引起腐蚀的屏障 ,Peng Wang; Zhou Lu; Dun Zhang,Corrosion Science,2015,10.1016/j.corsci.2015.01.015,94,,https://www.sciencedirect.com/science/article/abs/pii/S0010938X15000232,paper-results-PaperSearchToFile_2.json
814588362936549377,Zwitterionic Antifouling Coatings for the Purification of High-Salinity Shale Gas Produced Water,用于高盐度页岩气采出水净化的两性离子防污涂层,Rong Yang; Esma Goktekin; Karen K. Gleason,Langmuir,2015,10.1021/acs.langmuir.5b02795,18,"Fouling refers to the undesirable attachment of organic molecules and microorganisms to submerged surfaces. It is an obstacle to the purification of shale gas produced water and is currently without an effective solution due to the highly contaminated nature of produced water. Here, we demonstrate the direct vapor application of a robust zwitterionic coating to a variety of substrates. The coating remains unprecedentedly hydrophilic, smooth, and effectively antifouling in extremely high salinity",https://pubs.acs.org/doi/10.1021/acs.langmuir.5b02795,paper-results-PaperSearchToFile_1.json
811133419122589698,"Antifouling, Antimicrobial, and Antibiocorrosion Multilayer Coatings Assembled by Layer-by-layer Deposition Involving Host–Guest Interaction",通过涉及主客体相互作用的层层沉积组装的防污、抗菌和抗生物腐蚀多层涂层,Gang Xu; Dicky Pranantyo; Liqun Xu; Koon-Gee Neoh; En-Tang Kang; Serena Lay-Ming Teo,Industrial & Engineering Chemistry Research,2016,10.1021/acs.iecr.6b02190,31,"Layer-by-layer (LBL) deposition of polyethylenimine-β-cyclodextrin (PEI-β-CD) and ferrocene-modified chitosan (Fc-CHT) via host–guest interaction chemistry was developed for the fabrication of low-fouling, antimicrobial, and biocorrosion inhibition multilayer coatings on stainless steel. An electrochemical method is proposed to monitor and determine the LBL deposition process. The resulting multilayer coatings exhibit good resistance to bacterial adhesion, including Pseudomonas sp. and Staphyloc",https://pubs.acs.org/doi/10.1021/acs.iecr.6b02190,paper-results-PaperSearchToFile_2.json
814567387616509956,"Coating morphology and surface composition of acrylic terpolymers with pendant catechol, OEG and perfluoroalkyl groups in varying ratio and the effect on protein adsorption",具有不同比例的侧链儿茶酚、OEG和全氟烷基的丙烯酸三元共聚物的涂层形态和表面组成及其对蛋白质吸附的影响,Jun Zhong; Hua Ji; Jiang Duan; Haiyang Tu; Aidong Zhang,Colloids and Surfaces B Biointerfaces,2016,10.1016/j.colsurfb.2015.12.051,17,,https://www.sciencedirect.com/science/article/abs/pii/S0927776515303994,paper-results-PaperSearchToFile_1.json
811169686749184001,Comparison of laboratory and field testing performance evaluations of siloxane-polyurethane fouling-release marine coatings,硅氧烷 - 聚氨酯防污海洋涂层的实验室与现场测试性能评估比较,Shane J. Stafslien; Stacy Sommer; Dean C. Webster; Rajan Bodkhe; Robert Pieper; Justin Daniels; Lyndsi Vander Wal; Maureen C. Callow; James A. Callow; Emily Ralston; Geoff Swain; Lenora Brewer; Dean Wendt; Gary H. Dickinson; Chin-Sing Lim; Serena Lay-Ming Teo,Biofouling,2016,10.1080/08927014.2016.1211269,19,"A series of eight novel siloxane-polyurethane fouling-release (FR) coatings were assessed for their FR performance in both the laboratory and in the field. Laboratory analysis included adhesion assessments of bacteria, microalgae, macroalgal spores, adult barnacles and pseudobarnacles using high-throughput screening techniques, while field evaluations were conducted in accordance with standardized testing methods at three different ocean testing sites over the course of six-months exposure. The ",https://www.tandfonline.com/doi/abs/10.1080/08927014.2016.1211269,paper-results-PaperSearchToFile_2.json
811120485101207554,Corrosion assessment of infrastructure assets in coastal seas,沿海海域基础设施资产的腐蚀评估,Benjamín Valdez; Jorge Ramirez; Amir Eliezer; Michael Schorr; Rogelio Ramos; Ricardo Salinas,Journal of Marine Engineering & Technology,2016,10.1080/20464177.2016.1247635,20,"The seas play an essential role for the peoples living on their coastal regions, since the marine infrastructure is located in the coasts. Seawater is a corrosive environment that affects infrastructure particularly in polluted seawater. Corrosion and pollution are pernicious chemical, physical processes that impair the quality of the environment and the durability of the marine structures and materials. They are aggravated by the discharge into the sea coast of municipal, industrial and agricul",https://www.tandfonline.com/doi/abs/10.1080/20464177.2016.1247635,paper-results-PaperSearchToFile_1.json
814527523357458432,Dopamine-assisted deposition and zwitteration of hyaluronic acid for the nanoscale fabrication of low-fouling surfaces,用于低污染表面纳米级制造的多巴胺辅助透明质酸沉积及两性离子化,Huijun Ye; Yinqiang Xia; Zhiqiang Liu; Renliang Huang; Rongxin Su; Wei Qi; Libing Wang; Zhimin He,Journal of Materials Chemistry B,2016,10.1039/C6TB01022A,42,"In this study, we proposed a bioinspired approach for the deposition and zwitteration of hyaluronic acid (HA) with a reduced glutathione (GSH) to form a composite layer that functions as a low fouling coating. A polyanion of the HA–dopamine conjugate (HADA) possessing catechol groups was synthesized by carbodiimide chemistry between HA and dopamine. Then, the dopamine conjugated biofunctional polymers (HADA) were grafted onto Au substrates via the transformation of catechol into a quinone group ",https://pubs.rsc.org/en/content/articlelanding/2016/tb/c6tb01022a,paper-results-PaperSearchToFile_1.json
811105067078778880,Fabrication of Slippery Lubricant-Infused Porous Surface with High Underwater Transparency for the Control of Marine Biofouling,用于控制海洋生物污损的具有高水下透明度的注入滑润剂的多孔表面的制备,Peng Wang; Dun Zhang; Shimei Sun; Tianping Li; Yan Sun,ACS Applied Materials & Interfaces,2016,10.1021/acsami.6b09117,108,"Marine optical instruments are bearing serious biofouling problem, which affects the accuracy of data collected. To solve the biofouling problem of marine optical instruments, a novel instance of slippery lubricant-infused porous surface (SLIPS) with high underwater-transparency was designed over glass substrate via infusing lubricant into its porous microstructure fabricated with hydrothermal method. The advantage of SLIPS as antibiofouling strategy to marine optical instruments was proven by c",https://pubs.acs.org/doi/10.1021/acsami.6b09117,paper-results-PaperSearchToFile_2.json
814530202481721344,Hydrolysis-controlled protein adsorption and antifouling behaviors of mixed charged self-assembled monolayer: A molecular simulation study,混合电荷自组装单分子层的水解控制蛋白质吸附及抗污行为：一项分子模拟研究,Jie Liu; Jian Zhou,Acta Biomaterialia,2016,10.1016/j.actbio.2016.04.044,18,,https://www.sciencedirect.com/science/article/abs/pii/S1742706116302069,paper-results-PaperSearchToFile_2.json
811259717346131969,Release and detection of nanosized copper from a commercial antifouling paint,从商用防污漆中释放和检测纳米级铜,Adeyemi S. Adeleye; Ekene A. Oranu; Mengya Tao; Arturo A. Keller,Water Research,2016,10.1016/j.watres.2016.06.056,91,,https://www.sciencedirect.com/science/article/abs/pii/S0043135416304948,paper-results-PaperSearchToFile_1.json
811270254360526849,Slippery Liquid-Infused Porous Surfaces that Prevent Bacterial Surface Fouling and Inhibit Virulence Phenotypes in Surrounding Planktonic Cells,防止细菌表面污染并抑制周围浮游细胞毒力表型的注入滑液的多孔表面,Michael J. Kratochvil; Michael A. Welsh; Uttam Manna; Benjamín J. Ortiz; Helen E. Blackwell; David M. Lynn,ACS Infectious Diseases,2016,10.1021/acsinfecdis.6b00065,59,"Surfaces that can both prevent bacterial biofouling and inhibit the expression of virulence phenotypes in surrounding planktonic bacteria are of interest in a broad range of contexts. Here, we report new slippery-liquid infused porous surfaces (SLIPS) that resist bacterial colonization (owing to inherent “slippery” surface character) and also attenuate virulence phenotypes in non-adherent cells by gradually releasing small-molecule quorum sensing inhibitors (QSIs). QSIs active against Pseudomona",https://pubs.acs.org/doi/10.1021/acsinfecdis.6b00065,paper-results-PaperSearchToFile_2.json
814535727537717248,Surface heterogeneity: a friend or foe of protein adsorption – insights from theoretical simulations,表面非均质性：蛋白质吸附的助力还是阻力——来自理论模拟的见解,Matthew Penna; Kamron Ley; Shane Maclaughlin; Irene Yarovsky,Faraday Discussions,2016,10.1039/C6FD00050A,21,"A lack in the detailed understanding of mechanisms through which proteins adsorb or are repelled at various solid/liquid interfaces limits the capacity to rationally design and produce more sophisticated surfaces with controlled protein adsorption in both biomedical and industrial settings. To date there are three main approaches to achieve anti biofouling efficacy, namely chemically adjusting the surface hydrophobicity and introducing various degrees of surface roughness, or a combination of bo",https://pubs.rsc.org/en/content/articlelanding/2016/fd/c6fd00050a,paper-results-PaperSearchToFile_2.json
814535248854384640,Temperature-dependent phase-segregation behavior and antifouling performance of UV-curable methacrylated PDMS/PEG coatings,紫外光固化甲基丙烯酸化聚二甲基硅氧烷/聚乙二醇涂层的温度依赖性相分离行为及防污性能,Yunjiao Gu; Shuxue Zhou; Huali Luo; Limin Wu; Wei Gao; Jinlong Yang,Journal of Polymer Science Part B Polymer Physics,2016,10.1002/polb.24064,12,"Controllable phase segregation adjustment for immiscible polymer blends has always been tough, which hinders the development of amphiphilic antifouling coatings from more accessible blends. Herein, methacrylated poly(dimethylsiloxane) (PDMS-MA) was synthesized and mixed with poly(ethylene glycol)methylether methacrylate (PEG-MA). It was interestingly discovered that these PDMS-MA/PEG-MA blends displayed upper critical solution temperatures (UCST) due to thermo-induced conformational change of PE",https://onlinelibrary.wiley.com/doi/10.1002/polb.24064,paper-results-PaperSearchToFile_1.json
813115569430593536, The Dispersion Tolerance of Micro/Nano Particle in Polydimethylsiloxane and Its Influence on the Properties of Fouling Release Coatings Based on Polydimethylsiloxane ,微/纳米颗粒在聚二甲基硅氧烷中的分散耐受性及其对聚二甲基硅氧烷基污损释放涂层性能的影响,Miao Ba; Zhanping Zhang; Yuhong Qi,Coatings,2017,10.3390/coatings7070107,12,"Particles can be used to improve the mechanical properties of fouling release coatings based on polydimethylsiloxane (PDMS). In this study, coatings were prepared by high speed stirring using seven types of particles, with different particle size from nanometer to micrometer. The influence of specific surface area of the particles on the dispersion tolerance was investigated. The results showed that the dispersion tolerance of particles in PDMS decreased with the increase in specific surface are",https://www.mdpi.com/2079-6412/7/7/107,paper-results-PaperSearchToFile_1.json
811060838432505857,A brief review of recent developments in the designs that prevent bio-fouling on silicon and silicon-based materials,对近期防止硅及硅基材料生物污染的设计进展的简要回顾,Xiaoning Zhang; DaShan Brodus; Valerie Hollimon; Hongmei Hu,Chemistry Central Journal,2017,10.1186/s13065-017-0246-8,27,"Silicon and silicon-based materials are essential to our daily life. They are widely used in healthcare and manufacturing. However, silicon and silicon-based materials are susceptible to bio-fouling, which is of great concern in numerous applications. To date, interdisciplinary research in surface science, polymer science, biology, and engineering has led to the implementation of antifouling strategies for silicon-based materials. However, a review to discuss those antifouling strategies for sil",https://bmcchem.biomedcentral.com/articles/10.1186/s13065-017-0246-8,paper-results-PaperSearchToFile_2.json
811042503766573057,A molecular dynamics study on the adsorption of a mussel protein on two different films: Polymer film and a SAM,一项关于贻贝蛋白在两种不同薄膜（聚合物薄膜和自组装单分子层（SAM））上吸附的分子动力学研究,Cunxue He; Heng Zhang; Cunguo Lin; Li Wang; Shiling Yuan,Chemical Physics Letters,2017,10.1016/j.cplett.2017.03.070,4,,https://www.sciencedirect.com/science/article/abs/pii/S0009261417302968,paper-results-PaperSearchToFile_2.json
813112070005325827,A new flow-through bioassay for testing low-emission antifouling coatings,一种用于测试低排放防污涂料的新型流通式生物测定法,Christian Pansch; Per R. Jonsson; Mattias Berglin; Emiliano Pinori; Anna-Lisa Wrange,Biofouling,2017,10.1080/08927014.2017.1349897,5,"Current antifouling (AF) technologies are based on the continuous release of biocides into the water, and consequently discharge into the environment. Major efforts to develop more environmentally friendly coatings require efficient testing in laboratory assays, followed by field studies. Barnacles are important fouling organisms worldwide, increasing hydrodynamic drag on ships and damaging coatings on underwater surfaces, and thus are extensively used as models in AF research, mostly in static,",https://www.tandfonline.com/doi/abs/10.1080/08927014.2017.1349897,paper-results-PaperSearchToFile_2.json
811052528710975488,Amphiphilic Polymer Platforms: Surface Engineering of Films for Marine Antibiofouling,两亲性聚合物平台：用于海洋防污的薄膜表面工程,Giancarlo Galli; Elisa Martinelli,Macromolecular Rapid Communications,2017,10.1002/marc.201600704,79,"A range of amphiphilic polymers with diverse macromolecular architectures has been developed and incorporated into films and coatings with potential for marine antibiofouling applications, without resorting to addition of currently used biocidal, toxic agents. Novel “green” chemical technologies employ different building blocks to endow the polymer film with surface activity, functionality, structure, and reconstruction according to the outer environment as a result of a tailored amphiphilic cha",https://onlinelibrary.wiley.com/doi/10.1002/marc.201600704,paper-results-PaperSearchToFile_1.json
1134875128388124672,Development and Application of Antifouling Coatings Based on Fluorinated Amphiphilic Polymer Brushes,含氟两亲性聚合物刷构筑及防污应用研究进展,Shu TIAN; Wen-qing LIU; Zhi-xiong LIU; Ji-bin PU; Li-ping WANG,Surface Technology,2017,10.16490/j.cnki.issn.1001-3660.2017.11.016,0,"Surface grafted polymer brush is an effective method of improving surface physicochemical property and pre-venting adsorption of biomacromolecules including protein as well as other fouling organisms. Fluoropolymer is an ideal con-stituent forming amphiphilic polymer brush due to its strong hydrophobicity, low surface energy and low surface adhesive force. Forming method, category and antifouling mechanism of fluorine-containing amphiphilic polymer brush were overviewed, latest research results ",https://doi.org/10.16490/j.cnki.issn.1001-3660.2017.11.016,paper-results-PaperSearchToFile_1.json
813132263469350912,Fouling-resistant behavior of liquid-infused porous slippery surfaces,液体注入多孔光滑表面的抗污行为,Dan Zhao; Xiao-dong Xu; Shuai-shuai Yuan; Shun-jie Yan; Xiang-hong Wang; Shi-fang Luan; Jing-hua Yin,Chinese Journal of Polymer Science,2017,10.1007/s10118-017-1930-9,12,"Marine economy is seriously affected by marine biofouling, which has plagued people for thousands of years. Although various strategies have been developed to protect artificial surfaces against marine biofouling, cost-effective biofouling-resistant coating is still a goal in pursue. Herein, a cost-effective liquid-infused porous slippery surface (LIPSS) was facilely prepared by using poly(styrene-b-(ethylene-co-butylene)-b-styrene) (SEBS) elastomer to form microsphere surfaces, followed by infu",https://link.springer.com/article/10.1007/s10118-017-1930-9,paper-results-PaperSearchToFile_2.json
811074231889559553,Funktionelle Isoeugenol-modifizierte Nanogel-Beschichtungen für biologische Grenzflächen,用于生物界面的功能性异丁香酚修饰的纳米凝胶涂层,Michael Kather; Merle Skischus; Pierre Kandt; Prof. Andrij Pich; Prof. Georg Conrads; Dr. Sabine Neuss,Angewandte Chemie,2017,10.1002/ange.201609180,3,"Abstract Es wurde eine neue Route zur Synthese funktioneller wässriger Nanogele mit kontrollierter Isoeugenol‐Oberflächenbeladung entwickelt. Die so erhaltenen Nanogele haben zwei Schlüsselfunktionen: a) antibakterielle Aktivität gegen diverse orale Krankheitserreger sowie b) zelladhäsive und zellwachstumsfördernde Eigenschaften. Diese funktionellen Nanogele sind potenzielle Bausteine für bioaktive Beschichtungen auf verschiedenen Implantaten, die zur Verhinderung von Infektionen und zur Förderu",https://onlinelibrary.wiley.com/doi/10.1002/ange.201609180,paper-results-PaperSearchToFile_2.json
811028047447719936,Methods of assessing antifouling and foul-release efficacy of non-toxic marine coatings,,Dean E. Wendt,Green Materials,2017,10.1680/jgrma.17.00002,3,Methods for assessing non-toxic antifouling coatings...,,inline_search
813132680806793218,Oligopeptide-modified hydrophobic and hydrophilic polymers as antifouling coatings,,David R. Calabrese; Brandon M. Wenning; Hilda Buss; John A. Finlay; Daniel Fischer; Anthony S. Clare; Rachel A. Segalman; Christopher K. Ober,Green Materials,2017,10.1680/jgrma.17.00006,7,Oligopeptide modified hydrophobic hydrophilic polymer antifouling coating,,inline_search_new
811102800569171970,PDMS-based films containing surface-active amphiphilic block copolymers to combat fouling from barnacles,,Matteo Oliva; Elisa Martinelli; Giancarlo Galli; Carlo Pretti,Polymer,2017,10.1016/j.polymer.2016.12.021,26,PDMS amphiphilic block copolymer barnacle fouling antifouling,,inline_search_new
813091161324388355,Polymer brushes on structural surfaces: a novel synergistic strategy for perfectly resisting algae settlement,结构表面的聚合物刷：一种完美抵抗藻类附着的新型协同策略,Yu Zhang; Haiyuan Hu; Xiaowei Pei; Yupeng Liu; Qian Ye; Feng Zhou,Biomaterials Science,2017,10.1039/C7BM00842B,17,"The current paper reports a novel model of a marine antibiofouling surface based on polymer brushes on a wrinkled silicone elastomer. Polymer brushes (POEGMA and PSPMA) were grafted via surface-initiated atom transfer radical polymerization (SI-ATRP). Successful grafting was verified with various characterization techniques including infrared spectroscopy, X-ray photoelectron spectroscopy and contact angle measurements. A series of laboratory static and dynamic bioassays as well as field immersi",https://pubs.rsc.org/en/content/articlelanding/2017/bm/c7bm00842b,paper-results-PaperSearchToFile_1.json
813118343245463553,Preparation and evaluation of amphiphilic polymer as fouling-release coating in marine environment,两亲性聚合物作为海洋环境中防污涂层的制备与评价,Jiang Li; Zhuolin Xie; Guoqing Wang; Chunhua Ding; Hong Jiang; Peiqing Wang,Journal of Coatings Technology and Research,2017,10.1007/s11998-017-9935-4,5,"Polystyrene–polybutadiene–polystyrene (SBS), vinyl fluoride silicone (BD-FT-LSR) and polyethylene glycol were chosen as the reactors to synthesize amphiphilic polymer which was used to prepare a new type of fouling-release coating. To evaluate the fouling-release performance and explore the mechanism of the coating, artificial and real-sea environment tests were carried out in the experiments, respectively. IR and 1H NMR were utilized to characterize the structure of the polymer. The effect of f",https://link.springer.com/article/10.1007/s11998-017-9935-4,paper-results-PaperSearchToFile_1.json
813109471894044674,Reinforcement effects of multiwall carbon nanotubes and graphene oxide on PDMS marine coatings,多壁碳纳米管和氧化石墨烯对聚二甲基硅氧烷海洋涂料的增强作用,Levent Cavas; Pelin Gokfiliz Yildiz; Paraskevi Mimigianni; Andreas Sapalidis; Stephanos Nitodas,Journal of Coatings Technology and Research,2017,10.1007/s11998-017-9956-z,31,"Poly (dimethyl siloxane) (PDMS) is a model silicon elastomer used as marine fouling-release coating, because it meets the fouling-release zone conditions of the Baier curve. However, weak mechanical properties limit its use. In this aspect, incorporation of carbon nanoparticles into PDMS is a common method for improving its mechanical properties. Since effective dispersion of nanofillers into polymer matrices is a challenge, a major aim of this study was to examine the PDMS mechanical reinforcem",https://link.springer.com/article/10.1007/s11998-017-9956-z,paper-results-PaperSearchToFile_1.json
813134311275364353,Surface sensing and stress-signalling in Ulva and fouling diatoms – potential targets for antifouling: a review,石莼和污损硅藻中的表面传感与应激信号传导——防污的潜在靶点：综述,Stephanie E. M. Thompson; Juliet C. Coates,Biofouling,2017,10.1080/08927014.2017.1319473,6,"Understanding the underlying signalling pathways that enable fouling algae to sense and respond to surfaces is essential in the design of environmentally friendly coatings. Both the green alga Ulva and diverse diatoms are important ecologically and economically as they are persistent biofoulers. Ulva spores exhibit rapid secretion, allowing them to adhere quickly and permanently to a ship, whilst diatoms secrete an abundance of extracellular polymeric substances (EPS), which are highly adaptable",https://www.tandfonline.com/doi/abs/10.1080/08927014.2017.1319473,paper-results-PaperSearchToFile_2.json
811035333188648962,"The corrosivity and performance evaluation of antifouling paint exposed in seawater Muara Baru Port, Jakarta",雅加达丹戎不碌港海水环境中防污漆的腐蚀性及性能评估,L Nuraini; S Prifiharni; G Priyotomo; Sundjono,Journal of Physics Conference Series,2017,10.1088/1742-6596/817/1/012068,1,"Antifouling paints were applied on a wide range of the under seawater structures in order to protect them from the growth of fouling organisms. The performance investigation of two commercial anticorrosion and antifouling paints was conducted in Muara Baru port, Jakarta. The specimens were coated by anticorrosion and/or antifouling paint. Blank specimen (without exposed) were also prepared as a control. On the other hand, bare mild steel was prepared for measure the corrosion rate through weight",https://iopscience.iop.org/article/10.1088/1742-6596/817/1/012068,paper-results-PaperSearchToFile_1.json
813038940633169926, Synthesis of Polydimethylsiloxane-Modified Polyurethane and the Structure and Properties of Its Antifouling Coatings ,聚二甲基硅氧烷改性聚氨酯的合成及其防污涂层的结构与性能,Zhan-Ping Zhang; Xiao-Fei Song; Li-Ying Cui; Yu-Hong Qi,Coatings,2018,10.3390/coatings8050157,33,"Polydimethylsiloxane (PDMS) could be used to improve the antifouling properties of the fouling release coatings based on polyurethane (PU). A series of polydimethylsiloxane-modified polyurethane coatings were synthesized with various PDMS contents, using the solvent-free method. The effects of PDMS content and seawater immersion on the chain structure and surface morphology were investigated by confocal laser scanning microscopy (CLSM), atomic force microscopy (AFM), Fourier transform infrared s",https://www.mdpi.com/2079-6412/8/5/157,paper-results-PaperSearchToFile_1.json
813034402282995712,A comparison of the antifouling performance of air plasma spray (APS) ceramic and high velocity oxygen fuel (HVOF) coatings for use in marine hydraulic applications,用于船舶液压应用的空气等离子喷涂（APS）陶瓷涂层和高速氧燃料（HVOF）涂层的防污性能比较,Richard Piola; Andrew S. M. Ang; Matthew Leigh; Scott A. Wade,Biofouling,2018,10.1080/08927014.2018.1465052,7,"Maritime hydraulic components are often exposed to harsh environmental conditions which can lead to accelerated deterioration, reduced function, equipment failure and costly repair. Two leading causes of maritime hydraulic failure are biofouling accumulation and corrosion. This study examined the antifouling performance of three candidate replacement high velocity oxygen fuel (HVOF) coatings relative to the performance of the current baseline air plasma spray (APS) ceramic coating for protection",https://www.tandfonline.com/doi/abs/10.1080/08927014.2018.1465052,paper-results-PaperSearchToFile_2.json
812848029311696898,A life-stage conflict of interest in kelp: Higher meiospore settlement where sporophyte attachment is weak,海带生活史阶段的利益冲突：在孢子体附着较弱的地方，减数孢子的沉降率更高 ,Philip D. Kerrison; Michele S. Stanley; Elaine Mitchell; Liam Cunningham; Adam D. Hughes,Algal Research,2018,10.1016/j.algal.2018.08.001,5,,https://www.sciencedirect.com/science/article/abs/pii/S2211926417307749,paper-results-PaperSearchToFile_2.json
813073151461163008,Amphiphilic Alginates for Marine Antifouling Applications,用于海洋防污应用的两亲性海藻酸盐,Victoria Jakobi; Jana Schwarze; John A. Finlay; Kim A. Nolte; Stephan Spöllmann; Hans-Werner Becker; Anthony S. Clare; Axel Rosenhahn,Biomacromolecules,2018,10.1021/acs.biomac.7b01498,29,,https://www.sciencedirect.com/org/science/article/abs/pii/S1525779721014458,paper-results-PaperSearchToFile_1.json
813001780458684417,"Anti-Biofouling and Healable Materials: Preparation, Mechanisms, and Biomedical Applications",,Shuo Liu; Weiwei Guo,Advanced Functional Materials,2018,10.1002/adfm.201800596,50,Anti-biofouling healable materials biomedical...,,inline_search
813103520902283266,Catechol functionalized hyperbranched polymers as biomedical materials,,Hong Zhang; Tianyu Zhao; Ben Newland; Wenguang Liu; Wei Wang; Wenxin Wang,Progress in Polymer Science,2018,10.1016/j.progpolymsci.2017.09.002,68,Catechol-functionalized hyperbranched polymers; mussel-mimetic antifouling via globular graft architectures.,,inline_search_batch9
812999689543614464,Cell-Membrane-Inspired Silicone Interfaces that Mitigate Proinflammatory Macrophage Activation and Bacterial Adhesion,受细胞膜启发的硅氧烷界面可减轻促炎巨噬细胞激活和细菌粘附,Xiao-Hua Qin; Berna Senturk; Jules Valentin; Vera Malheiro; Giuseppino Fortunato; Qun Ren; Markus Rottmar; Katharina Maniura-Weber,Langmuir,2018,10.1021/acs.langmuir.8b02292,16,"Biofouling on silicone implants causes serious complications such as fibrotic encapsulation, bacterial infection, and implant failure. Here we report the development of antifouling, antibacterial silicones through covalent grafting with a cell-membrane-inspired zwitterionic gel layer composed of 2-methacryolyl phosphorylcholine (MPC). To investigate how substrate properties influence cell adhesion, we cultured human-blood-derived macrophages and Escherichia coli on poly(dimethylsiloxane) (PDMS) ",https://pubs.acs.org/doi/10.1021/acs.langmuir.8b02292,paper-results-PaperSearchToFile_1.json
811145058110668801,Cold spray deposition to prevent fouling of polymer surfaces,冷喷涂沉积以防止聚合物表面结垢,C. Stenson; K. A. McDonnell; S. Yin; B. Aldwell; M. Meyer; D. P. Dowling; R. Lupoi,Surface Engineering,2018,10.1080/02670844.2016.1229833,24,"Copper particles embedded into polymer surfaces by cold spray (CS) have been confirmed as a method for antifouling (AF) protection. CS is a low-heat coating process which can be used or employed over large areas. The key parameters that indicate AF potency are particle penetration depth and copper surface coverage. Adaptation of this process towards industrial level requires the process inputs leading to the best outputs to be identified. In this paper, copper particles were deposited onto two p",https://journals.sagepub.com/doi/abs/10.1080/02670844.2016.1229833,paper-results-PaperSearchToFile_1.json
813035718073909248,Comparative study of biofilm formation on biocidal antifouling and fouling-release coatings using next-generation DNA sequencing,使用下一代DNA测序技术对杀生防污涂层和防污释放涂层上生物膜形成的比较研究,Mark O. Winfield; Adrian Downer; Jennifer Longyear; Marie Dale; Gary L. A. Barker,Biofouling,2018,10.1080/08927014.2018.1464152,14,"The bacterial and eukaryotic communities forming biofilms on six different antifouling coatings, three biocidal and three fouling-release, on boards statically submerged in a marine environment were studied using next-generation sequencing. Sequenced amplicons of bacterial 16S ribosomal DNA and eukaryotic ribosomal DNA internal transcribed spacer were assigned taxonomy by comparison to reference databases and relative abundances were calculated. Differences in species composition, bacterial and ",https://www.tandfonline.com/doi/abs/10.1080/08927014.2018.1464152,paper-results-PaperSearchToFile_1.json
812825032358100992,Development and Characterization of Mechanically Durable Silicone-Polythiourethane Composites Modified with Tetrapodal Shaped ZnO Particles for Fouling-Release Coating in the Marine Sector,,Haoyi Qiu; Iris Hölken; Anna Gapeeva; Volkan Filiz; Rainer Adelung; Martina Baum,Materials,2018,10.3390/ma11122413,19,Silicone-polythiourethane composites with tetrapodal ZnO; surface/mechanical properties and barnacle removal fouling-release performance; long-term static immersion.,,inline_search_batch12
812830869013135361,Dynamic surface antifouling: mechanism and systems,,Qingyi Xie; Jiansen Pan; Chunfeng Ma; Guangzhao Zhang,Soft Matter,2018,10.1039/C8SM01853G,106,Dynamic surface antifouling mechanism PDMS...,,inline_search
813020600531419136,Influence of long-range forces and capillarity on the function of underwater superoleophobic wrinkled surfaces,长程力和毛细作用对水下超疏油褶皱表面功能的影响,Ahmed Owais; Truis Smith-Palmer; Angus Gentle; Chiara Neto,Soft Matter,2018,10.1039/C8SM00709H,10,"Underwater superoleophobic surfaces can be considered a particular type of lubricant-infused surface, that have anti-fouling properties by virtue of a trapped water layer that repels oils. However, as their function relies on a water layer being trapped in the surface roughness, it is crucial to understand the factors that determine the layer stability. In this work, the forces that are responsible for the stability of thin liquid films within structured surfaces were quantified, and the conclus",https://pubs.rsc.org/en/content/articlelanding/2018/sm/c8sm00709h,paper-results-PaperSearchToFile_2.json
812833164106924032,Low-Fouling Thin Hydrogel Coatings Made of Photo-Cross-Linked Polyzwitterions,,Julian Koc; Eric Schönemann; Ajitha Amuthalingam; Jessica Clarke; John A. Finlay; Anthony S. Clare; Andre Laschewsky; Axel Rosenhahn,Langmuir,2018,10.1021/acs.langmuir.8b02799,41,Photo-cross-linked polyzwitterion thin hydrogel coatings; diatom attachment and Ulva linza zoospore settlement assays.,,inline_search_batch10
813035330104983553,Peptide-Based Approaches to Fight Biofouling,,Gowri Priya Sakala; Meital Reches,Advanced Materials Interfaces,2018,10.1002/admi.201800073,49,"Review of peptide-based approaches to fight biofouling; DOPA anchors, fluorinated peptides, zwitterionic peptides.",,inline_search_batch11
812818747067727873,Rapid Mussel-Inspired Surface Zwitteration for Enhanced Antifouling and Antibacterial Properties,,Anika Benozir Asha; Yangjun Chen; Huixin Zhang; Sina Ghaemi; Kazuhiko Ishihara; Yang Liu; Ravin Narain,Langmuir,2018,10.1021/acs.langmuir.8b03810,41,Mussel-inspired surface zwitteration with catechol-PDA/AgNPs dual function antifouling antibacterial.,,inline_search_batch9
813006559238946816,Rational Design of Amphiphilic Peptides and Its Effect on Antifouling Performance,,Sheng Long Gaw; Gowripriya Sakala; Sivan Nir; Abhijit Saha; Zhichuan J. Xu; Pooi See Lee; Meital Reches,Biomacromolecules,2018,10.1021/acs.biomac.8b00587,13,Amphiphilic peptide rational design; amino acid positioning affecting antifouling performance via surface modification.,,inline_search_batch11
813071103302828032,Topographic cues guide the attachment of diatom cells and algal zoospores,地形线索引导硅藻细胞和藻类游动孢子的附着,Linlin Xiao; John A. Finlay; Michael Röhrig; Sophie Mieszkin; Matthias Worgull; Hendrik Hölscher; James A. Callow; Maureen E. Callow; Michael Grunze; Axel Rosenhahn,Biofouling,2018,10.1080/08927014.2017.1408801,9,"Surface topography plays a key role in the colonization of substrata by the colonizing stages of marine fouling organisms. For the innovation of marine antifouling coatings, it is essential to understand how topographic cues affect the settlement of these organisms. In this study, tapered, spiked microstructures and discrete honeycombs of varying feature dimensions were designed and fabricated in order to examine the influence of topography on the attachment of zoospores of the green macroalga U",https://www.tandfonline.com/doi/abs/10.1080/08927014.2017.1408801,paper-results-PaperSearchToFile_2.json
813002691469901824,Ultralow Fouling Surfaces from Self-Assembly of Copolymers with Sticky Biomimic Functional Groups,,Fei Wan; Rui Pu; Chao Feng,Key Engineering Materials,2018,10.4028/www.scientific.net/KEM.775.298,0,Catechol-containing copolymers for ultralow fouling surface via self-assembly; Chlorella and Ulva zoospore tests.,,inline_search_batch9
812840640827097088,Zwitterion-Functionalized Graphene Oxide Incorporated Polyamide Membranes with Improved Antifouling Properties,具有改善抗污染性能的两性离子功能化氧化石墨烯复合聚酰胺膜,Wen Ma; Tiantian Chen; Santino Nanni; Liuqing Yang; Zhibin Ye; Md. Saifur Rahaman,Langmuir,2018,10.1021/acs.langmuir.8b02044,23,"In this study, zwitterionic polymer poly(sulfobetaine methacrylate) (PSBMA) functionalized graphene oxide (GO) nanocomposites (GO-PSBMA) were synthesized and incorporated into the active layer of a polyamide membrane to improve its water perm-selectivity and fouling-resistant properties. GO-PSBMA nanocomposite contained covalently tethered PSBMA brushes on GO sheets, which were grown by activators regenerated by the electron transfer–atom transfer radical polymerization technique via the “graft-",https://pubs.acs.org/doi/10.1021/acs.langmuir.8b02044,paper-results-PaperSearchToFile_1.json
812743525425741825, Assessment of Antifouling Potential of Novel Transparent Sol Gel Coatings for Application in the Marine Environment ,新型海洋环境用透明溶胶-凝胶涂层防污性能评估,Chloe Richards; Ciprian Briciu-Burghina; Matthew R. Jacobs; Alan Barrett; Fiona Regan,Molecules,2019,10.3390/molecules24162983,7,"In recent years, there has become a growing need for the development of antifouling technology for application in the marine environment. The accumulation of large quantities of biomass on these surfaces cause substantial economic burdens within the marine industry, or adversely impact the performance of sensor technologies. Here, we present a study of transparent coatings with potential for applications on sensors or devices with optical windows. The focus of the study is on the abundance and d",https://www.mdpi.com/1420-3049/24/16/2983,paper-results-PaperSearchToFile_2.json
812801280631111681, Hydrolyzable Additive-Based Silicone Elastomers: A New Approach for Antifouling Coatings ,基于可水解添加剂的硅氧烷弹性体：防污涂层的新方法,Laure Gevaux; Marlène Lejars; André Margaillan; Jean-François Briand; Robert Bunet; Christine Bressy,Polymers,2019,10.3390/polym11020305,23,"Fouling Release Coatings are marine antifouling coatings based on silicone elastomers. Contrary to commonly used biocide-based antifouling coatings, they do not release biocides into the marine environment, however, they suffer from poor antifouling efficacy during idle periods. To improve their antifouling performances in static conditions, various amounts of hydrolyzable polymers were incorporated within a silicone matrix. These hydrolyzable polymers were chosen for the well-known hydrolytic d",https://www.mdpi.com/2073-4360/11/2/305,paper-results-PaperSearchToFile_2.json
812736567998152705,4D-quantitative structure-activity relationship modeling: making a comeback,,Denis Fourches; Jeremy Ash,Expert Opinion on Drug Discovery,2019,10.1080/17460441.2019.1664467,14,4D-QSAR modeling machine learning structure activity relationship,,inline_search_new
812739747297361924,A facile preparation of epoxy-PDMS polymer coatings for marine applications,,Shatakshi Verma; Sonalee Das; Smita Mohanty; Sanjay Kumar Nayak,Journal of Materials Research,2019,10.1557/jmr.2019.235,5,Epoxy PDMS marine polymer coating field test...,,inline_search
812791965463609344,A new hybrid silicone-based antifouling coating with nanocomposite hydrogel for durable antifouling properties,一种新型的基于硅氧烷的混合防污涂层，带有纳米复合水凝胶，具有持久的防污性能,Shu Tian; Daoyi Jiang; Jibin Pu; Xiaofeng Sun; Zhanming Li; Bin Wu; Wenru Zheng; Wenqing Liu; Zhixiong Liu,Chemical Engineering Journal,2019,10.1016/j.cej.2019.03.185,47,,https://www.sciencedirect.com/science/article/abs/pii/S1385894719306606,paper-results-PaperSearchToFile_2.json
812763421224206336,Advances in the application of biomimetic surface engineering in the oil and gas industry,仿生表面工程在石油和天然气工业中的应用进展,Yanbao Guo; Zheng Zhang; Siwei Zhang,Friction,2019,10.1007/s40544-019-0292-4,15,"Friction is widespread in almost every field in the oil and gas industry, and it is accompanied by huge energy losses and potential safety hazards. To deal with a series of questions in this regard, biomimetic surfaces have been developed over the past decades to significantly reduce economic losses. Presently, biomimetic surface engineering on different scales has been successfully introduced into related fields of the oil and gas industry, such as drill bits and the inner surfaces of pipes. In",https://link.springer.com/article/10.1007/s40544-019-0292-4,paper-results-PaperSearchToFile_2.json
812808053370912769,Antifouling (Bio)materials for Electrochemical (Bio)sensing,用于电化学（生物）传感的防污（生物）材料,Susana Campuzano; María Pedrero; Paloma Yáñez-Sedeño; José Pingarrón,International Journal of Molecular Sciences,2019,10.3390/ijms20020423,55,"(Bio)fouling processes arising from nonspecific adsorption of biological materials (mainly proteins but also cells and oligonucleotides), reaction products of neurotransmitters oxidation, and precipitation/polymerization of phenolic compounds, have detrimental effects on reliable electrochemical (bio)sensing of relevant analytes and markers either directly or after prolonged incubation in rich-proteins samples or at extreme pH values. Therefore, the design of antifouling (bio)sensing interfaces ",https://www.mdpi.com/1422-0067/20/2/423,paper-results-PaperSearchToFile_2.json
812710662059851777,Antifouling and Fouling-Release Performance of Photo-Embossed Fluorogel Elastomers,,Sander Kommeren; Andrew J. Guerin; Marie L. Dale,Journal of Marine Science and Engineering,2019,10.3390/jmse7110419,7,Fluorogel elastomer photo-embossed antifouling...,,inline_search
812795818992992257,Biodegradable Poly(ester-co-acrylate) with Antifoulant Pendant Groups for Marine Anti-Biofouling,,Guoxiong Dai; Qingyi Xie; Chunfeng Ma; Guangzhao Zhang,ACS Applied Materials & Interfaces,2019,10.1021/acsami.9b01247,33,Biodegradable poly(ester-co-acrylate) with antifoulant pendant groups; field test in East China Sea.,,inline_search_batch9
812751869846749185,Biotoxicity and life cycle assessment of two commercial antifouling coatings in marine systems,,Paolo Rossini; Loredana Napolano; Gabriele Matteucci,Chemosphere,2019,10.1016/j.chemosphere.2019.124475,9,Biotoxicity life cycle antifouling coatings marine...,,inline_search
812732555336876033,Computational modelling of mechanical properties for new polymeric materials with high molecular weight,新型高分子量聚合物材料力学性能的计算建模,Fiorella Cravero; M. Jimena Martínez; Ignacio Ponzoni; Mónica F. Díaz,Chemometrics and Intelligent Laboratory Systems,2019,10.1016/j.chemolab.2019.103851,4,,https://www.sciencedirect.com/science/article/abs/pii/S0169743919304186,paper-results-PaperSearchToFile_2.json
812751322301333506,Contemporary antibiofouling modifications of reverse osmosis desalination membrane: A review,反渗透海水淡化膜的当代抗生物污染改性：综述,P.S. Goh; A.K. Zulhairun; A.F. Ismail; N. Hilal,Desalination,2019,10.1016/j.desal.2019.114072,61,,https://www.sciencedirect.com/science/article/abs/pii/S0011916419307908,paper-results-PaperSearchToFile_1.json
812793856457179137,Correlative assays of barnacle cyprid behaviour for the laboratory evaluation of antifouling coatings: a study of surface energy components,用于防污涂料实验室评估的藤壶无节幼虫行为相关测定：表面能成分研究,Nick Aldred; Caitlyn M. Gatley-Montross; Meredith Lang; Michael R. Detty; Anthony S. Clare,Biofouling,2019,10.1080/08927014.2019.1577394,4,"Laboratory evaluation of antifouling coatings is underpinned by settlement studies with specific fouling organisms. Established methods provide insight into the likelihood of failure of a particular coating system, but can neglect the process of surface selection that often precedes attachment. The present approach for quantifying the exploratory behaviour of barnacle cypris larvae suggested that inspection behaviour can be a rapid and predictive proxy for settlement. Two series of xerogels with",https://www.tandfonline.com/doi/abs/10.1080/08927014.2019.1577394,paper-results-PaperSearchToFile_2.json
812765636349394944,Direct formation of amphiphilic crosslinked networks based on PVP as a marine anti-biofouling coating,基于聚乙烯吡咯烷酮（PVP）直接形成两亲性交联网络作为海洋防污涂层,Hongshuang Guo; Jing Yang; Weiqiang Zhao; Tong Xu; Cunguo Lin; Jinwei Zhang; Lei Zhang,Chemical Engineering Journal,2019,10.1016/j.cej.2019.06.025,32,,https://www.sciencedirect.com/science/article/abs/pii/S1385894719312823,paper-results-PaperSearchToFile_1.json
812695746225635328,Eco-Friendly Antifouling Coating Consisting of Poly(lactic acid)-Based Polyurethane and Natural Antifoulant,,Jiansen Pan; Qingyi Xie; Hoyin Chiang; Qingmei Peng; Pei-Yuan Qian; Chunfeng Ma; Guangzhao Zhang,ACS Sustainable Chemistry & Engineering,2019,10.1021/acssuschemeng.9b06917,28,PLA-based polyurethane with natural antifoulant (butenolide) marine antifouling; field test in Hong Kong.,,inline_search_batch9
812700460140986368,Engineered Chemical Nanotopographies: Reversible Addition–Fragmentation Chain-Transfer Mediated Grafting of Anisotropic Poly(acrylamide) Patterns on Poly(dimethylsiloxane) To Modulate Marine Biofouling,工程化化学纳米拓扑结构：通过可逆加成-断裂链转移介导在聚二甲基硅氧烷上接枝各向异性聚丙烯酰胺图案以调控海洋生物污损,Cary A. Kuliasha; Rebecca L. Fedderwitz; John A. Finlay; Sofia C. Franco; Anthony S. Clare; Anthony B. Brennan,Langmuir,2019,10.1021/acs.langmuir.9b03117,9,"Effectively negating the deleterious impact of marine biofouling on the world’s maritime fleet in an environmentally conscientious manner presents a difficult challenge due to a variety of factors including the complexity and diversity of fouling species and the differing surface adhesion strategies. Understanding how surface properties relate to biofouling can inform and guide the development of new antibiofouling coatings to address this challenge. Herein, we report on the development of a liv",https://pubs.acs.org/doi/10.1021/acs.langmuir.9b03117,paper-results-PaperSearchToFile_2.json
813025742366441472,Environmentally Benign Fouling-Resistant Marine Coatings: A Review,环境友好型防污海洋涂料综述,Sukanya Pradhan; Sudheer Kumar; Smita Mohanty; Sanjay K. Nayak,Polymer-Plastics Technology and Materials,2019,10.1080/03602559.2018.1482922,11,"The undesirable accumulation of marine organisms on any surfaces immersed in seawater is termed as marine fouling. This natural phenomenon contributes a major economic concern for marine industries, e.g. for ships, vessels, oil, wind-turbine sea-platforms, pipelines, water valves and filters by limiting the performances of the devices and materials. In the last decades, several efforts have been employed in the development of efficient antifouling (AF) coatings by following the recent trend in m",https://www.tandfonline.com/doi/abs/10.1080/03602559.2018.1482922,paper-results-PaperSearchToFile_2.json
812751235982557185,Evaluation of the Corrosion Protection of Two Underwater Coating Systems in a Simulated Marine Environment,,Ivan Stojanović; Andrea Farkas; Vesna Alar; Nastia Degiuli,JOM,2019,10.1007/s11837-019-03669-4,5,Marine coating corrosion protection evaluation...,,inline_search
812796299974803456,Expanding the DOPA Universe with Genetically Encoded Mussel-Inspired Bioadhesives for Material Sciences and Medicine,,Nediljko Budisa; Tobias Schneider,ChemBioChem,2019,10.1002/cbic.201900030,17,Mussel-inspired DOPA bioadhesives; catechol anchoring for antifouling polymer coatings.,,inline_search_batch9
812778466507227138,Fabrication of epoxy modified polysiloxane with enhanced mechanical properties for marine antifouling application,,Xun Sun; Rongrong Chen; Xiang Gao,European Polymer Journal,2019,10.1016/j.eurpolymj.2019.05.002,19,Epoxy modified polysiloxane for marine antifouling application...,,inline_search
812732728079286272,Layer-by-layer constructed hyaluronic acid/chitosan multilayers as antifouling and fouling-release coatings,,Wenfa Yu; Julian Koc; John A Finlay,Biointerphases,2019,10.1116/1.5110887,13,HA/Ch LbL antifouling fouling-release coating...,,inline_search
812821162491904000,Multiscale modeling and simulations of protein adsorption: progresses and perspectives,蛋白质吸附的多尺度建模与模拟：进展与展望,Xuebo Quan; Jie Liu; Jian Zhou,Current Opinion in Colloid & Interface Science,2019,10.1016/j.cocis.2018.12.004,35,,https://www.sciencedirect.com/science/article/abs/pii/S135902941830092X,paper-results-PaperSearchToFile_2.json
813000801873035265,Photopolymerized biomimetic self-adhesive Polydimethylsiloxane-based amphiphilic cross-linked coating for anti-biofouling,用于防污的光聚合仿生自粘聚二甲基硅氧烷基两亲性交联涂层,Jianxiu Wang; Chunju He,Applied Surface Science,2019,10.1016/j.apsusc.2018.08.214,18,,https://www.sciencedirect.com/science/article/abs/pii/S0169433218323572,paper-results-PaperSearchToFile_1.json
812703253845245954,Preparation of hydrophobic epoxy-PDMS-graphene oxide nanocomposite coatings for antifouling application,,Shatakshi Verma; Smita Mohanty; S. K. Nayak,Soft Matter,2019,10.1039/C9SM01952A,24,Epoxy PDMS graphene oxide nanocomposite antifouling...,,inline_search
812808393159868416,Quantitative design rules for protein-resistant surface coatings using machine learning,,Tu C. Le; Matthew Penna; David A. Winkler; Irene Yarovsky,Scientific Reports,2019,10.1038/s41598-018-36597-5,3,Machine learning QSPR protein-resistant surface coating design rules,,inline_search_new
812771503211806720,Self-Stratifying Silicone Coating with Nonleaching Antifoulant for Marine Anti-Biofouling,用于海洋抗生物污损的含非渗出型防污剂的自分层硅酮涂层,Qingyi Xie; Haohang Zeng; Qingmei Peng; Christine Bressy; Chunfeng Ma; Guangzhao Zhang,Advanced Materials Interfaces,2019,10.1002/admi.201900535,29,"Chemical immobilization of antifoulant groups to polymers is a promising approach to develop ecofriendly antifouling materials with static antifouling ability and a durable efficacy. In this work, telomer of dodecafluoroheptyl methacrylate (DFMA), triclosan acrylate (TA), and 3-mercaptopropyl trimethoxysilane (KH590) is grafted to bis-silanol terminated poly(dimethylsiloxane) (PDMS), yielding a novel self-stratifying silicone coating containing nonleaching antifoulants. X-ray photoelectron spect",https://onlinelibrary.wiley.com/doi/10.1002/admi.201900535,paper-results-PaperSearchToFile_1.json
812759026583470080,Stress-localized durable anti-biofouling surfaces,,Bahareh Eslami; Peyman Irajizad; Parham Jafari; Masoumeh Nazari; Ali Masoudi; Varun Kashyap; Shane Stafslien; Hadi Ghasemi,Soft Matter,2019,10.1039/C9SM00790C,7,Stress-localized durable anti-biofouling surfaces; Ulva zoospore settlement assay and durability evaluation.,,inline_search_batch10
812759026583470080b,Stress-localized durable anti-biofouling surfaces (Ulva assay study),,Bahareh Eslami; Peyman Irajizad; Parham Jafari; Hadi Ghasemi,Soft Matter,2019,,7,Stress-localized durable anti-biofouling surfaces; Ulva zoospore settlement assay surface property characterization.,,inline_search_batch11
812703480773869569,Strong adhesion of poly(vinyl alcohol)–glycerol hydrogels onto metal substrates for marine antifouling applications,用于海洋防污应用的聚乙烯醇-甘油水凝胶在金属基底上的强附着力,Heng-Wei Zhu; Jia-Nan Zhang; Pei Su; Tianqi Liu; Changcheng He; Danqing Feng; Huiliang Wang,Soft Matter,2019,10.1039/C9SM01413F,13,"Hydrogels can be used as an alternative coating material for ships against marine biofouling. However, the adhesion of wet and soft hydrogels onto solid metals remains a challenging problem. Here we report the adhesion of a typical hydrogel material, poly(vinyl alcohol) (PVA)–glycerol hydrogel, onto stainless steel substrates and the antifouling potency of the adhered PVA–glycerol hydrogels. Poly(allylamine hydrochloride) (PAH) hydrogel and ethyl α-cyanoacrylate (ECA) are used as the binders, an",https://pubs.rsc.org/en/content/articlelanding/2020/sm/c9sm01413f,paper-results-PaperSearchToFile_2.json
812790684779020288,Synthesis and characterization of eco-friendly siloxane-semifluorinated polyurethane coatings for underwater application,用于水下应用的环保型硅氧烷-半氟化聚氨酯涂料的合成与表征,Anthony Yesudass Sebastin; Smita Mohanty; Sanjay K. Nayak,Journal of Applied Polymer Science,2019,10.1002/app.47720,3,"Siloxane-semifluorinated polyurethane coatings were prepared for robust underwater application. Initially, acrylic polyol (FS-GPTACP)-containing fluoroalkoxysilane (1H,1H,2H,2H-Perfluorooctyltrimethoxysilane) pendant group was synthesized by the free-radical polymerization method. Different weight percentages of polydimethylsiloxane (0, 10, and 20 wt %) were added to the polyol to tune the mechanical and the surface energy of the coating. Subsequently, this polyol mixture was cured with 4, 4′-me",https://onlinelibrary.wiley.com/doi/10.1002/app.47720,paper-results-PaperSearchToFile_1.json
812726923682643968,Time-dependent biofouling growth model for predicting the effects of biofouling on ship resistance and powering,,Dogancan Uzun; Yigit Kemal Demirel; Andrea Coraddu; Osman Turan,Ocean Engineering,2019,10.1016/j.oceaneng.2019.106432,16,Biofouling ship resistance model prediction...,,inline_search
812708079970811907,Using hydrodynamic testing to assess the performance of fouling control coatings,,Kelli Z. Hunsucker; Harrison Gardner; Kody Lieberman; Geoff Swain,Ocean Engineering,2019,10.1016/j.oceaneng.2019.106677,4,Hydrodynamic testing to assess fouling control coating performance; comparison with ASTM D3623 static immersion.,,inline_search_batch9
812746367876202499,Using ultraviolet light for improved antifouling performance on ship hull coatings,利用紫外线提高船舶船体涂层的防污性能,Kelli Z. Hunsucker; Cierra Braga; Harrison Gardner; Michel Jongerius; Roelant Hietbrink; Bart Salters; Geoffrey Swain,Biofouling,2019,10.1080/08927014.2019.1642334,14,"A two-part study was designed to investigate the efficacy of using UVC to prevent biofouling in the context of ship hull coatings. The first study determined the frequency of UVC required for a coating that does not have any additives (epoxy). It was found that 1 min/day was effective at preventing hard fouling but not biofilm development. The second study addressed several variables: coating type (epoxy, copper, fouling release), frequency of UVC (no exposure, continuous exposure, 1min/6h, 1 mi",https://www.tandfonline.com/doi/abs/10.1080/08927014.2019.1642334,paper-results-PaperSearchToFile_1.json
812591880897298433, Marine Biofouling: A European Database for the Marine Renewable Energy Sector ,海洋生物污损：面向海洋可再生能源行业的欧洲数据库,Pedro Almeida Vinagre; Teresa Simas; Erica Cruz; Emiliano Pinori; Johan Svenson,Journal of Marine Science and Engineering,2020,10.3390/jmse8070495,27,Biofouling is a major problem shared among all maritime sectors employing submerged structures where it leads to substantially increased costs and lowered operational lifespans if poorly addressed. Insight into the ongoing processes at the relevant marine locations is key to effective management of biofouling. Of specific concern for the marine renewable energy (MRE) sector is the fact that information on biofouling composition and magnitude across geographies is dispersed throughout published p,https://www.mdpi.com/2077-1312/8/7/495,paper-results-PaperSearchToFile_2.json
812527413333327873," Modification, Degradation and Evaluation of a Few Organic Coatings for Some Marine Applications ",几种用于海洋领域的有机涂层的改性、降解与评估,Guang-Ling Song; Zhenliang Feng,Corrosion and Materials Degradation,2020,10.3390/cmd1030019,4,"Organic coatings for marine applications must have great corrosion protection and antifouling performance. This review presents an overview of recent investigations into coating microstructure, corrosion protection performance, antifouling behavior, and evaluation methods, particularly the substrate effect and environmental influence on coating protectiveness, aiming to improve operational practice in the coating industry. The review indicates that the presence of defects in an organic coating i",https://www.mdpi.com/2624-5558/1/3/19,paper-results-PaperSearchToFile_1.json
812597169767841795, Recent Advances in Surface Nanoengineering for Biofilm Prevention and Control. Part I: Molecular Basis of Biofilm Recalcitrance. Passive Anti-Biofouling Nanocoatings ,用于生物膜预防与控制的表面纳米工程最新进展。第一部分：生物膜顽抗性的分子基础。被动抗生物污染纳米涂层,Paul Cătălin Balaure; Alexandru Mihai Grumezescu,Nanomaterials,2020,10.3390/nano10061230,16,"Medical device-associated infections are becoming a leading cause of morbidity and mortality worldwide, prompting researchers to find new, more effective ways to control the bacterial colonisation of surfaces and biofilm development. Bacteria in biofilms exhibit a set of “emergent properties”, meaning those properties that are not predictable from the study of free-living bacterial cells. The social coordinated behaviour in the biofilm lifestyle involves intricate signaling pathways and molecula",https://www.mdpi.com/2079-4991/10/6/1230,paper-results-PaperSearchToFile_1.json
812580854168551427,A scope at antifouling strategies to prevent catheter-associated infections,一种预防导管相关感染的防污策略的研究范围,Célia M.C. Faustino; Sara M.C. Lemos; Nuno Monge; Isabel A.C. Ribeiro,Advances in Colloid and Interface Science,2020,10.1016/j.cis.2020.102230,18,,https://www.sciencedirect.com/science/article/abs/pii/S0001868620301044,paper-results-PaperSearchToFile_1.json
812540995366289410,Amphiphilic Marine Antifouling Coatings Based on a Hydrophilic Polyvinylpyrrolidone and Hydrophobic Fluorine-Silicon-Containing Block Copolymer,,Hongshuang Guo; Pengguang Chen; Shu Tian; Yiming Ma; Qingsi Li; Chiyu Wen; Jing Yang; Lei Zhang,Langmuir,2020,10.1021/acs.langmuir.0c02329,21,Amphiphilic block copolymer combining hydrophilic PVP with hydrophobic fluorine-silicon segments for marine antifouling coatings.,,inline_search_batch8
812637220329488385,Amphiphilic hydrolyzable polydimethylsiloxane- b -poly(ethyleneglycol methacrylate- co -trialkylsilyl methacrylate) block copolymers for marine coatings. II. Antifouling laboratory tests and field trials,用于海洋涂料的两亲性可水解聚二甲基硅氧烷- b -聚（甲基丙烯酸乙二醇酯- co -甲基丙烯酸三烷基硅酯）嵌段共聚物。II. 防污实验室测试和现场试验,Elisa Guazzelli; Elisa Martinelli; Lucile Pelloquet; Jean-François Briand; André Margaillan; Robert Bunet; Giancarlo Galli; Christine Bressy,Biofouling,2020,10.1080/08927014.2020.1762868,6,"Poly(dimethylsiloxane) (PDMS) elastomer coatings containing an amphiphilic hydrolyzable diblock copolymer additive were prepared and their potential as marine antifouling and antiadhesion materials was tested. The block copolymer additive consisted of a PDMS first block and a random poly(trialkylsilyl methacrylate (TRSiMA, R = butyl, isopropyl)- co -poly(ethyleneglycol) methacrylate (PEGMA) copolymer second block. PDMS- b -TRSiMA block copolymer additives without PEGMA units were also used as ad",https://www.tandfonline.com/doi/abs/10.1080/08927014.2020.1762868,paper-results-PaperSearchToFile_1.json
812716011315789825,"Amphiphilic hydrolyzable polydimethylsiloxane- b- poly(ethyleneglycol methacrylate- co -trialkylsilyl methacrylate) block copolymers for marine coatings. I. Synthesis, hydrolysis and surface wettability",用于海洋涂层的两亲可水解聚二甲基硅氧烷-b-聚(甲基丙烯酸乙二醇酯-co-甲基丙烯酸三烷基硅酯)嵌段共聚物。I. 合成、水解与表面润湿性,Elisa Guazzelli; Giancarlo Galli; Elisa Martinelli; André Margaillan; Christine Bressy,Polymer,2020,10.1016/j.polymer.2019.121954,11,,https://www.sciencedirect.com/science/article/abs/pii/S0032386119309619,paper-results-PaperSearchToFile_1.json
812664315218755585,An overview of controlled-biocide-release coating based on polymer resin for marine antifouling applications,基于聚合物树脂的用于海洋防污应用的可控杀生剂释放涂层概述,Abid Ali; Muhammad Imran Jamil; Jingxian Jiang; Muhammad Shoaib; Bilal Ul Amin; Shengzhe Luo; Xiaoli Zhan; Fengqiu Chen; Qinghua Zhang,Journal of Polymer Research,2020,10.1007/s10965-020-02054-z,17,"Biofouling is one of the major worldwide problems associated with the vessel due to its accumulation with the surface of the ship hull. The biofouling is the main origin of the coating’s deterioration that ultimately leads to bio-corrosion, roughness and drag, resulting in an enormous increase in the fuel consumption. Although Tributyltin (TBT) has been used as a pioneer class of antifoulant to overcome this problem, however, after the legal restriction on TBT, some biocides have been used as it",https://link.springer.com/article/10.1007/s10965-020-02054-z,paper-results-PaperSearchToFile_1.json
812661442288287745,Antifouling Strategies for Selective In Vitro and In Vivo Sensing,用于选择性体外和体内传感的防污策略,Cheng Jiang; Guixiang Wang; Robert Hein; Nianzu Liu; Xiliang Luo; Jason J. Davis,Chemical Reviews,2020,10.1021/acs.chemrev.9b00739,139,"The ability to fabricate sensory systems capable of highly selective operation in complex fluid will undoubtedly underpin key future developments in healthcare. However, the abundance of (bio)molecules in these samples can significantly impede performance at the transducing interface where nonspecific adsorption (fouling) can both block specific signal (reducing sensitivity) and greatly reduce assay specificity. Herein, we aim to provide a comprehensive review discussing concepts and recent adva",https://pubs.acs.org/doi/10.1021/acs.chemrev.9b00739,paper-results-PaperSearchToFile_2.json
812571016017477634,Antifouling paints leach copper in excess - study of metal release rates and efficacy along a salinity gradient,,Maria Lagerström; Erik Ytreberg; Ann-Kristin E. Wiklund; Lena Granhag,Water Research,2020,10.1016/j.watres.2020.116383,14,Antifouling paints copper release rates marine...,,inline_search
812536262148751361,Degradable hyaluronic acid/chitosan polyelectrolyte multilayers with marine fouling-release properties,,Wenfa Yu; Robin Wanka; John A. Finlay,Biofouling,2020,10.1080/08927014.2020.1846725,6,Hyaluronic acid chitosan polyelectrolyte marine fouling release...,,inline_search
812709512497594368,Degradation of coatings for steel in environments susceptible to corrosion associated with fouling,在易受与污垢相关的腐蚀影响的环境中钢涂层的降解,Samanbar Permeh; Kingsley Lau; Matthew Duncan,Structure and Infrastructure Engineering,2020,10.1080/15732479.2019.1694543,6,"Steel piles in a Florida bridge showed severe localised corrosion uncharacteristic of the general corrosion typically found in marine environments. Sampling from the water and the steel pile surface showed presence of bacteria associated with microbiologically influenced corrosion, MIC. Coincident heavy marine growth was observed. The interactions of marine macro- and microorganisms set up conditions where the severe corrosion occurred. The initiation of macrofouling require initial biofilm pres",https://www.tandfonline.com/doi/abs/10.1080/15732479.2019.1694543,paper-results-PaperSearchToFile_1.json
812763337254240258,Endowing antibacterial ability to poly(ε-caprolactone) by blending with cationic − zwitterionic copolymers for biomedical purposes,通过与阳离子-两性离子共聚物共混赋予聚（ε-己内酯）抗菌能力以用于生物医学目的,Wenhong Hu; Zhenguang Li; Lixia Ren; Yunhui Zhao; Xiaoyan Yuan,International Journal of Polymeric Materials,2020,10.1080/00914037.2019.1626392,1,"Biocompatible poly(ε-caprolactone) (PCL) was definitely endowed with antibacterial efficiency via blending with cationic − zwitterionic block copolymers of 2-(dimethylamino)ethyl methacrylate and sulfobetaine methacrylate (pDMA- b -pSBMA). The involved pDMA- b -pSBMA, obtained via reversible addition-fragmentation chain transfer polymerization, was prominent with well-defined structure and efficient antibacterial ability. In dip coatable PCL/pDMA- b -pSBMA blends, the zwitterionic moiety was det",https://www.tandfonline.com/doi/abs/10.1080/00914037.2019.1626392,paper-results-PaperSearchToFile_1.json
812563525519015936,Engineered topographies and hydrodynamics in relation to biofouling control—a review,与生物污损控制相关的工程地形学和流体动力学——综述,Partha Halder; Nazia Hossain; Biplob Kumar Pramanik; Muhammed A Bhuiyan,Environmental Science and Pollution Research,2020,10.1007/s11356-020-10864-3,1,"Biofouling, the unwanted growth of microorganisms on submerged surfaces, has appeared as a significant impediment for underwater structures, water vessels, and medical devices. For fixing the biofouling issue, modification of the submerged surface is being experimented as a non-toxic approach worldwide. This technique necessitated altering the surface topography and roughness and developing a surface with a nano- to micro-structured pattern. The main objective of this study is to review the rece",https://link.springer.com/10.1007/s11356-020-10864-3,paper-results-PaperSearchToFile_2.json
812678800121790465,Environmentally Friendly Marine Antifouling Coating Based on a Synergistic Strategy,,Changhai Xie; Hongshuang Guo; Weiqiang Zhao; Lei Zhang,Langmuir,2020,10.1021/acs.langmuir.9b03764,19,Synergistic marine antifouling coating with field test in Yellow Sea; environmental-friendly strategy.,,inline_search_batch9
812565959108722688,Experimental Assessment of the Performance of Two Marine Coatings to Curb Biofilm Formation of Microfoulers,,Sara I. Faria; Rita Teixeira-Santos; Luciana C. Gomes; Elisabete R. Silva; João Morais; Vítor Vasconcelos; Filipe J. M. Mergulhão,Coatings,2020,10.3390/coatings10090893,8,Silicone-based paint evaluated to prevent biofilm formation...,,inline_search
812678528314114049,Green biolubricant infused slippery surfaces to combat marine biofouling,用于对抗海洋生物污损的注入绿色生物润滑剂的光滑表面,Snehasish Basu; Bui My Hanh; J.Q. Isaiah Chua; Dan Daniel; Muhammad Hafiz Ismail; Manon Marchioro; Shahrouz Amini; Scott A. Rice; Ali Miserez,Journal of Colloid and Interface Science,2020,10.1016/j.jcis.2020.02.049,25,,https://www.sciencedirect.com/science/article/abs/pii/S0021979720301909,paper-results-PaperSearchToFile_2.json
812661044190117889,Hybrid Sol-gel Coatings for Corrosion Mitigation: A Critical Review,,Rita B. Figueira,Polymers,2020,10.3390/polym12030689,30,Critical review of hybrid sol-gel coatings for corrosion mitigation including antifouling sol-gel coatings in marine environments.,,inline_search_batch8
812599695162474497,In-Water Cleaning and Capture to Remove Ship Biofouling: An Initial Evaluation of Efficacy and Environmental Safety,水中清洗与捕获以去除船舶生物污垢：功效与环境安全性的初步评估,Mario N. Tamburri; Ian C. Davidson; Matthew R. First; Christopher Scianni; Katherine Newcomer; Graeme J. Inglis; Eugene T. Georgiades; Janet M. Barnes; Gregory M. Ruiz,Frontiers in Marine Science,2020,10.3389/fmars.2020.00437,11,"Biofouling is a long-standing challenge for ships because it can interfere with operations and increases vessel drag, fuel consumption and exhaust emissions. More recently, ship biofouling has also been recognized as a leading vector for global transfers and introductions of marine non-indigenous species. Ship in-water cleaning and capture (IWCC) systems, to remove and collect macrofouling organisms and associated antifouling coating compounds, are now becoming available as a possible solution t",https://www.frontiersin.org/journals/marine-science/articles/10.3389/fmars.2020.00437/full,paper-results-PaperSearchToFile_1.json
812646275315924994,Inductive transfer learning for molecular activity prediction: Next-Gen QSAR Models with MolPMoFiT,,Xinhao Li; Denis Fourches,Journal of Cheminformatics,2020,10.1186/s13321-020-00430-x,29,Transfer learning QSAR MolPMoFiT molecular activity prediction,,inline_search_new
812681970826870784,Influence of Epoxy Content on the Properties and Marine Bacterial Adhesion of Epoxy Modified Silicone Coatings,,Ruikang Zhao; Zhanping Zhang; Yuhong Qi,Coatings,2020,10.3390/coatings10020126,2,Marine biofouling is a serious challenge...,,inline_search
812576489177350146,Inhibition Effectiveness of Laser-Cleaned Nanostructured Aluminum Alloys to Sulfate-reducing Bacteria Based on Superwetting and Ultraslippery Surfaces,基于超浸润和超滑表面的激光清洗纳米结构铝合金对硫酸盐还原菌的抑制效果,Ze Tian; Zhenglong Lei; Yanbin Chen; Chuan Chen; Ruochen Zhang; Xi Chen; Jiang Bi; Haoran Sun,ACS Applied Bio Materials,2020,10.1021/acsabm.0c00714,3,"This paper is a continued study on laser cleaning removal of marine microbiofouling from Al alloy surfaces. According to our previous study, it is noted that the antifouling functions of the generated laser-cleaned metallic surfaces must be highlighted. In this work, the inhibition effectiveness of the laser-cleaned Al alloy surfaces was evaluated using a type of vital marine microorganism, sulfate-reducing bacteria (SRB) Desulfovibrio desulfuricans subsp. desulfuricans, in a dynamic bacterial s",https://pubs.acs.org/doi/10.1021/acsabm.0c00714,paper-results-PaperSearchToFile_2.json
812557254040485889,"Laboratory and Field Testing Assessment of Next Generation Biocide-Free, Fouling-Resistant Slippery Coatings",下一代无杀生剂防污滑涂层的实验室和现场测试评估,Snehasish Basu; Bui My Hanh; Muhammad Hafiz Ismail; J. Q. Isaiah Chua; Srikanth Narasimalu; Manoj Sekar; Andrew Labak; Alex Vena; Philseok Kim; Teluka P. Galhenage; Scott A. Rice; Ali Miserez,ACS Applied Polymer Materials,2020,10.1021/acsapm.0c00916,3,"Recent research efforts to combat marine biofouling have focused on foul-release coatings that are not harmful for the marine environment. Inspired by nature, Slippery lubricant infused porous surfaces (SLIPS) is a surface modification technology platform with excellent antiadhesive and antifouling capacities. Precommercial coatings based on the SLIPS concept have demonstrated promising results as an environmentally friendly strategy to combat marine biofouling. Here, we investigated the resista",https://pubs.acs.org/doi/10.1021/acsapm.0c00916,paper-results-PaperSearchToFile_2.json
812664671256444928,Molecular simulations and understanding of antifouling zwitterionic polymer brushes,抗污两性离子聚合物刷的分子模拟与理解,Yonglan Liu; Dong Zhang; Baiping Ren; Xiong Gong; Lijian Xu; Zhang-Qi Feng; Yung Chang; Yi He; Jie Zheng,Journal of Materials Chemistry B,2020,10.1039/D0TB00520G,150,"Zwitterionic materials are an important class of antifouling biomaterials for various applications. Despite such desirable antifouling properties, molecular-level understanding of the structure–property relationship associated with surface chemistry/topology/hydration and antifouling performance still remains to be elucidated. In this work, we computationally studied the packing structure, surface hydration, and antifouling property of three zwitterionic polymer brushes of poly(carboxybetaine me",https://pubs.rsc.org/en/content/articlelanding/2020/tb/d0tb00520g,paper-results-PaperSearchToFile_2.json
812703581093232641,"Multicharge zwitterionic molecules: Hydration, kosmotropicity and anti-fouling potential",多电荷两性离子分子：水合作用、促溶盐效应和抗污潜力,Gaelle Level; Jiaxin Zhang; John Brown; Oliver Hammond; Brian Hannigan; Lorenzo Stella; Peter Nockemann; Marijana Blesic,Journal of Colloid and Interface Science,2020,10.1016/j.jcis.2019.12.009,5,,https://www.sciencedirect.com/science/article/abs/pii/S0021979719314687,paper-results-PaperSearchToFile_1.json
812597031339032577,Nanodiamond Reinforced Poly(dimethylsiloxane)-Based Polyurea with Self-Healing Ability for Fouling Release Coating,,Qingyi Xie; Chao Liu; Xiaobin Lin; Chunfeng Ma; Guangzhao Zhang,ACS Applied Polymer Materials,2020,10.1021/acsapm.0c00356,10,Nanodiamond-reinforced PDMS polyurea self-healing fouling release coating; field test in Xiamen Bay.,,inline_search_batch9
812590792345387009,Recent Advances in Mussel-Inspired Synthetic Polymers as Marine Antifouling Coatings,,Ioannis Manolakis; Usaid Azhar,Coatings,2020,10.3390/coatings10070653,12,Review of mussel-inspired synthetic polymers and functional coatings for marine antifouling.,,inline_search_batch8
812605285427314688,Recent Developments and Practical Feasibility of Polymer-Based Antifouling Coatings,聚合物基防污涂层的最新进展与实际可行性,Anna M. C. Maan; Anton H. Hofman; Wiebe M. de Vos; Marleen Kamperman,Advanced Functional Materials,2020,10.1002/adfm.202000936,121,"While nature has optimized its antifouling strategies over millions of years, synthetic antifouling coatings have not yet reached technological maturity. For an antifouling coating to become technically feasible, it should fulfill many requirements: high effectiveness, long-term stability, durability, ecofriendliness, large-scale applicability, and more. It is therefore not surprising that the search for the perfect antifouling coating has been going on for decades. With the discovery of metal-b",https://onlinelibrary.wiley.com/doi/10.1002/adfm.202000936,paper-results-PaperSearchToFile_1.json
812521675093442560,"Self-healing, highly elastic and amphiphilic silicone-based polyurethane for antifouling coatings",,Xiaobin Lin; Qingyi Xie; Chunfeng Ma; Guangzhao Zhang,Journal of Materials Chemistry B,2020,10.1039/D0TB02465A,11,Self-healing amphiphilic silicone polyurethane antifouling...,,inline_search
812681047719280642,Silicone-Based Fouling-Release Coatings for Marine Antifouling,用于海洋防污的有机硅基防污涂层,Peng Hu; Qingyi Xie; Chunfeng Ma; Guangzhao Zhang,Langmuir,2020,10.1021/acs.langmuir.9b03926,99,"Marine biofouling profoundly influences marine industries and activities. It slows the speed and increases the fuel consumption of ships, corrodes offshore platforms, and blocks seawater pipelines. The most effective and economical antifouling approach uses coatings. Fouling-release coatings (FRCs) with low surface free energy and high elasticity weakly adhere to marine organisms, so they can be readily removed by the water shear force. FRCs have attracted increasing interest because they are bi",https://pubs.acs.org/doi/10.1021/acs.langmuir.9b03926,paper-results-PaperSearchToFile_1.json
812544247713497088,Sol–Gel-Based Hybrid Materials as Antifouling and Fouling-Release Coatings for Marine Applications,基于溶胶-凝胶的杂化材料作为海洋应用中的防污和防污释放涂层,Robin Wanka; Julian Koc; Jessica Clarke; Kelli Z. Hunsucker; Geoffrey W. Swain; Nick Aldred; John A. Finlay; Anthony S. Clare; Axel Rosenhahn,ACS Applied Materials & Interfaces,2020,10.1021/acsami.0c15288,4,"Hybrid materials (HMs) offer unique properties as they combine inorganic and organic components into a single material. Here, we developed HM coatings for marine antifouling applications using sol–gel chemistry and naturally occurring polysaccharides. The coatings were characterized by spectroscopic ellipsometry, contact angle goniometry, AFM, and ATR-FTIR, and their stability was tested in saline media. Marine antifouling and fouling-release properties were tested in laboratory assays against t",https://pubs.acs.org/doi/10.1021/acsami.0c15288,paper-results-PaperSearchToFile_2.json
812664635927822338,Superhydrophilicity and strong salt-affinity: Zwitterionic polymer grafted surfaces with significant potentials particularly in biological systems,超亲水性和强盐亲和性：两性离子聚合物接枝表面具有显著潜力，尤其在生物系统中,Dongxiang Li; Qianling Wei; Chunxing Wu; Xiaofang Zhang; Qihao Xue; Taoran Zheng; Meiwen Cao,Advances in Colloid and Interface Science,2020,10.1016/j.cis.2020.102141,25,,https://www.sciencedirect.com/science/article/abs/pii/S0001868620300464,paper-results-PaperSearchToFile_1.json
812689661607542787,Surface Functionalization of Poly(N-Vinylpyrrolidone) onto Poly(Dimethylsiloxane) for Anti-Biofilm Application,,Trong-Nghia Le; Cheng-Kang Lee,Applied Biochemistry and Biotechnology,2020,10.1007/s12010-020-03238-5,11,Mussel-inspired PVP grafted onto PDMS via catechol chemistry for anti-biofilm antifouling application.,,inline_search_batch9
812594025038086144,Surface-Modifying Polymers for Blood-Contacting Polymeric Biomaterials,,Chung-Man Lim; Mei-Xian Li; Yoon Ki Joung,Advances in Experimental Medicine and Biology,2020,10.1007/978-981-15-3262-7_13,2,Surface-modifying amphiphilic polymers with fluorinated/PDMS low-surface-energy chains and PEG hydrophilic chains for anti-biofouling.,,inline_search_batch8
812658673322033152,The design and development of short peptide-based novel smart materials to prevent fouling by the formation of non-toxic and biocompatible coatings,,Amutha Arul; Subramaniyam Sivagnanam; Ananta Dey; Oindrilla Mukherjee; Soumyajit Ghosh; Priyadip Das,RSC Advances,2020,10.1039/C9RA10018K,8,Short peptide-based smart antifouling coatings; fluorinated aromatic peptides forming non-toxic coatings via drop-coating self-assembly.,,inline_search_batch11
812592731204354049,The role of artificial material for benthic communities – Establishing different concrete materials as hard bottom environments,人工材料对底栖生物群落的作用——将不同的混凝土材料构建为硬底质环境,Lydia R. Becker; Andreas Ehrenberg; Volkert Feldrappe; Ingrid Kröncke; Kai Bischof,Marine Environmental Research,2020,10.1016/j.marenvres.2020.105081,4,,https://www.sciencedirect.com/science/article/abs/pii/S0141113620302567,paper-results-PaperSearchToFile_2.json
812572880750510083,Towards cost-effective biofouling management in salmon aquaculture: a strategic outlook,salmon水产养殖中低成本生物污损管控：前景展望,Nina Bloecher; Oliver Floerl,Reviews in Aquaculture,2020,10.1111/raq.12498,7,"Biofouling is an ongoing challenge for marine salmon aquaculture, impacting farming operations, fish health and welfare. Current mitigation strategies employed in Norway and Scotland rely mainly on the use of antifouling coatings and reactive removal of biofouling. These approaches are not only costly and of limited efficacy, but also pose active risks and likely contribute to mortality of fish during grow-out at sea. Given the inefficiencies of current biofouling management approaches and the i",https://onlinelibrary.wiley.com/doi/10.1111/raq.12498,paper-results-PaperSearchToFile_1.json
812586124680626180,Using finite element analyses to assess the effect of a thickness gradient on the stress profile at the epoxy/silicone interface of thin coatings subjected to pull-off loading,,Melissa M. Gibbons; James G. Kohl,International Journal of Adhesion and Adhesives,2020,10.1016/j.ijadhadh.2020.102686,2,FEA of thickness gradient effect on stress at epoxy/silicone interface; foul-release depends on elastic modulus and coating thickness.,,inline_search_batch12
812645800331968514,Zwitterionic polymers and hydrogels for antibiofouling applications in implantable devices,用于可植入设备抗生物污损应用的两性离子聚合物和水凝胶,Nandanan Erathodiyil; Hsi-Min Chan; Hong Wu; Jackie Y. Ying,Materials Today,2020,10.1016/j.mattod.2020.03.024,27,,https://www.sciencedirect.com/science/article/abs/pii/S1369702120301012,paper-results-PaperSearchToFile_1.json
811786445684473857, Adsorption of Mussel Protein on Polymer Antifouling Membranes: A Molecular Dynamics Study ,贻贝蛋白在聚合物抗污膜上的吸附：分子动力学研究,Fengfeng Gao,Molecules,2021,10.3390/molecules26185660,3,"Biofouling is one of the most difficult problems in the field of marine engineering. In this work, molecular dynamics simulation was used to study the adsorption process of mussel protein on the surface of two antifouling films—hydrophilic film and hydrophobic film—trying to reveal the mechanism of protein adsorption and the antifouling mechanism of materials at the molecular level. The simulated conclusion is helpful to design and find new antifouling coatings for the experiments in the future.",https://www.mdpi.com/1420-3049/26/18/5660,paper-results-PaperSearchToFile_2.json
812288865443250177, The Application of UVC Used in Synergy with Surface Material to Prevent Marine Biofouling ,紫外线C与表面材料协同应用于海洋生物污损防控,Kailey N. Richard; Kelli Z. Hunsucker; Harrison Gardner; Kris Hickman; Geoffrey Swain,Journal of Marine Science and Engineering,2021,10.3390/jmse9060662,2,"Biofouling is problematic for the shipping industry and can lead to functional and financial setbacks. One possible means of biofouling prevention is the use of ultraviolet-C (UVC) light. Previous studies have investigated UVC with marine coatings, but the synergistic effect with color and surface material, specifically reflectance, has yet to be determined. This study comprised three parts: UVC and color (red vs. white), UVC and reflectance (stainless steel vs. polycarbonate), and UVC and expos",https://www.mdpi.com/2077-1312/9/6/662,paper-results-PaperSearchToFile_1.json
812479029964701696,A Brief Review on Conducting Polymer Nanocomposite Based Epoxy Coatings for Marine Applications,用于海洋应用的基于导电聚合物纳米复合材料的环氧涂料综述,A.M Fitriya; Syed Shahabuddin; Nanthini Sridewi; M. Norsyarizad; A.K. Pandey,IOP Conference Series: Materials Science and Engineering,2021,10.1088/1757-899X/1127/1/012013,2,"Recently, fouling has become the main concern in the marine, naval and shipping industries. Furthermore, fouling has caused an increase in ship drag and fuel consumption whilst reducing the hydrodynamic performance of ships. Marine structures that partly or fully submerged such as oilrigs, submarine pipes and marine buoys are also impacted. Therefore, research and numerous studies had conducted to propose the best antifouling coating. The main objective of this review is to provide an overview o",https://iopscience.iop.org/article/10.1088/1757-899X/1127/1/012013,paper-results-PaperSearchToFile_1.json
812473857372848130,Aggregation of Zoospores on Sharklet Microtopographic Surfaces,鲨鱼皮微地形表面上游动孢子的聚集,Nhung Thi Thuy Nguyen; Trinh Xuan Hoang,Communications in Physics,2021,10.15625/0868-3166/15668,0,"Surfaces with engineered microtopographies are potential candidate against biofouling to replace the use of biocides in the marine environment. Understanding the antifouling mechanism of microtopographic surfaces against marine microorganisms, however, has been limited. In this work, we theoretically studied the aggregation of Ulva linza zoospores on the Sharklet topographic surfaces by employing the extended Surface Energetic Attachment (SEA) model proposedin a previous work. The energy paramet",https://vjst.net/index.php/cip/article/view/15668,paper-results-PaperSearchToFile_2.json
812369114931658753,Application of green surfactants to control barnacle recruitment,,Maria da Gloria C. Silva; Anderson O. de Medeiros; Darne G. Almeida; Maria Eduarda P. da Silva; Hugo M. Meira; Leonie A. Sarubbo,Regional Studies in Marine Science,2021,10.1016/j.rsma.2021.101854,1,Green surfactants applied to control barnacle recruitment; ASTM D6990 antifouling field assessment.,,inline_search_batch9
812452137375105024,Assessment of the environmental compatibility and antifouling performance of an innovative biocidal and foul-release multifunctional marine coating,,Elisabete R. Silva; Ameessa V. Tulcidas; Olga Ferreira,Environmental Research,2021,10.1016/j.envres.2021.111219,7,Multifunctional marine coating biocidal foul-release environmental test...,,inline_search
seed_002,Biodegradable Polymer with Hydrolysis-Induced Zwitterions for Antibiofouling,,Unknown,Unknown,2021,,0,Biodegradable zwitterionic polymer antibiofouling,,user_upload
812519382876946433,"Biomimetic surface coatings for marine antifouling: Natural antifoulants, synthetic polymers and surface microtopography",用于海洋防污的仿生表面涂层：天然防污剂、合成聚合物和表面微观形貌,Liren Chen; Yanyi Duan; Mei Cui; Renliang Huang; Rongxin Su; Wei Qi; Zhimin He,The Science of The Total Environment,2021,10.1016/j.scitotenv.2020.144469,23,,https://www.sciencedirect.com/science/article/abs/pii/S0048969720380001,paper-results-PaperSearchToFile_2.json
817365286125568000,"Chemical Prevention and Control of the Green Tide and Fouling Organism Ulva: Key Chemicals, Mechanisms, and Applications",,Tao Tang; Kokoette Effiong; Jing Hu; Chao Li; Xi Xiao,Frontiers in Marine Science,2021,10.3389/fmars.2021.618950,20,"Review of chemical prevention and control of Ulva fouling: key allelochemicals, mechanisms and applications.",,inline_search_batch10
811635698808389633,Combination of AFM and Electrochemical QCM-D for Probing Zwitterionic Polymer Brushes in Water: Visualization of Ionic Strength and Surface Potential Effects,用于探测水中两性离子聚合物刷的原子力显微镜（AFM）与电化学石英晶体微天平（QCM-D）联用：离子强度和表面电势效应的可视化,Chia-Hsuan Lin; Shyh-Chyang Luo,Langmuir,2021,10.1021/acs.langmuir.1c02230,14,"The surface modification of soft zwitterionic polymer brushes with antifouling properties represents a facile approach to enhancing the performance of bioelectronics. Ionic strength and applied potentials play a crucial role in controlling polymer brushes’ conformation and hydration states. In this study, we quantitatively investigated and compared poly(2-methacryloyloxyethyl phosphorylcholine) (PMPC) and poly(sulfobetaine methacrylate) (PSBMA) brushes at different salt concentrations and applie",https://pubs.acs.org/doi/10.1021/acs.langmuir.1c02230,paper-results-PaperSearchToFile_1.json
812487097037357058,Comparative analysis of two isocyanate-free urethane-based gels for antifouling applications,两种用于防污应用的无异氰酸酯聚氨酯基凝胶的比较分析,Vishal Vignesh; Shane Stafslien; Morgan Evans; Kellen Wise; Alec Marmo; Michael Tonks; Anthony Brennan,Biofouling,2021,10.1080/08927014.2020.1870679,4,"Amphiphilic gels consisting of acrylamide (AAM)/2-hydroxyethyl methacrylate (HEMA), hexafluorobutyl methacrylate (HFBMA) and non-isocyanate urethane dimethacrylate (NIUDMA) of varying molecular weights were compared. A three-level Taguchi analysis was performed using the amount of AAM/HEMA, HFBMA, NIUDMA and reaction time as dependent variables to determine the optimal formulation of the gels with maximized toughness and elastic modulus. The results were compared with commercial AF/FR Intersleek",https://www.tandfonline.com/doi/abs/10.1080/08927014.2020.1870679,paper-results-PaperSearchToFile_1.json
813360583427489792,Comparison of Machine Learning Methods towards Developing Interpretable Polyamide Property Prediction,用于开发可解释聚酰胺性能预测的机器学习方法比较,Franklin Langlang Lee; Jaehong Park; Sushmit Goyal; Yousef Qaroush; Shihu Wang; Hong Yoon; Aravind Rammohan; Youngseon Shim,Polymers,2021,10.3390/polym13213653,2,"Polyamides are often used for their superior thermal, mechanical, and chemical properties. They form a diverse set of materials that have a large variation in properties between linear to aromatic compounds, which renders the traditional quantitative structure–property relationship (QSPR) challenging. We use extended connectivity fingerprints (ECFP) and traditional QSPR fingerprints to develop machine learning models to perform high fidelity prediction of glass transition temperature ( T g ), me",https://www.mdpi.com/2073-4360/13/21/3653,paper-results-PaperSearchToFile_2.json
812500301029310464,Dual approach of bimodality and nano-reinforcement towards toughened PDMS based foul release coatings,基于双峰分布和纳米增强的双方法制备用于防污释放涂层的增韧聚二甲基硅氧烷,Sangram K. Rath; S. Praveen; Jayesh G. Chavan; Srikanth Billa; T. Umasankar Patro; Manoranjan Patri,Journal of Coatings Technology and Research,2021,10.1007/s11998-020-00450-0,1,"It is well established that crosslinked polydimethylsiloxane (PDMS) based coatings have efficacious foul release characteristics. However, a trade-off between mechanical integrity of filled and crosslinked PDMS based coatings and their foul release performance has been a bottleneck for producing efficient and durable coatings. In the present study, we report a dual approach of nano-reinforcement of a bimodal PDMS network as a strategy to produce simultaneously reinforced and toughened PDMS netwo",https://link.springer.com/article/10.1007/s11998-020-00450-0,paper-results-PaperSearchToFile_1.json
813159764581154817,Effect of Network Topology on the Protein Adsorption Behavior of Hydrophilic Polymeric Coatings,,Hassan Ghermezcheshme; Mohsen Mohseni; Morteza Ebrahimi; Hesam Makki; Elisa Martinelli,ACS Applied Polymer Materials,2021,10.1021/acsapm.1c01071,7,Network topology protein adsorption hydrophilic polymeric antifouling,,inline_search_new
812487230567219200,Efficient Prevention of Marine Biofilm Formation Employing a Surface-Grafted Repellent Marine Peptide,,Moshe Herzberg; Mattias Berglin; Sarai Eliahu; Lovisa Bodin; Karin Agrenius; Amir Zlotkin; Johan Svenson,ACS Applied Bio Materials,2021,10.1021/acsabm.0c01672,3,Surface-grafted cyclic marine peptide for efficient prevention of marine biofilm formation; antifouling surface modification.,,inline_search_batch11
812473210443399169,Emerging trends in self-polishing anti-fouling coatings for marine environment,海洋环境用自抛光防污涂料的新趋势,Iheoma Chigoziri Nwuzor; Christopher Igwe Idumah; Simeon Chukwudozie Nwanonenyi; Obumneme Emmanuel Ezeani,Safety in Extreme Environments,2021,10.1007/s42797-021-00031-3,11,"The structural parts of marine architectures permanently submerged in sea-water (such as underwater pipelines, oil well-heads, platforms, ship-hulls, barges, jetties and so on) are basically made of metals, alloys, composites, blends and other materials. These architectures are prone to severe and deteriorative biofouling because their interactions with aquatic organisms on wet environment initiates the biofouling activities. Also, the consequential implications of biofouling on ship hulls, for ",https://link.springer.com/article/10.1007/s42797-021-00031-3,paper-results-PaperSearchToFile_2.json
811928266834182147,Evaluation of the Anti-fouling Efficacy of Bacillus licheniformis Extracts Under Environmental and Natural Conditions,,Andrea Muras; Severine Larroze; Celia Mayer; Tânia Teixeira; Reut Wengier; Yehuda Benayahu; Ana Otero,Frontiers in Marine Science,2021,10.3389/fmars.2021.711108,6,Evaluation of Bacillus licheniformis extract antifouling efficacy under field conditions using ASTM D3623 and D6990 panel standards.,,inline_search_batch9
812490376974696450,Fluoropolymers in biomedical applications: state-of-the-art and future perspectives,生物医学应用中的含氟聚合物：现状与未来展望,Jia Lv; Yiyun Cheng,Chemical Society Reviews,2021,10.1039/D0CS00258E,36,"Fluoropolymers have unique physicochemical properties such as hydrophobicity and lipophobicity, good chemical stability and bio-inertness, low surface energy and phase segregation. Owing to these properties, fluoropolymers have been widely used to prepare high performance materials. Especially, the use of fluoropolymers in biomedical applications has grown rapidly during the past decade. This critical review focuses on the recent advances of fluoropolymers in gene delivery, cytosolic protein del",https://pubs.rsc.org/en/content/articlelanding/2021/cs/d0cs00258e,paper-results-PaperSearchToFile_2.json
812573184795607041,Fouling resistant silicone coating with self-healing induced by metal coordination,,Peng Hu; Qingyi Xie; Chunfeng Ma; Guangzhao Zhang,Chemical Engineering Journal,2021,10.1016/j.cej.2020.126870,16,Metal coordination self-healing silicone antifouling...,,inline_search
811763785277636609,Imparting Strong Antifouling Properties to the Transparent PVB Coating through the Zwitterionic Compound Condensation,,Jianbin Zhang; Shangshang Bo; Haiyan Feng,Coatings,2021,10.3390/coatings11101164,1,Zwitterionic PVB antifouling coating...,,inline_search
813198480775315456,Integration of antifouling properties into epoxy coatings: a review,,P. Poornima Vijayan; Krzysztof Formela; Mohammad Reza Saeb; P. G. Chithra; Sabu Thomas,Journal of Coatings Technology and Research,2021,10.1007/s11998-021-00555-0,25,The ban on harmful biocides turned attentions toward nonsticky polymer surface coatings...,,inline_search
812496819979288577,Machine Learning-Enabled Design and Prediction of Protein Resistance on Self-Assembled Monolayers and Beyond,基于机器学习的自组装单分子层及其他体系中蛋白质抗性的设计与预测,Yonglan Liu; Dong Zhang; Yijing Tang; Yanxian Zhang; Yung Chang; Jie Zheng,ACS Applied Materials & Interfaces,2021,10.1021/acsami.1c00642,3,"The rational design of highly antifouling materials is crucial for a wide range of fundamental research and practical applications. The immense variety and complexity of the intrinsic physicochemical properties of materials (i.e., chemical structure, hydrophobicity, charge distribution, and molecular weight) and their surface coating properties (i.e., packing density, film thickness and roughness, and chain conformation) make it challenging to rationally design antifouling materials and reveal t",https://pubs.acs.org/doi/10.1021/acsami.1c00642,paper-results-PaperSearchToFile_2.json
812472977126850560,Machine Learning-Enabled Repurposing and Design of Antifouling Polymer Brushes,基于机器学习的防污聚合物刷的再利用与设计,Yonglan Liu; Dong Zhang; Yijing Tang; Yanxian Zhang; Xiong Gong; Shaowen Xie; Jie Zheng,Chemical Engineering Journal,2021,10.1016/j.cej.2021.129872,5,,https://www.sciencedirect.com/science/article/abs/pii/S138589472101456X,paper-results-PaperSearchToFile_2.json
812517233140957185,Mechanical Properties of Protective Coatings against Marine Fouling: A Review,,Alessandro Pistone; Cristina Scolaro; Annamaria Visco,Polymers,2021,10.3390/polym13020173,16,Mechanical properties of marine fouling protective coatings review...,,inline_search
812510460199829505,Membrane fouling by lysozyme: Effect of local interaction,溶菌酶引起的膜污染：局部相互作用的影响,Yunqiao Ma; Andrew L. Zydney; Jia Wei Chew,AIChE Journal,2021,10.1002/aic.17212,5,"Molecular dynamics simulations were performed to understand the adsorption of positive-charged lysozyme onto negative-charged polyvinylidene fluoride membrane at three pH and two ionic strengths. The lysozyme was initialized at six orientations at 10 Å from the membrane and adsorption was deemed to occur when the lysozyme is less than 4 Å from the membrane. Local interactions are clearly important: (i) despite opposite net charges, no adsorption occurs in some cases throughout; (ii) lysozyme-mem",https://onlinelibrary.wiley.com/doi/10.1002/aic.17212,paper-results-PaperSearchToFile_2.json
812514966551658498,Molecular simulations of charged complex fluids: A review,带电复杂流体的分子模拟：综述,Zhiyong Xu; Zhongjin He; Xuebo Quan; Delin Sun; Zhaohong Miao; Hai Yu; Shengjiang Yang; Zheng Chen; Jinxiang Zeng; Jian Zhou,Chinese Journal of Chemical Engineering,2021,10.1016/j.cjche.2020.11.036,3,,https://www.sciencedirect.com/science/article/pii/S1004954120307357,paper-results-PaperSearchToFile_1.json
813222075052326913,Nanocoating Is a New Way for Biofouling Prevention,纳米涂层是一种防止生物污垢的新方法,Santosh Kumar; Fei Ye; Sergey Dobretsov; Joydeep Dutta,Frontiers in Nanotechnology,2021,10.3389/fnano.2021.771098,21,"Biofouling is a major concern to the maritime industry. Biofouling increases fuel consumption, accelerates corrosion, clogs membranes and pipes, and reduces the buoyancy of marine installations, such as ships, platforms, and nets. While traditionally marine installations are protected by toxic biocidal coatings, due to recent environmental concerns and legislation, novel nanomaterial-based anti-fouling coatings are being developed. Hybrid nanocomposites of organic-inorganic materials give a poss",https://www.frontiersin.org/journals/nanotechnology/articles/10.3389/fnano.2021.771098/full,paper-results-PaperSearchToFile_1.json
seed_ml_001,Polymer Coating Materials and Their Fouling-Release Activity: A Cheminformatics Approach to Predict Properties,,Unknown,Unknown,2021,,0,Cheminformatics QSPR antifouling polymer fouling release,,user_upload
812478847290179584,Polymer informatics: Expert-in-the-loop in QSPR modeling of refractive index,聚合物信息学：折射率定量构效关系建模中的专家参与循环,Santiago A. Schustik; Fiorella Cravero; Ignacio Ponzoni; Mónica F. Díaz,Computational Materials Science,2021,10.1016/j.commatsci.2021.110460,3,,https://www.sciencedirect.com/science/article/abs/pii/S0927025621001853,paper-results-PaperSearchToFile_2.json
812474582458957824,Polymer-Based Coatings with Integrated Antifouling and Bactericidal Properties for Targeted Biomedical Applications,用于靶向生物医学应用的具有集成防污和杀菌性能的聚合物基涂层,Debirupa Mitra; En-Tang Kang; Koon Gee Neoh,ACS Applied Polymer Materials,2021,10.1021/acsapm.1c00125,15,"One of the most detrimental consequences of surface colonization by bacteria is healthcare-associated infections (HAIs), which contribute to increased patient mortality and morbidity. Medical devices inserted into the body provide a route for bacterial migration and conducive surfaces for their attachment and proliferation. Antibacterial coatings can potentially minimize bacterial colonization and consequently reduce the occurrence of HAIs. Antibacterial coatings function by either inhibiting th",https://pubs.acs.org/doi/10.1021/acsapm.1c00125,paper-results-PaperSearchToFile_1.json
812508269019922435,Predicting glass transition of amorphous polymers by application of cheminformatics and molecular dynamics simulations,通过应用化学信息学和分子动力学模拟预测非晶态聚合物的玻璃化转变,Anas Karuth; Amirhadi Alesadi; Wenjie Xia; Bakhtiyor Rasulev,Polymer,2021,10.1016/j.polymer.2021.123495,87,,https://www.sciencedirect.com/science/article/abs/pii/S003238612100118X,paper-results-PaperSearchToFile_2.json
812549217888239616,Quantification of Cu and Zn in antifouling paint films by XRF,,Maria Lagerström; Erik Ytreberg,Talanta,2021,10.1016/j.talanta.2020.121820,6,Quantification of copper zinc in antifouling paints...,,inline_search
812462017553104901,Recent developments in antimicrobial and antifouling coatings to reduce or prevent contamination and cross-contamination of food contact surfaces by bacteria,抗菌与防污涂层在减少或预防细菌对食品接触表面污染及交叉污染方面的最新研究进展,William DeFlorio; Shuhao Liu; Andrew R. White; Thomas Matthew Taylor; Luis Cisneros-Zevallos; Younjin Min; Ethan M. A. Scholar,Comprehensive Reviews in Food Science and Food Safety,2021,10.1111/1541-4337.12750,6,Illness as the result of ingesting bacterially contaminated foodstuffs represents a significant annual loss of human quality of life and economic impact globally. Significant research investment has recently been made in developing new materials that can be used to construct food contacting tools and surfaces that might minimize the risk of cross-contamination of bacteria from one food item to another. This is done to mitigate the spread of bacterial contamination and resultant foodborne illness,https://onlinelibrary.wiley.com/doi/10.1111/1541-4337.12750,paper-results-PaperSearchToFile_2.json
812324696446992384,Research progress of environmentally friendly marine antifouling coatings,环保型海洋防污涂料的研究进展,Mengyue Liu; Shaonan Li; Hao Wang; Rijia Jiang; Xing Zhou,Polymer Chemistry,2021,10.1039/d1py00512j,6,,https://www.sciencedirect.com/org/science/article/abs/pii/S1759995422014115,paper-results-PaperSearchToFile_1.json
812589774849179652,Special issue on advanced corrosion-resistance materials and emerging applications. The progress on antifouling organic coating: From biocide to biomimetic surface,先进耐腐蚀材料与新兴应用特刊。防污有机涂层的进展：从杀生剂到仿生表面,Xu Han; Jianhua Wu; Xianhui Zhang; Junyou Shi; Jiaxin Wei; Yang Yang; Bo Wu; Yonghui Feng,Journal of Materials Science and Technology,2021,10.1016/j.jmst.2020.07.002,24,"The advancement in material science and engineering technology has led to the development of antifouling (AF) coatings which are cheaper, durable, less toxic, and safe to the environment. The use of AF coatings containing tributyltin compounds was prohibited at the beginning of 2003, this necessitated the development of environmentally friendly coatings. The fouling release coating (FRC) lacks biocides and has low surface energy, low elastic modulus with smooth surface properties, hence a better",https://www.sciencedirect.com/science/article/abs/pii/S1005030220305570,paper-results-PaperSearchToFile_1.json
812347505533517825,Superior antifouling properties of a CoCrFeMnNi high-entropy alloy,,Sujung Son; Sinyang Kim; Jaeik Kwak; Gang Hee Gu; Dong Soo Hwang; Yong-Tae Kim; Hyoung Seop Kim,Materials Letters,2021,10.1016/j.matlet.2021.130130,5,CoCrFeMnNi high-entropy alloy superior antifouling; Ulva spore settlement density compared with 304 stainless steel.,,inline_search_batch10
811998960049717251,Synergistic Anti-inflammatory Coating on Polypropylene Hernia Mesh with Catechol and Zwitterionic Groups,,Yansha Qiao; Qian Zhang; Qian Wang; Jing Lin; Junshuo Wang; Yan Li; Lu Wang,ACS Applied Materials & Interfaces,2021,10.1021/acsami.1c09089,4,Tannic acid metal-phenolic network (MPN) coating with catechol and zwitterionic antifouling groups.,,inline_search_batch9
812267105352155136,Tailoring the Micro-galvanic Dissolution Behavior and Antifouling Performance Through Laminated-Structured Cu-X Composite Coating,,Kai Wang; Kangwei Xu; Jiajia Tian,Journal of Thermal Spray Technology,2021,10.1007/s11666-021-01211-0,7,Cu-Ni laminated antifouling coating marine...,,inline_search
812475946337566725,Urushiol titanium polymer-based composites coatings for anti-corrosion and antifouling in marine spray splash zones,,Ke Yang; Jipeng Chen; Lu Zheng,Journal of Applied Polymer Science,2021,10.1002/app.50861,3,Urushiol titanium composite coating antifouling anticorrosion...,,inline_search
812521421447102464,Wrapper-based feature selection using regression trees to predict intrinsic viscosity of polymer,基于包装器的特征选择方法，使用回归树预测聚合物的特性粘度,R. Mortazavi; S. Mortazavi; A. Troncoso,Engineering With Computers,2021,10.1007/s00366-020-01226-1,4,"This paper introduces different types of regression trees for viscosity property forecasting in polymer solutions. Although regression trees have been extensively used in other fields, they do not have been explored to predict the viscosity. One key issue in the context of materials science is to determine a priori which characteristics must be included to describe the prediction model due to a large number of molecular descriptors is obtained. To deal with this, we propose a wrapper method to s",https://link.springer.com/article/10.1007/s00366-020-01226-1,paper-results-PaperSearchToFile_2.json
813379998810374145,Zwitterionic Peptides Reduce Accumulation of Marine and Freshwater Biofilm Formers,,Cindy D. Beyer; Sugina Thavalingam; Tatiana Guseva; Lisa Schardt; Ralf Zimmermann; Carsten Werner; Pascal Dietze; Julia Elisabeth Bandow; Nils Metzler-Nolte; Axel Rosenhahn,ACS Applied Materials & Interfaces,2021,10.1021/acsami.1c13459,1,Zwitterionic peptides reduce marine and freshwater biofilm former accumulation; contact angle and biofilm attachment studies.,,inline_search_batch11
812528980212056064,Zwitterionic modified electrostatic flocking surfaces for diatoms and mussels resistance,用于抗硅藻和抗贻贝的两性离子改性静电植绒表面,Xingyang Xu; Kun Wang; Hui Guo; Gaohui Sun; Rongrong Chen; Jing Yu; Jingyuan Liu; Cunguo Lin; Jun Wang,Journal of Colloid and Interface Science,2021,10.1016/j.jcis.2020.12.036,7,,https://www.sciencedirect.com/science/article/pii/S0021979720316921,paper-results-PaperSearchToFile_1.json
817353356061179904, Comparative Study on the Degradation of Two Self-Polishing Antifouling Coating Systems with Copper-Based Antifouling Agents ,两种含铜基防污剂的自抛光防污涂层体系降解的对比研究,Hanlu Zhang; Jingyi Cao; Li Sun; Fabao Kong; Jianhua Tang; Xuhui Zhao; Yuming Tang; Yu Zuo,Coatings,2022,10.3390/coatings12081156,8,"The degradation processes of two self-polishing antifouling coatings containing copper-based agents (CuSCN and Cu 2 O) in 3.5% NaCl solution and the protection effect of the coating systems were studied by electrochemical impedance spectroscopy (EIS), Fourier transform infrared spectroscopy (FTIR) and scanning electron microscope (SEM/EDS) methods. The results demonstrate that after immersion for 1525 d at room temperature, the two coating systems still have very good protection property for the",https://www.mdpi.com/2079-6412/12/8/1156,paper-results-PaperSearchToFile_1.json
813007537178673153, Mechanically Enhanced Self-Stratified Acrylic/Silicone Antifouling Coatings ,力学增强型自分层丙烯酸/有机硅防污涂料,Jingjing Xue; Li Wang; Yong Fan; Jianing Xu; Jie Zhao; Limei Tian; Wenbo Du,Coatings,2022,10.3390/coatings12020232,10,"Great attention has been paid to silicone-based fouling-release coatings (FRCs) in the realm of maritime antifouling due to their highly efficient and eco-friendly properties, but many challenges remain for developing a silicone-based FRC that improves its adhesion performance without reducing the antifouling property. Herein, a non-toxic silicone-based FRC has been developed by integrating acrylic resin (AR) with a silicon resin (PDMS) to spontaneously form a self-stratified AR/PDMS coating. Th",https://www.mdpi.com/2079-6412/12/2/232,paper-results-PaperSearchToFile_1.json
817403929816989700, Molecular Dynamics Study on Properties of Hydration Layers above Polymer Antifouling Membranes ,聚合物抗污膜表面水化层性质的分子动力学研究,Heng Zhang; Jiyong Zheng; Cunguo Lin; Shiling Yuan,Molecules,2022,10.3390/molecules27103074,0,"Zwitterionic polymers as crucial antifouling materials exhibit excellent antifouling performance due to their strong hydration ability. The structure–property relationship at the molecular level still remains to be elucidated. In this work, the surface hydration ability of three antifouling polymer membranes grafting on polysiloxane membranes Poly(sulfobetaine methacrylate) (T4-SB), poly(3-(methacryloyloxy)propane-1-sulfonate) (T4-SP), and poly(2-(dimethylamino)ethyl methacrylate) (T4-DM) was in",https://www.mdpi.com/1420-3049/27/10/3074,paper-results-PaperSearchToFile_2.json
817337654071787520,A computational model for microbial colonization of an antifouling surface,一种用于防污表面微生物定殖的计算模型,Patrick Sinclair; Jennifer Longyear; Kevin Reynolds; Alistair A. Finnie; Chris A. Brackley; Martín Carballo-Pacheco; Rosalind J. Allen,Frontiers in Microbiology,2022,10.3389/fmicb.2022.920014,0,"Biofouling of marine surfaces such as ship hulls is a major industrial problem. Antifouling (AF) paints delay the onset of biofouling by releasing biocidal chemicals. We present a computational model for microbial colonization of a biocide-releasing AF surface. Our model accounts for random arrival from the ocean of microorganisms with different biocide resistance levels, biocide-dependent proliferation or killing, and a transition to a biofilm state. Our computer simulations support a picture i",https://www.frontiersin.org/journals/microbiology/articles/10.3389/fmicb.2022.920014/full,paper-results-PaperSearchToFile_1.json
814620349818732545,A metallic anti-biofouling surface with a hierarchical topography containing nanostructures on curved micro-riblets,一种具有分级形貌的金属抗生物污染表面，在弯曲的微肋条上含有纳米结构,Taekyung Kim; Sunmok Kwon; Jeehyeon Lee; Joon Sang Lee; Shinill Kang,Microsystems & Nanoengineering,2022,10.1038/s41378-021-00341-3,1,"Metallic surface finishes have been used in the anti-biofouling, but it is very difficult to produce surfaces with hierarchically ordered structures. In the present study, anti-biofouling metallic surfaces with nanostructures superimposed on curved micro-riblets were produced via top-down fabrication. According to the attachment theory, these surfaces feature few attachment points for organisms, the nanostructures prevent the attachment of bacteria and algal zoospores, while the micro-riblets pr",https://www.nature.com/articles/s41378-021-00341-3,paper-results-PaperSearchToFile_2.json
817356251900936192,A study on the effect of surface topography of antifouling coatings on the settlement of fouling organisms,一项关于防污涂层表面形貌对污损生物附着影响的研究,Pooneh Kardar; Reza Amini,Pigment & Resin Technology,2022,10.1108/PRT-08-2022-0097,1,,https://www.emerald.com/insight/content/doi/10.1108/prt-08-2022-0097/full/html,paper-results-PaperSearchToFile_2.json
814547515956264960,Anti-barnacle biofouling coatings for the protection of marine vessels: synthesis and progress,用于保护船舶的防藤壶生物污损涂层：合成与进展,Pramit Kumar Sarkar; Sushil S. Pawar; Sangram K. Rath; Balasubramanian Kandasubramanian,Environmental Science and Pollution Research,2022,10.1007/s11356-021-18404-3,0,"Marine biofouling has gnawed both mobile and non-mobile marine structures since time immemorial, leading to the deterioration of designed operational capabilities as well as a loss of valuable economic revenues. Mitigation of biofouling has been the primary focus of researchers and scientists from across the globe to save billions of dollars wasted due to the biological fouling of marine structures. The availability of an appropriate environment along with favorable substrata initiates biofilm f",https://link.springer.com/article/10.1007/s11356-021-18404-3,paper-results-PaperSearchToFile_1.json
812811379575619592,"Antifouling nanocomposite polymer coatings for marine applications: A review on experiments, mechanisms, and theoretical studies",用于海洋应用的防污纳米复合聚合物涂层：关于实验、机理及理论研究的综述,Sepideh Pourhashem; Abdolvahab Seif; Farhad Saba; Elham Garmroudi Nezhad; Xiaohong Ji; Ziyang Zhou; Xiaofan Zhai; Majid Mirzaee; Jizhou Duan; Alimorad Rashidi; Baorong Hou,Journal of Materials Science and Technology,2022,10.1016/j.jmst.2021.11.061,1,"Marine fouling is a worldwide challenge with huge damages on industrial structures, side effects on economics of industries, and environmental and safety-related hazards. Different approaches have been used for combating fouling in the marine environment. Meanwhile, nanocomposite polymer coatings are a novel generation of antifouling coatings with merits of toxin-free chemical composition and ease of large-scale application. Nanomaterials such as nano-metals, nano-metal oxides, metal-organic fra",https://www.sciencedirect.com/science/article/abs/pii/S1005030222001372,paper-results-PaperSearchToFile_2.json
817341242747650050,Application of Machine Learning in Developing Quantitative Structure-Property Relationship for Electronic Properties of Polyaromatic Compounds,,Tuan H. Nguyen; Lam H. Nguyen; Thanh N. Truong,ACS Omega,2022,10.1021/acsomega.2c02650,6,Machine learning QSPR polyaromatic compounds electronic properties,,inline_search_new
1112328453216010240,Application of functional polymer materials for marine anti-fouling,,Y. Qi,Highlights in Science Engineering and Technology,2022,10.54097/hset.v13i.1347,0,Progress of functional polymer materials for marine antifouling coatings.,,inline_search_batch8
812796368312598528,Bioinspired Self-Adhesive Lubricating Copolymer with Bacteriostatic and Bactericidal Synergistic Effect for Marine Biofouling Prevention,具有抑菌和杀菌协同效应的仿生自粘润滑共聚物用于海洋生物污损防治,Zhenghui Qin; Jing Zhao; Haimang Wang; Bo Wang; Liang Zheng; Hongyu Zhang,ACS Applied Polymer Materials,2022,10.1021/acsapm.2c00112,7,"Biofouling causes numerous adverse impacts on devices and instruments in a marine environment. The main purpose of the present study is to develop a bioinspired and eco-friendly coating for inhibiting marine biofouling. Herein, based on a bacteriostatic and bactericidal synergistic method, we reported a self-adhesive lubricating copolymer with functional pendant groups, which was synthesized by free radical polymerization using dopamine methacrylamide (DMA), 2-methacryloyloxyethyl phosphorylchol",https://pubs.acs.org/doi/10.1021/acsapm.2c00112,paper-results-PaperSearchToFile_1.json
812291410500780033,Combinatorial Polyacrylamide Hydrogels for Preventing Biofouling on Implantable Biosensors,用于防止可植入生物传感器生物污染的组合式聚丙烯酰胺水凝胶,Doreen Chan; Jun-Chau Chien; Eneko Axpe; Louis Blankemeier; Samuel W. Baker; Sarath Swaminathan; Victoria A. Piunova; Dmitry Yu. Zubarev; Caitlin L. Maikawa; Abigail K. Grosskopf; Joseph L. Mann; H. Tom Soh; Eric A. Appel,Advanced Materials,2022,10.1002/adma.202109764,84,"Biofouling on the surface of implanted medical devices and biosensors severely hinders device functionality and drastically shortens device lifetime. Poly(ethylene glycol) and zwitterionic polymers are currently considered “gold-standard” device coatings to reduce biofouling. To discover novel anti-biofouling materials, a combinatorial library of polyacrylamide-based copolymer hydrogels is created, and their ability is screened to prevent fouling from serum and platelet-rich plasma in a high-thr",https://onlinelibrary.wiley.com/doi/10.1002/adma.202109764,paper-results-PaperSearchToFile_2.json
812834638643855361,Developments in smart organic coatings for anticorrosion applications: a review,用于防腐应用的智能有机涂层的发展：综述,Deepa Thomas; Reshmy R; Eapen Philip; Raveendran Sindhu; Sarah B. Ulaeto; Arivalagan Pugazhendhi; Mukesh Kumar Awasthi,Biomass Conversion and Biorefinery,2022,10.1007/s13399-022-02363-x,0,"Metal corrosion is one of the key challenges for materials scientists. This natural process creates loses in a variety of industries and necessitates enormous efforts to mitigate its effects. Organic coatings are still the most commonly utilised technique for protecting metallic materials against corrosion. They have opened a new field of research for obtaining coatings with better performance, lifetime, and customized features. While they have excellent anticorrosive characteristics, they must ",https://link.springer.com/article/10.1007/s13399-022-02363-x,paper-results-PaperSearchToFile_1.json
812456084605239297,Hagfish-inspired Smart SLIPS Marine Antifouling Coating Based on Supramolecular: Lubrication Modes Responsively Switching and Self-healing Properties,,Zheming Tong; Lina Song; Sifan Chen; Jiankun Hu; Yang Hou; Quan Liu; Yongyuan Ren; Xiaoli Zhan; Qinghua Zhang,Advanced Functional Materials,2022,10.1002/adfm.202201290,80,"Hagfish-inspired supramolecular SLIPS marine antifouling coating; responsive lubrication switching, self-healing, pseudobarnacle removal and marine field test.",,inline_search_batch12
817341064229683201,Highly Stable and Transparent Slippery Surface on Silica Glass Fabricated by Femtosecond Laser,飞秒激光制备的超稳定透明二氧化硅玻璃超滑表面,Jie Liang; Chao Shan; Hao Wang; Tao Hu; Qing Yang; Haoyu Li; Xun Hou; Feng Chen,Advanced Engineering Materials,2022,10.1002/adem.202200708,6,"Underwater optical window plays an important role in ocean detection. Studies show that marine biofouling is one of the biggest challenges that affect the performance of the optical window. Recently, nepenthes-inspired lubrication-infused slippery surfaces (SLIPS) with excellent anti-biological adsorption features have been widely used to resolve this problem. However, low mechanical resistance and the easy loss of infused lubricants affect the slippery capability of this method. In the present ",https://onlinelibrary.wiley.com/doi/10.1002/adem.202200708,paper-results-PaperSearchToFile_2.json
817346854650904576,"Influence of coating type, colour, and deployment timing on biofouling by native and non-native species in a marine renewable energy context",在海洋可再生能源背景下，涂层类型、颜色及铺设时间对本地和非本地物种生物污损的影响 ,Christopher R. Nall; Marie-Lise Schläppy; Elizabeth J. Cottier-Cook; Andrew J. Guerin,Biofouling,2022,10.1080/08927014.2022.2121209,2,"Biofouling on marine renewable energy devices presents engineering challenges for this developing sector, and has implications for the spread of marine non-native species (NNS) in coastal waters. This is particularly true at sites with abundant energy resource, little existing infrastructure, and few established NNS. Device coatings, such as antifouling paints, could reduce the risk of NNS spread. Settlement on coatings of various types and colours, representing those likely to be used on renewa",https://www.tandfonline.com/doi/abs/10.1080/08927014.2022.2121209,paper-results-PaperSearchToFile_1.json
812760406073278465,Influence of different silicone oils on properties of MWCNTs-OH/PDMS coatings,不同硅油对多壁碳纳米管-羟基/聚二甲基硅氧烷涂层性能的影响,Qi'an Chen; Zhanping Zhang; Yuhong Qi,Surface Engineering,2022,10.1080/02670844.2022.2062114,6,"To research the influence of different silicone oil on the properties of the coatings based on polydimethylsiloxane (PDMS) reinforced by hydroxylated multi-walled carbon nanotubes, phenylmethyl silicone oil (PSO), methyl silicone oil (MSO), and the blend of PSO and MSO were incorporated into the antifouling coatings. The surface properties and leaching of silicone oil were investigated by water and diiodomethane contact angle and confocal laser scanning microscopy (CLSM). The mechanical properti",https://journals.sagepub.com/doi/abs/10.1080/02670844.2022.2062114,paper-results-PaperSearchToFile_1.json
seed_003,Kill-Resist-Renew Trinity Hyperbranched Polymer with Self-Regenerating Attack and Defense for Antifouling Coatings,,Unknown,Unknown,2022,,0,Hyperbranched polymer self-regenerating antifouling,,user_upload
seed_ml_003,Learning Matter: Materials Design with Machine Learning and Atomistic Simulations,,Unknown,Unknown,2022,,0,ML materials design atomistic simulation,,user_upload
864982928130572611,Modeling Polyzwitterion-Based Drug Delivery Platforms: A Perspective of the Current State-of-the-Art and Beyond,基于聚两性离子的药物递送平台建模：当前技术水平及未来展望,Sousa Javan Nikkhah; Matthias Vandichel,ACS Engineering Au,2022,10.1021/acsengineeringau.2c00008,24,"Drug delivery platforms are anticipated to have biocompatible and bioinert surfaces. PEGylation of drug carriers is the most approved method since it improves water solubility and colloid stability and decreases the drug vehicles’ interactions with blood components. Although this approach extends their biocompatibility, biorecognition mechanisms prevent them from biodistribution and thus efficient drug transfer. Recent studies have shown (poly)zwitterions to be alternatives for PEG with superior",https://pubs.acs.org/doi/10.1021/acsengineeringau.2c00008,paper-results-PaperSearchToFile_2.json
817354515941425153,Molecular design of monomers by considering the dielectric constant and stability of the polymer,,Hiroaki Taniwaki; Hiromasa Kaneko,Polymer Engineering & Science,2022,10.1002/pen.26058,4,QSPR polymer property machine learning monomer design...,,inline_search
817054178525315087,Molecular dynamics study on adsorption and desorption of lysozyme above polymer antifouling membranes,聚合物防污膜上方溶菌酶吸附与解吸的分子动力学研究,Heng Zhang; Jiyong Zheng; Cunguo Lin; Shiling Yuan,Colloids and Surfaces A Physicochemical and Engineering Aspects,2022,10.1016/j.colsurfa.2022.129466,9,,https://www.sciencedirect.com/science/article/abs/pii/S0927775722012213,paper-results-PaperSearchToFile_2.json
812728232540372993,Pigmented silicone/epoxy novel blends for preparation of stratified nontoxic foul release coatings,,Sushil S. Pawar; R. Baloji Naik; Sangram K. Rath; T. K. Mahato; Balasubramanian Kandasubramanian,Journal of Coatings Technology and Research,2022,10.1007/s11998-022-00610-4,2,Pigmented silicone/epoxy stratified nontoxic foul-release coatings; pseudobarnacle adhesion test release forces 0.42-0.71 MPa vs 2.04 MPa conventional.,,inline_search_batch12
814620244810137601,Potential disruptive effects of copper-based antifouling paints on the biodiversity of coastal macrofouling communities,铜基防污漆对沿海大型污损生物群落生物多样性的潜在破坏作用,Francesca Cima; Roberta Varello,Environmental Science and Pollution Research,2022,10.1007/s11356-021-17940-2,14,"The expanded use of copper(I)-based antifouling paints (AF) has increased copper leaching into coastal environments, requiring attention and legislative restrictions for potential long-term effects on benthic populations. The ecological succession of macrofouling communities was analysed on wooden and stainless steel panels coated with four copper(I)-based AF (Paints A–D) immersed for 10 months in the Lagoon of Venice. With the exception of Paint B, which contained only copper(I) compounds and w",https://link.springer.com/article/10.1007/s11356-021-17940-2,paper-results-PaperSearchToFile_1.json
813016099544104960,Predicting Antifouling Activity and Acetylcholinesterase Inhibition of Marine-Derived Compounds Using a Computer-Aided Drug Design Approach,,Susana P. Gaudêncio; Florbela Pereira,Marine Drugs,2022,10.3390/md20020129,13,QSAR model for marine antifouling compound prediction...,,inline_search
817402804946599937,Preparation and evaluation of organosilica nanocapsules encapsulating DCOIT by using the response surface optimization,基于响应面优化法的包载二氯异氰尿酸钠的有机硅纳米胶囊的制备与评价,Huatong Liu; Tao Lu; Xueqing Cheng; Shigui Zhao; Chuanjian Zhou; Chen Zhang; Xiao Cheng,Journal of Applied Polymer Science,2022,10.1002/app.53000,0,"Antifouling agent 4, 5-dichloro-2-n-octyl-4-isothiazolin-3-one (DCOIT) in a one-stage process based on the self-catalytic reaction between methyl trimethoxysilane (MTMS) and 3-aminopropyl trimethoxysilane (APS) in an aqueous system without any surfactants and catalysts have been developed. The optimal preparation process parameters of organosilica nanocapsules encapsulating DCOIT (DCOIT@SiNC) were determined using response surface methodology (RSM) based on the single-factor experimental results",https://onlinelibrary.wiley.com/doi/10.1002/app.53000,paper-results-PaperSearchToFile_1.json
817402210366259201,Preparation of PEO/polymer coatings on aluminum alloy with antifouling properties,具有防污性能的铝合金上聚环氧乙烷/聚合物涂层的制备,U. Kharchenko; I. Beleneva; V. Egorkin; I. Vyalyi; N. Izotov; A. Tsvetnikov; A. Karpenko; Chi V. Nguyen,Journal of Coatings Technology and Research,2022,10.1007/s11998-022-00706-x,2,"A study on the development of an effective composition of polymeric antifouling coating based on acrylic copolymer with microencapsulated extract of natural origin and superdispersed polytetrafluoroethylene was carried out. A Raman spectroscopy study of the bacterial extract composition showed that the main component was a polyene pigment with 5 conjugated bonds. Encapsulation of ethyl acetate extract of Pseudoalteromonas piscicida 2202 was carried out, two types of microcapsules containing the ",https://link.springer.com/article/10.1007/s11998-022-00706-x,paper-results-PaperSearchToFile_1.json
812838465623293954,Proactive In-Water Ship Hull Grooming as a Method to Reduce the Environmental Footprint of Ships,,Geoffrey Swain; Caglar Erdogan; Lauren Foy; Harrison Gardner; Michael Harper; John Hearin; Kelli Z. Hunsucker; J. Travis Hunsucker; K. Lieberman; Mark Nanney,Frontiers in Marine Science,2022,10.3389/fmars.2021.808549,19,In-water hull grooming to reduce environmental footprint; coating damage and copper release assessment for antifouling paints.,,inline_search_batch12
817368709730402305,Recent advances and challenges in experiment-oriented polymer informatics,面向实验的聚合物信息学的最新进展与挑战,Kan Hatakeyama-Sato,Polymer Journal,2022,10.1038/s41428-022-00734-9,15,"This review summarizes recent advances in experimental polymer chemistry supported by data science. The area of polymer informatics is rapidly growing based on cheminformatics, materials informatics, and data science platforms. Data-driven analyses, predictions, and suggestions for experimental polymer research are becoming more practical, and machine learning models can now predict various macromolecular properties with reasonable accuracy. At the same time, the limitations of current polymer i",https://www.nature.com/articles/s41428-022-00734-9,paper-results-PaperSearchToFile_2.json
817367731710984197,Recent advances in superhydrophobic surfaces for practical applications: A review,用于实际应用的超疏水表面的最新进展：综述,Muhammad Zaman Khan; Jiri Militky; Michal Petru; Blanka Tomková; Azam Ali; Elçin Tören; Sajida Perveen,European Polymer Journal,2022,10.1016/j.eurpolymj.2022.111481,63,,https://www.sciencedirect.com/science/article/abs/pii/S0014305722004852,paper-results-PaperSearchToFile_1.json
817055307929747457,Research progress on hydrogel materials and their antifouling properties,水凝胶材料及其抗污性能的研究进展,Dan Su; Xiuqin Bai; Xiaoyan He,European Polymer Journal,2022,10.1016/j.eurpolymj.2022.111665,22,,https://www.sciencedirect.com/science/article/abs/pii/S0014305722006693,paper-results-PaperSearchToFile_2.json
seed_005,Role of Backbone Chemistry and Monomer Sequence in Amphiphilic Oligopeptide and Oligopeptoid Functionalized PDMS,,Unknown,Unknown,2022,,0,PDMS amphiphilic oligopeptide backbone antifouling,,user_upload
817402209258962945,Silica aerogel-encapsulated biocide crystals for low-loading antifouling coatings,,Tenna Frydenberg; Claus Erik Weinell; Kim Dam-Johansen,Journal of Coatings Technology and Research,2022,10.1007/s11998-022-00713-y,1,Silica aerogel biocide encapsulation antifouling...,,inline_search
817350696780169217,"Simultaneous realization of antifouling, self-healing, and strong substrate adhesion via a bioinspired self-stratification strategy",,Peng Hu; Ru Xie; Qingyi Xie; Chunfeng Ma; Guangzhao Zhang,Chemical Engineering Journal,2022,10.1016/j.cej.2022.137875,39,Bioinspired self-stratification antifouling self-healing...,,inline_search
812370601254584321,Surface Hydration and Antifouling Activity of Zwitterionic Polymers,两性离子聚合物的表面水合作用与抗污活性,Zhan Chen,Langmuir,2022,10.1021/acs.langmuir.2c00512,56,"It is believed that the strong surface hydration of zwitterionic polymers leads to excellent antifouling properties. This Perspective presents the recent developments in studies on such surface hydration in situ using sum frequency generation (SFG) vibrational spectroscopy. SFG research provides direct molecular level evidence that zwitterionic polymers have strong surface hydration, which prevents protein adsorption and marine animal attachment. The salt effect and protein interaction on surfac",https://pubs.acs.org/doi/10.1021/acs.langmuir.2c00512,paper-results-PaperSearchToFile_2.json
817358144555450369,Tailoring Diffusional Fields in Zwitterion/Dopamine Copolymer Electropolymerized at Carbon Nanowalls for Sensitive Recognition of Neurotransmitters,在碳纳米壁上电聚合的两性离子/多巴胺共聚物中定制扩散场用于神经递质的灵敏识别,Adrian Olejnik; Mateusz Ficek; Marek Szkodo; Alicja Stanisławska; Jakub Karczewski; Jacek Ryl; Anna Dołęga; Katarzyna Siuzdak; Robert Bogdanowicz,ACS Nano,2022,10.1021/acsnano.2c06406,23,"The importance of neurotransmitter sensing in the diagnosis and treatment of many psychological illnesses and neurodegenerative diseases is non-negotiable. For electrochemical sensors to become widespread and accurate, a long journey must be undertaken for each device, from understanding the materials at the molecular level to real applications in biological fluids. We report a modification of diamondized boron-doped carbon nanowalls (BCNWs) with an electropolymerized polydopamine/polyzwitterion",https://pubs.acs.org/doi/10.1021/acsnano.2c06406,paper-results-PaperSearchToFile_1.json
817362346870571008,The Effect of Grooming on Five Commercial Antifouling Coatings,表面处理对五种商用防污涂料的影响,Emily Ralston; Harrison Gardner; Kelli Zargiel Hunsucker; Geoffrey Swain,Frontiers in Marine Science,2022,10.3389/fmars.2022.836555,4,"The majority of ships are coated with antifouling paint. These coatings can fail to completely protect from fouling due to mismatches between paint type and duty cycle, the presence of biocide tolerant fouling organisms, improperly applied, old or damaged paint, etc. Grooming antifouling coatings can provide a solution. Five commercially available antifouling coatings were applied to panels. Half of the replicates were groomed weekly, the other half were immersed and allowed to freely foul, undi",https://www.frontiersin.org/journals/marine-science/articles/10.3389/fmars.2022.836555/full,paper-results-PaperSearchToFile_1.json
812842859983011841,Thermal Spray Coatings for Protection Against Microbiologically Induced Corrosion: Recent Advances and Future Perspectives,用于防止微生物诱导腐蚀的热喷涂涂层：最新进展与未来展望,Jianxin Wen; Hua Li,Journal of Thermal Spray Technology,2022,10.1007/s11666-022-01345-9,13,"Corrosion has been persisting as the most severe concern for steel structures in the marine environment. Due to the widespread occurrence of biofouling, apart from the electrochemical corrosion, microbiologically induced corrosion (MIC) is an important factor that triggers the deterioration of marine steel infrastructures. Traditional anti-corrosion coatings usually lack the antifouling function, attachment and colonization of marine microorganisms therefore in most cases accelerate the existing",https://link.springer.com/article/10.1007/s11666-022-01345-9,paper-results-PaperSearchToFile_1.json
812546510666334209,Tunable Protein Adsorption by Zwitterionic Spherical Poly(CBAA) Brushes Prepared via Photoemulsion Polymerization,通过光乳液聚合制备的两性离子球形聚（羧基甜菜碱丙烯酸酯）刷实现的可调谐蛋白质吸附,Chen Hua; Ziwei Li; Kaimin Chen; Liang Sun; Liang Yu; Xuhong Guo,Industrial & Engineering Chemistry Research,2022,10.1021/acs.iecr.2c00075,3,"Zwitterionic polymer brushes are well-known as excellent hydrophilic and antifouling materials. However, they demonstrate a certain degree of adsorption for proteins and other substances in practical application, and little research has been conducted into this area. Herein, a facile and efficient approach was employed to prepare zwitterionic spherical polymer brushes, polystyrene-poly(2-carboxy-N,N-dimethyl-N-(3′-acrylamidopropyl) ethanaminium inner salt) brushes (PS–PCBAA brushes). Specificall",https://pubs.acs.org/doi/10.1021/acs.iecr.2c00075,paper-results-PaperSearchToFile_1.json
906721382170100389, Anti-Fouling Properties of Phosphonium Ionic Liquid Coatings in the Marine Environment ,海洋环境中鏻离子液体涂层的防污性能,Sajith Kaniyadan Baiju; Brent James Martin; Rayleen Fredericks; Harikrishnan Raghavan; Karnika De Silva; Matthew Greig Cowan,Polymers,2023,10.3390/polym15183677,0,"Biofouling is the buildup of marine organisms on a submerged material. This research tests the efficacy of phosphonium ion gels comprising phosphonium monomers ([P 444VB ][AOT] and [P 888VB ][AOT]) and free ionic liquid ([P 4448 ][AOT], [P 88814 ][AOT]) (10 to 50 wt%), varying copper(II) oxide biocide concentrations (0 to 2 wt%), and the docusate anion [AOT] − for added hydrophobicity. The efficacy of these formulations was tested using a seachest simulator protected from light and tidal current",https://www.mdpi.com/2073-4360/15/18/3677,paper-results-PaperSearchToFile_1.json
830759245103235073, Degradation of Two Anti-Corrosion and Anti-Fouling Coating Systems in Simulated Diurnal Cycling Immersion ,两种防腐防污涂层体系在模拟昼夜循环浸泡中的降解,Hanlu Zhang; Fabao Kong; Yiyang Chen; Xuhui Zhao; Yuming Tang; Yu Zuo,Coatings,2023,10.3390/coatings13020389,1,"The degradation process and the electrochemical behavior of two anti-corrosion and anti-fouling coating systems (FW-1 and FW-2) in a simulated diurnal cycling immersion environment (3.5% NaCl, 35 °C 12 h + 25 °C 12 h) were investigated by electrochemical impedance spectroscopy (EIS) technology. Combined with the coating gloss, color difference, adhesion strength and scanning electron microscopy (SEM) tests, the micro morphologies and the variations of the performance parameters were comparativel",https://www.mdpi.com/2079-6412/13/2/389,paper-results-PaperSearchToFile_1.json
876774801182556160, Global Changes Alter the Successions of Early Colonizers of Benthic Surfaces ,全球变化改变了底栖表面早期定殖者的演替过程,Emanuele Somma; Antonio Terlizzi; Maria Costantini; Madalena Madeira; Valerio Zupo,Journal of Marine Science and Engineering,2023,10.3390/jmse11061232,0,"The successions of benthic communities over time are strongly influenced by the first colonizers, because surface associations are facilitated by modifications to the adhesive properties promoted by primary colonizers, such as bacteria, protozoans, diatoms, algal propagules, spores, and invertebrate larvae. Bacteria are often the first colonizers on marine submerged surfaces, both organic (e.g., algae, seagrasses and invertebrates) and inorganic. However, they are promptly followed by diatoms an",https://www.mdpi.com/2077-1312/11/6/1232,paper-results-PaperSearchToFile_2.json
909980427811291911, Integration of Antifouling and Anti-Cavitation Coatings on Propellers: A Review ,螺旋桨防污与抗空泡涂层一体化研究综述,Jingying Zhang; Weihua Qin; Wenrui Chen; Zenghui Feng; Dongheng Wu; Lanxuan Liu; Yang Wang,Coatings,2023,10.3390/coatings13091619,1,"The performance of an entire ship is increasingly impacted by propellers, which are the essential components of a ship’s propulsion system that have growing significance in a variety of aspects. Consequently, it has been a hot research topic and a challenge to develop high-performance antifouling and anti-cavitation coatings due to the issue of marine biofouling and cavitation faced by propellers in high-intensity service. While there is an overwhelming number of publications on antifouling and ",https://www.mdpi.com/2079-6412/13/9/1619,paper-results-PaperSearchToFile_1.json
855756421596184577, Polyether-Thiourea-Siloxane Copolymer Based on H-Bonding Interaction for Marine Antifouling ,基于氢键相互作用的聚醚-硫脲-硅氧烷共聚物用于海洋防污,Mengyu Li; Liyang Nan; Boxuan Zhang; Junjun Kong; Yufeng Wang; Miao Ba,Molecules,2023,10.3390/molecules28083574,3,"By introducing thiourea and ether groups into MQ silicone resin polymer via free radical polymerization, a polyether-thiourea-siloxane (PTS) copolymer was synthesized. The characterization of the synthesized copolymer indicated the occurrence of H-bonding interactions and a narrow molecular weight polydispersity index. Antifouling coatings were produced by incorporating the synthesized copolymer and phenylmethylsilicone oil (PSO). The addition of a minute amount of copolymer enhanced the hydroph",https://www.mdpi.com/1420-3049/28/8/3574,paper-results-PaperSearchToFile_1.json
875707754944135187, Research Progress on New Environmentally Friendly Antifouling Coatings in Marine Settings: A Review ,,De Liu; Haobo Shu; Jiangwei Zhou; Xiuqin Bai; Pan Cao,Biomimetics,2023,10.3390/biomimetics8020200,21,"Any equipment submerged in the ocean will have its surface attacked by fouling organisms, which can cause serious damage. Traditional antifouling coatings contain heavy metal ions, which also have a detrimental effect on the marine ecological environment and cannot fulfill the needs of practical applications. As the awareness of environmental protection is increasing, new environmentally friendly and broad-spectrum antifouling coatings have become the current research hotspot in the field of mar",https://www.mdpi.com/2313-7673/8/2/200,paper-results-PaperSearchToFile_1.json
929937893789532341,A highly antifouling and eco-friendly hydrogel coating based on capsaicin derivative -functionalized polymer,一种基于辣椒素衍生物功能化聚合物的高抗污且环保的水凝胶涂层,Guangling He; Yuhua Liu; Wenyan Liu; Lei Dong; Liangmin Yu; Li Wang,Journal of Cleaner Production,2023,10.1016/j.jclepro.2023.139538,0,,https://www.sciencedirect.com/science/article/abs/pii/S095965262303696X,paper-results-PaperSearchToFile_2.json
881383789845020745,A method for screening antifouling paints using the CIELAB coordinates of Ectocarpus sp. under a flow-through condition,一种在流通条件下使用海带（*Ectocarpus sp.*）的CIELAB坐标筛选防污涂料的方法,Ryuji Kojima; Nobuyoshi Nanba; Glenn Satuito,Biofouling,2023,10.1080/08927014.2023.2222661,1,"A laboratory test with a flow-through system was designed and its applicability to testing antifouling paints of varying efficacies was investigated. Six different formulations of antifouling paints were prepared to have increased contents (0 to 40 wt%) of Cu 2 O. The test plates were initially aged for 45 days by rotating them at a speed of 10 knots inside a cylinder drum. A bioassay was then conducted using the alga, Ectocarpus sp., as the test species. The new bioassay for screening antifouli",https://www.tandfonline.com/doi/abs/10.1080/08927014.2023.2222661,paper-results-PaperSearchToFile_1.json
886094054352224544,A review on the application of molecular descriptors and machine learning in polymer design,,Yuankai Zhao; Roger J. Mulder; Shadi Houshyar; Tu C. Le,Polymer Chemistry,2023,10.1039/d3py00395g,17,Molecular descriptors machine learning polymer design...,,inline_search
868455033178423297,A systematic review on polymer-based superhydrophobic coating for preventing biofouling menace,关于用于防止生物污垢威胁的聚合物基超疏水涂层的系统综述,Avinash Kumar; Vishal Mishra; Sushant Negi; Simanchal Kar,Journal of Coatings Technology and Research,2023,10.1007/s11998-023-00773-8,11,"Biofouling is a major issue for many industries including shipping, oil, and gas and can lead to accelerated corrosion, particularly for structures and components in and around salt water. Many efforts are undertaken to lessen its impact and financial losses. One of the promising methodologies is application of antibiofouling coatings to minimize biofouling, and the best results were observed with a superhydrophobic coating. Ample literature reviews on superhydrophobic coating have shown biofoul",https://link.springer.com/article/10.1007/s11998-023-00773-8,paper-results-PaperSearchToFile_1.json
894066197249655470,An Intelligent Manufacturing Platform of Polymers: Polymeric Material Genome Engineering,一种聚合物智能制造平台：高分子材料基因工程,Liang Gao; Liquan Wang; Jiaping Lin; Lei Du,Engineering,2023,10.1016/j.eng.2023.01.018,20,,https://www.sciencedirect.com/science/article/pii/S2095809923002874,paper-results-PaperSearchToFile_2.json
892980020568391958,Anti-marine biofouling adhesion performance and mechanism of PDMS fouling-release coating containing PS-PEG hydrogel,含PS-PEG水凝胶的聚二甲基硅氧烷防污自洁涂层的抗海洋生物污损附着性能及机理,Chen Zhang; Yuhong Qi; Yarui Guo; Shukun Zhang; Gang Xiong; Kaixuan Wang; Zhanping Zhang,Marine Pollution Bulletin,2023,10.1016/j.marpolbul.2023.115345,0,,https://www.sciencedirect.com/science/article/abs/pii/S0025326X23007798,paper-results-PaperSearchToFile_1.json
939736426117857307,Antifouling and Self-Healing Performance of Marine Coatings Based on Hydrogen-Bond Interactions,,Yong-Yin Cui; Miao-Qing Sheng; Ying Liu,ACS Applied Materials & Interfaces,2023,10.1021/acsami.3c16130,5,Self-healing antifouling polyurethane coating hydrogen bond...,,inline_search
821779997210443777,Assessing Efficacy of Eco-Friendly and Traditional Copper-Based Antifouling Materials in a Highly Wave-Exposed Environment,,Clara Arboleda-Baena; Nicole Osiadacz,Journal of Marine Science and Engineering,2023,10.3390/jmse11010217,3,Eco-friendly copper antifouling field test...,,inline_search
899834761114026368,Biofouling potential of surface-enhanced Raman scattering-based seawater quality sensors by Ulva spp.,石莼属海藻对基于表面增强拉曼散射的海水水质传感器的生物污损潜力,Kayla R. Kurtz; Tania Thalyta Silva de Oliveira; Robert Chevalier; Noura Rayes; Arijit Bose; Jason R. Dwyer; Vinka Oyanedel-Craver,Biofouling,2023,10.1080/08927014.2023.2242283,0,"This study investigated the biofouling potential of surface-enhanced Raman scattering (SERS)-based sensor materials in the context of marine environments. Uncoated and monolithic commercial gold (Au) silicon nanopillar array SERS substrates, Au-coated carbon black nanoparticle (AuCB NP) substrates, uncoated and Au sputter-coated in-house SERS, and uncoated and Au sputter-coated glass controls were tested for biofouling potential using Ulva spp. as model biofouling organisms. The mean percentages",https://www.tandfonline.com/doi/abs/10.1080/08927014.2023.2242283,paper-results-PaperSearchToFile_2.json
844938221015007232,"Bioinspired marine antifouling coatings: Antifouling mechanisms, design strategies and application feasibility studies",,Zhenchun Li; Peng Liu; Shaowei Chen,European Polymer Journal,2023,10.1016/j.eurpolymj.2023.111997,35,Bioinspired antifouling coating mechanisms design strategies...,,inline_search
949161026341830722,Blue-ringed Octopus inspired slippery coating with physico-chemical synergistic antifouling properties,受蓝环章鱼启发的具有物理化学协同防污性能的光滑涂层,Yuyang Zhou; Xinming Cao; Yang Chen; Yun Li; Jun Ma; Jinlong Song; Xin Liu,Chemical Engineering Journal,2023,10.1016/j.cej.2023.147177,5,,https://www.sciencedirect.com/science/article/abs/pii/S1385894723059089,paper-results-PaperSearchToFile_2.json
906282361547653223,Capsaicin-based silicone antifouling coating with enhanced interlocking adhesion via SIPN,,Yanru Qin; Jingjing Xue; Shupeng Wang,Colloids and Surfaces A,2023,10.1016/j.colsurfa.2023.132346,0,Capsaicin-based silicone antifouling with SIPN...,,inline_search
907444679631438529,Data-driven investigation to model the corrosion inhibition efficiency of Pyrimidine-Pyrazole hybrid corrosion inhibitors,基于数据驱动的嘧啶-吡唑杂化缓蚀剂缓蚀效率建模研究,Muhamad Akrom; Supriadi Rustad; Adhitya Gandaryus Saputro; Hermawan Kresno Dipojono,Computational and Theoretical Chemistry,2023,10.1016/j.comptc.2023.114307,18,,https://www.sciencedirect.com/science/article/abs/pii/S2210271X2300289X,paper-results-PaperSearchToFile_2.json
866011458247327744,Design and screening of zwitterionic polymer scaffolds for rapid underwater adhesion and long-term antifouling stability,用于水下快速粘附与长期防污稳定性的两性离子聚合物支架的设计与筛选,Zekai Zhang; Xia Han; Wei Gong; Kai Huang; Jia-hui Li; Xueqian Chen; Cheng Lian; Honglai Liu,AIChE Journal,2023,10.1002/aic.18084,5,"As key components of antifouling material surfaces, the design and screening of polymer molecules grafted on the substrate are critical. However, current experimental and computational models still retain an empirical flavor due to the complex structure of polymers. Here, we report a simple and general strategy that enables multiscale design and screening of easily synthesized functional polymer molecules to address this challenge. Specifically, the required functions of the antifouling material",https://onlinelibrary.wiley.com/doi/10.1002/aic.18084,paper-results-PaperSearchToFile_1.json
819241067957190657,Designing sustainable membrane-based water treatment via fouling control through membrane interface engineering and process developments,通过膜界面工程和工艺开发进行污垢控制，设计可持续的基于膜的水处理方法,Ayesha Ilyas; Ivo F.J. Vankelecom,Advances in Colloid and Interface Science,2023,10.1016/j.cis.2023.102834,15,,https://www.sciencedirect.com/science/article/abs/pii/S0001868623000015,paper-results-PaperSearchToFile_1.json
817402892246843393,Eco-friendly marine antifouling coating consisting of cellulose nanocrystals with bioinspired micromorphology,,Yanyi Duan; Jiangjiexing Wu; Wei Qi; Rongxin Su,Carbohydrate Polymers,2023,10.1016/j.carbpol.2022.120504,14,"Cellulose nanocrystal coating with bioinspired micromorphology; pseudobarnacle removal strength lower than PDMS, eco-friendly marine antifouling.",,inline_search_batch12
919778119462683445,Evaluation of natural resveratrol multimers as marine antifoulants,天然白藜芦醇多聚体作为海洋防污剂的评估,Rohan A. Davis; Gunnar Cervin; Karren D. Beattie; Topul Rali; Marilyne Fauchon; Claire Hellio; Lovisa Bodin Åkerlund; Henrik Pavia; Johan Svenson,Biofouling,2023,10.1080/08927014.2023.2263374,2,"In the current study we investigate the antifouling potential of three polyphenolic resveratrol multimers (–)-hopeaphenol, vaticanol B and vatalbinoside A, isolated from two species of Anisoptera found in the Papua New Guinean rainforest. The compounds were evaluated against the growth and settlement of eight marine microfoulers and against the settlement and metamorphosis of Amphibalanus improvisus barnacle cyprids. The two isomeric compounds (–)-hopeaphenol and vaticanol B displayed a high inh",https://www.tandfonline.com/doi/abs/10.1080/08927014.2023.2263374,paper-results-PaperSearchToFile_1.json
881383776519717240,Facile Fabrication of Micron-Laminated Cu-Al2O3 Coating with Long-Lasting Antifouling Performance,,Kangwei Xu; Jiajia Tian; Shufeng Xie; Pin Wu,Journal of Thermal Spray Technology,2023,10.1007/s11666-023-01624-z,1,Cu-Al2O3 antifouling coating long-lasting...,,inline_search
845660160348127233,In-situ fabricated hierarchical nanostructure on titanium alloy as highly stable and durable super-lubricated surface for anti-biofouling in marine engineering,在钛合金上原位制备的分级纳米结构作为用于海洋工程中抗生物污损的高度稳定且耐用的超润滑表面,Dizhu Yue; Xuzhou Jiang; Hongying Yu; Dongbai Sun,Chemical Engineering Journal,2023,10.1016/j.cej.2023.142389,20,,https://www.sciencedirect.com/science/article/abs/pii/S1385894723011208,paper-results-PaperSearchToFile_2.json
seed_ml_002,Machine Learning-Assisted Design of Advanced Polymeric Materials,,Unknown,Unknown,2023,,0,ML polymer design review,,user_upload
899472736760365175,Marine biofouling and the role of biocidal coatings in balancing environmental impacts,,Florian Weber; Naser Esmaeili,Biofouling,2023,10.1080/08927014.2023.2246906,13,"Review of biofouling organism adhesion strategies, commercial antifouling coatings, regulatory landscape and environmental impacts.",,inline_search_batch8
seed_004,Mucus-Inspired Underwater Enhanced Amphiphilic Liquid-Like Fluorocarbon Composite Coating Antifouling and Anti-Icing,,Unknown,Unknown,2023,,0,Fluorocarbon amphiphilic liquid-like antifouling anti-icing,,user_upload
932471569828021103,P. pavoninus-Inspired Smart SLIPS Marine Antifouling Coating Based on Coumarin: Antifouling Durability and Adaptive Adjustability of Lubrication,,Zheming Tong; Hongyu Guo; Zhigang Di; Sifan Chen; Lina Song; Jiankun Hu; Yang Hou; Xiaoli Zhan; Qinghua Zhang,Advanced Functional Materials,2023,10.1002/adfm.202310702,14,Coumarin-based smart SLIPS coating; pseudobarnacle removal shear strength 0.20 MPa vs 6.04 MPa for epoxy; low surface energy and modulus.,,inline_search_batch12
936272195913515011,Preparation and Study of Antifouling and Fouling-Release Surface Materials from Copolymers with Anchoring Functional Groups,,Fei Wan; Wenwen Yan; Chao Feng; Ruixuan Tong; Linlin Zhang,Materials,2023,10.3390/ma16237367,0,Antifouling copolymers with catechol sticky anchoring groups; one-step dip-coating marine antifouling.,,inline_search_batch9
864967665452580961,Probing Interfacial Behavior and Antifouling Activity of Adsorbed Copolymers at Solid/Liquid Interfaces,探测吸附共聚物在固/液界面的界面行为和抗污活性,Jinpeng Gao; Md Rubel Khan; Yuchen Wu; Dustin D. Hawker; Keith E. Gutowski; Rupert Konradi; Lukas Mayr; Jeanne M. Hankett; Matthias Kellermeier; Zhan Chen,Langmuir,2023,10.1021/acs.langmuir.2c03056,8,"Polymers containing poly(ethylene glycol) (PEG) units can exhibit excellent antifouling properties, which have been proposed/used for coating of biomedical implants, separation membranes, and structures in marine environments, as well as active ingredients in detergent formulations to avoid soil redepositioning in textile laundry. This study aimed to elucidate the molecular behavior of a copolymer poly(MMA-co-MPEGMA) containing antiadhesive PEG side chains and a backbone of poly(methyl methacryl",https://pubs.acs.org/doi/10.1021/acs.langmuir.2c03056,paper-results-PaperSearchToFile_2.json
927760145759338868,Progress in Marine Antifouling Coatings: Current Status and Prospects,,Liang Li; Heting Hong; Jingyi Cao; Yange Yang,Coatings,2023,10.3390/coatings13111893,2,"Review summarizing biofouling process, history of antifouling coatings, and current status and prospects of marine antifouling coatings.",,inline_search_batch8
864511523727343616,Rapid and Robust Analytical Method for the Determination of Copper Content in Commercial Pesticides and Antifouling Biocides,用于测定市售农药和防污生物杀灭剂中铜含量的快速且稳健的分析方法,George Pavlidis; Helen Karasali; George P. Balayiannis,Environmental Processes,2023,10.1007/s40710-023-00634-x,0,"The quality control of the agrochemicals and biocidal products in the market requires valid determination methods for the active ingredient content and is of utmost interest to ensure environmental protection, human health, and successful pest control. Copper has been used as fungicide for centuries, and today is still in the market in hundreds of products for various uses and is applied in very high application rates, both in pesticides and biocides. The aim of the present study was to develop ",https://link.springer.com/article/10.1007/s40710-023-00634-x,paper-results-PaperSearchToFile_1.json
949132261624643731,Recent Advances in Antifouling Surface Polymer Brushes,防污表面聚合物刷的最新进展,Xin Xu; Yixin Chang; Yutong Gong; Yuhao Zhang; Ye Yu; Hui Peng; Changkui Fu,ACS Applied Polymer Materials,2023,10.1021/acsapm.3c02150,7,"Biofouling caused by nonspecific adsorption of biomolecules and organisms such as proteins, cells, and bacteria to material surfaces is a significant challenge for numerous important applications. An effective approach to addressing this problem is to coat antifouling polymers on the material surfaces to impart the demanded antifouling properties and repel nonspecific biological adhesion. In this review, we summarized recent advances in surface antifouling polymer brushes which have emerged in t",https://pubs.acs.org/doi/10.1021/acsapm.3c02150,paper-results-PaperSearchToFile_1.json
954407181980008774,Relationships between Water’s Structure and Solute Affinity at Polypeptoid Brush Surfaces,聚肽刷表面水的结构与溶质亲和力之间的关系,Sally Jiao; Dennis C. Robinson Brown; M. Scott Shell,Langmuir,2023,10.1021/acs.langmuir.3c02971,2,"Excellent antifouling surfaces are generally thought to create a tightly bound layer of water that resists solute adsorption, and highly hydrophilic surfaces such as those with zwitterionic functionalities are of significant current interest as antifoulant strategies. However, despite significant proofs-of-concept, we still lack a fundamental understanding of how the nanoscopic structure of this hydration layer translates to reduced fouling, how surface chemistry can be tuned to achieve antifoul",https://pubs.acs.org/doi/10.1021/acs.langmuir.3c02971,paper-results-PaperSearchToFile_2.json
948604492750782503,Research Progress on Low-Surface-Energy Antifouling Coatings for Ship Hulls: A Review,,Zhimin Cao; Pan Cao,Biomimetics,2023,10.3390/biomimetics8060502,3,Low-surface-energy antifouling coatings for ship hulls review...,,inline_search
844937636651991040,Retrosynthetic and Synthetic Reaction Prediction Model Based on Sequence-to-Sequence with Attention for Polymer Designs,面向聚合物设计的基于带注意力机制的序列到序列模型的逆合成与合成反应预测模型,Hiroaki Taniwaki; Hiromasa Kaneko,Macromolecular Theory and Simulations,2023,10.1002/mats.202300011,1,"Polymer designs, especially monomer designs, can be performed with machine learning and artificial intelligence using a polymer dataset, however, it is meaningless if the designed monomer structures cannot be synthesized and the polymer compound cannot be polymerized. In this study, a retrosynthesis prediction model based on sequence-to-sequence (Seq2Seq) with attention is developed, which is originally used in language transformation, to predict reactants from monomer structures corresponding t",https://onlinelibrary.wiley.com/doi/10.1002/mats.202300011,paper-results-PaperSearchToFile_2.json
seed_006,Strategy for Fabricating Degradable Low Surface Energy Cross-Linked Networks with Excellent Anti-Fouling Properties,,Unknown,Unknown,2023,,0,Low surface energy cross-linked network anti-fouling,,user_upload
956007417542344704, Impact of Molecular Weight on Anti-Bioadhesion Efficiency of PDMS-Based Coatings ,分子量对聚二甲基硅氧烷基涂层抗生物粘附效率的影响,Mama Aïssata Bangoura; David Mimeau; Eric Balnois; Karine Réhel; Fabrice Azemar; Isabelle Linossier,Coatings,2024,10.3390/coatings14010149,2,"Silicone elastomer coatings have shown successful fouling release ability in recent years. To further enhance the design of silicone coatings, it is necessary to fully understand the mechanisms that contribute to their performance. The objective of this study was to examine the relationship between the molecular weight of polydimethylsiloxane (PDMS) and antibioadhesion efficiency. PDMS-based coatings were prepared via a condensation reaction, with a controlled molecular weight ranging from 0.8 t",https://www.mdpi.com/2079-6412/14/1/149,paper-results-PaperSearchToFile_1.json
1046631022201929731, Prediction of Dielectric Constant in Series of Polymers by Quantitative Structure-Property Relationship (QSPR) ,基于定量构效关系（QSPR）的系列聚合物介电常数预测,Estefania Ascencio-Medina; Shan He; Amirreza Daghighi; Kweeni Iduoku; Gerardo M. Casanola-Martin; Sonia Arrasate; Humberto González-Díaz; Bakhtiyor Rasulev,Polymers,2024,10.3390/polym16192731,0,"This work is devoted to the investigation of dielectric permittivity which is influenced by electronic, ionic, and dipolar polarization mechanisms, contributing to the material’s capacity to store electrical energy. In this study, an extended dataset of 86 polymers was analyzed, and two quantitative structure–property relationship (QSPR) models were developed to predict dielectric permittivity. From an initial set of 1273 descriptors, the most relevant ones were selected using a genetic algorith",https://www.mdpi.com/2073-4360/16/19/2731,paper-results-PaperSearchToFile_2.json
1058964547693445135, Prevention and Control of Biofouling Coatings in Limnoperna fortunei : A Review of Research Progress and Strategies ,**淡水壳菜生物污损涂层防控：研究进展与防控策略综述**,Hailong Zhang; Qingjie Ding; Yonghui Zhang; Guangyi Lu; Yangyu Liu; Yuping Tong,Polymers,2024,10.3390/polym16213070,0,"The increasing environmental concerns of conventional antifouling coatings have led to the exploration of novel and sustainable solutions to address the biofouling caused by Limnoperna fortunei . As a rapidly expanding invasive species, the fouling process of Limnoperna fortunei is closely associated with microbial fouling, posing significant threats to the integrity of aquatic infrastructure and biodiversity. This review discusses recent progress in the development of non-toxic, eco-friendly an",https://www.mdpi.com/2073-4360/16/21/3070,paper-results-PaperSearchToFile_1.json
1021278043592720394,"A comprehensive review of the bio-corrosion mechanisms, hydrodynamics and antifouling measures on marine concrete",海洋混凝土生物腐蚀机制、流体动力学及防污措施的综合综述,Xiaojie Chen; Chenglong Yu; Lu Wang; Bo Yu,Ocean Engineering,2024,10.1016/j.oceaneng.2024.118696,0,,https://www.sciencedirect.com/science/article/abs/pii/S0029801824020341,paper-results-PaperSearchToFile_2.json
985490600197357800,A comprehensive review on the inherent and enhanced antifouling mechanisms of hydrogels and their applications,水凝胶的固有和增强型防污机制及其应用综述,Junting Cui; Lan Liu; Beiyue Chen; Jiayi Hu; Mengyao Song; Hongliang Dai; Xingang Wang; Hongya Geng,International Journal of Biological Macromolecules,2024,10.1016/j.ijbiomac.2024.130994,1,,https://www.sciencedirect.com/science/article/abs/pii/S0141813024017999,paper-results-PaperSearchToFile_2.json
1033977923654123522,A type of multifunctional cellulose nanocrystal composite silicone-based polymer coating for marine antibiofouling,,Jiawen Sun; Xingda Liu; Jizhou Duan; Kunyan Sui; Xiaofan Zhai; Xia Zhao; Yuqing Zhu; Ding Guo; Baorong Hou,International Journal of Biological Macromolecules,2024,10.1016/j.ijbiomac.2024.134885,0,Cellulose nanocrystal composite silicone coating; pseudobarnacle detachment test showing elastic modulus as primary factor for removal strength.,,inline_search_batch12
968688630967042053,Advances in emerging hydrogel fouling-release coatings for marine applications,用于海洋应用的新型水凝胶防污涂层的进展,Michael Kio; Jeffery Klauda,Journal of Coatings Technology and Research,2024,10.1007/s11998-023-00895-z,2,"The accumulation of microorganisms, algae, mussels, and barnacles on the hull of sea vessels leads to biofouling, surface corrosion, and increased drag as the vessel moves through water costing the marine industry around 15 billion/year. Current commercial traditional antifouling coatings suffer from reduced energy efficiency and short lifespan and contain heavy metals that are toxic to marine organisms and humans. The banning of these coatings is due to environmental concerns, and nonbiocidal a",https://link.springer.com/article/10.1007/s11998-023-00895-z,paper-results-PaperSearchToFile_2.json
950311925000962106,Advances in synthesis and application of amphoteric polymer-based water treatment agents,两性聚合物基水处理剂的合成与应用进展,Wei Yu; Liping Xiong; Jiaheng Teng; Cheng Chen; Bisheng Li; Leihong Zhao; Hongjun Lin; Liguo Shen,Desalination,2024,10.1016/j.desal.2023.117280,7,,https://www.sciencedirect.com/science/article/abs/pii/S0011916423009128,paper-results-PaperSearchToFile_1.json
1007464466763218954,"Advancing coatings with polybenzoxazines: insights into molecular design, synthesis, and modification",聚苯并恶嗪推进涂层：分子设计、合成与改性的见解,Jing Song; Hongrui Liang; Yu Cao; Mengyao Wang; Zhi Wang,Journal of Materials Chemistry C,2024,10.1039/D4TC01351D,0,"Polybenzoxazine (PBZ) has emerged as a cutting-edge high-performance thermosetting resin, boasting a broad spectrum of applications in electrical insulation, friction materials, and aerospace industries due to its outstanding features such as exceptional thermal stability, mechanical properties, flexible molecular designability, and high char yield, among others. While existing reviews on benzoxazines cover various aspects of benzoxazine research, including synthesis methodologies, accelerated c",https://pubs.rsc.org/en/content/articlelanding/2024/tc/d4tc01351d,paper-results-PaperSearchToFile_1.json
1044111059905937426,An Imine-Functionalized Silicone-Based Epoxy Coating with Stable Adhesion and Controllable Degradation for Enhanced Marine Antifouling and Anticorrosion Properties,,Duanhui Gao; Hongyi Liu; Yanling Zheng,Chemistry - A European Journal,2024,10.1002/chem.202403116,0,Imine-functionalized silicone epoxy coating for marine antifouling...,,inline_search
1063172937625894948,Atomistic Simulations of Hydration and Antibiofouling Behavior of Amphiphilic Polymer Brush Surfaces Functionalized with TMAO and Short Fluorocarbon,用三甲胺氧化物（TMAO）和短链碳氟化合物功能化的两亲性聚合物刷表面的水化和抗生物污损行为的原子模拟,Xiaoxue Qin; Ariana Annie Chen; Jiahuiyu Fang; Pranab Sarker; Mark J. Uline; Tao Wei,Langmuir,2024,10.1021/acs.langmuir.4c03218,0,"Developing fouling-resistant materials is of paramount interest in marine industries and biomedical applications. In this work, we studied the interfacial hydration and surface–protein interactions of the amphiphilic brush surface functionalized with hybrid hydrophilic trimethylamine N-oxide (TMAO) and hydrophobic pentafluoroethyl groups using a combination of atomistic molecular dynamics simulations and free-energy computations. Our results show that while the interfacial hydration density of t",https://pubs.acs.org/doi/10.1021/acs.langmuir.4c03218,paper-results-PaperSearchToFile_2.json
1008913197991723014,Construction of highly hydrated and mechanically strong anti-fouling coatings for deep-sea probes based on poly(vinyl alcohol) tannic acid zwitterion coatings,基于聚乙烯醇单宁酸两性离子涂层的用于深海探测器的高水合且机械强度高的防污涂层的构建,Ying Liu; Ruotong Ru; Chengjun Ge; Linlin Zhang; Hongfei Sun,New Journal of Chemistry,2024,10.1039/D4NJ01258E,0,"The marine biofouling of deep-sea exploration equipment has compromised its normal purpose of detecting marine resources, and conventional self-renewing hydrogel coatings have become unsuitable for precision instruments due to the release of antifouling agents or heavy metals. Zwitterions exhibit excellent antifouling ability due to the hydration layer formed by molecules with equal amounts of cationic and anionic groups, resulting in an overall neutral charge. Herein, a non-releasing, mechanica",https://pubs.rsc.org/en/content/articlelanding/2024/nj/d4nj01258e,paper-results-PaperSearchToFile_2.json
1044481649418436610,Data-Driven Materials Research and Development for Functional Coatings,面向功能涂层的数据驱动型材料研发,Kai Xu; Xuelian Xiao; Linjing Wang; Ming Lou; Fangming Wang; Changheng Li; Hui Ren; Xue Wang; Keke Chang,Advanced Science,2024,10.1002/advs.202405262,106,"Functional coatings, including organic and inorganic coatings, play a vital role in various industries by providing a protective layer and introducing unique functionalities. However, its design often involves time-consuming experimentation with multiple materials and processing parameters. To overcome these limitations, data-driven approaches are gaining traction in materials science. In this paper, recent advances in data-driven materials research and development (R&D) for functional coatings,",https://onlinelibrary.wiley.com/doi/10.1002/advs.202405262,paper-results-PaperSearchToFile_2.json
944814094005829699,"Design, preparation, and characterization of lubricating polymer brushes for biomedical applications",用于生物医学应用的润滑聚合物刷的设计、制备与表征,Xinzhong Song; Jia Man; Yinghua Qiu; Jiali Wang; Jianing Liu; Ruijian Li; Yongqi Zhang; Jianyong Li; Jianfeng Li; Yuguo Chen,Acta Biomaterialia,2024,10.1016/j.actbio.2023.12.024,0,,https://www.sciencedirect.com/science/article/abs/pii/S1742706123007377,paper-results-PaperSearchToFile_2.json
1088527436867436558,Development of QSAR Models on the Fouling-Release Performance of Silicone Oil-modified Siloxane Polyurethane Coatings,发展基于定量结构-活性关系（QSAR）模型的硅油改性硅氧烷聚氨酯涂料抗污释放性能研究,Achiya Khanam; Gerardo Casanola-Martin; Amirreza Daghighi; Dean Webster; Bakhtiyor Rasulev,Polymer Science,2024,10.26434/chemrxiv-2024-1pxc6,0,"Polymer coatings with a fouling release activity is an effective method to prevent marine biological fouling caused by large number of marine organisms (over 4000) and ensure stability and safety of marine facilities. In this study, a novel cheminformatics-based approach was employed to investigate the fouling-release performance of siloxane-PU coating system. The structure-fouling release activity relationship was modeled for a set of 18 siloxane PU coatings by incorporation phenylmethyl silico",https://chemrxiv.org/doi/full/10.26434/chemrxiv-2024-1pxc6,paper-results-PaperSearchToFile_2.json
997208520417869854,Engineering a hard sol-gel adaptive coating with nonleaching antifoulant against marine biofouling in static conditions,,Yihan Sun; Yuanyuan Shen; Haibin Zhao; Peng Wang,Progress in Organic Coatings,2024,10.1016/j.porgcoat.2024.108402,1,Hard sol-gel adaptive coating with nonleaching antifoulant; simulated barnacle (aluminum stud) removal test for fouling-release evaluation under static marine conditions.,,inline_search_batch12
928479556224942919,Estimating Gas Sorption In Polymeric Membranes From The Molecular Structure: A Machine Learning Based Group Contribution Method For The Non-Equilibrium Lattice Fluid Model (ML-GC-NELF),从分子结构估算聚合物膜中的气体吸附：一种基于机器学习的非平衡晶格流体模型基团贡献法（ML-GC-NELF）,Hasan Ismaeel; David Gibson; Eleonora Ricci; Maria Grazia De Angelis,Journal of Membrane Science,2024,10.1016/j.memsci.2023.122220,0,,https://www.sciencedirect.com/science/article/pii/S0376738823008761,paper-results-PaperSearchToFile_2.json
966875805533601817,Exploring fishery waste potential as antifouling component,,Juliana Lenchours Pezzano; Yamila E. Rodriguez,Environmental Science and Pollution Research,2024,10.1007/s11356-024-32491-y,1,Fishery waste antifouling component surface properties...,,inline_search
997220511899451437,Fouling-Resistant Behavior of Hydrophobic Surfaces Based on Poly(dimethylsiloxane) Modified by Green rGO@ZnO Nanocomposites,,Soolmaz Soleimani; Ali Jannesari; Morteza Yousefzadi; Arash Ghaderi; Adnan Shahdadi,ACS Applied Bio Materials,2024,10.1021/acsabm.3c01185,0,PDMS modified with rGO@ZnO nanocomposites for fouling-resistant behavior; ASTM D6990 field immersion test in Persian Gulf seawater.,,inline_search_batch9
1036241096184692745,Graphene oxide and cuprous oxide/hydrogel modified epoxy coating for marine antifouling,用于海洋防污的氧化石墨烯和氧化亚铜/水凝胶改性环氧涂层,Fangyuan Ding; Min Wang; Lili Xue,Journal of Coatings Technology and Research,2024,10.1007/s11998-024-00926-3,0,"Marine biofouling has detrimental effects on the performance and service life of ships and drilling platforms, leading to increased fuel consumption, corrosion of structural surfaces, and significant financial losses. To address these challenges, we developed epoxy coatings that incorporate graphene oxide (GO) and release copper ions (Cu^2+). We carried out microalgae adhesion studies and marine bacterial adhesion experiments on the various composite coatings to examine the antifouling performan",https://link.springer.com/article/10.1007/s11998-024-00926-3,paper-results-PaperSearchToFile_1.json
1063172919284203562,Machine Learning Aided Design and Optimization of Antifouling Surfaces,机器学习辅助的防污表面设计与优化,Yijing Tang; Jialun Wei; Yonglan Liu; Yung Chang; Jie Zheng,Langmuir,2024,10.1021/acs.langmuir.4c03553,22,"Antifouling surfaces, renowned for their strong surface resistance to proteins, cells, or tissues in various biological and environmental conditions, have broad applications in implanted devices, antibacterial coatings, biosensors, responsive materials, water treatment, and lab-on-a-chip. While extensive experimental research exists on antifouling surfaces, machine learning studies on this topic are relatively few. This perspective specifically focuses on exploring the complex relationships betw",https://pubs.acs.org/doi/10.1021/acs.langmuir.4c03553,paper-results-PaperSearchToFile_2.json
997216862418764110,Machine Learning-Assisted Design of Advanced Polymeric Materials,,Liang Gao; Jiaping Lin; Liquan Wang; Lei Du,Accounts of Materials Research,2024,10.1021/accountsmr.3c00288,125,ML-assisted design of polymeric materials review...,,inline_search
1048825008501030931,Machine learning analysis of a large set of homopolymers to predict glass transition temperatures,对大量均聚物进行机器学习分析以预测玻璃化转变温度,Gerardo M. Casanola-Martin; Anas Karuth; Hai Pham-The; Humbert González-Díaz; Dean C. Webster; Bakhtiyor Rasulev,Communications Chemistry,2024,10.1038/s42004-024-01305-0,1,"Glass transition temperature of polymers, Tg, is an important thermophysical property, which sometimes can be difficult to measure experimentally. In this regard, data-driven machine learning approaches are important alternatives to assess Tg values, in a high-throughput way. In this study, a large dataset of more than 900 polymers with reported glass transition temperature (Tg) was assembled from various public sources in order to develop a predictive model depicting the structure-property rela",https://www.nature.com/articles/s42004-024-01305-0,paper-results-PaperSearchToFile_2.json
1022731208871641091,Marine Fouling Release Performance of Amphiphilic Carboxybetaine Perfluoropolyether Methacrylate Polymer Coatings,两亲性羧酸甜菜碱全氟聚醚甲基丙烯酸酯聚合物涂层的海洋防污释放性能,Florian Koschitzki; Onur Özcan; Robin Wanka; Marc Krisam; Axel Rosenhahn,Advanced Materials Interfaces,2024,10.1002/admi.202400370,0,"Amphiphilic polymer systems have been demonstrated to be an effective and environmentally friendly approach to combat the challenges of biofouling, especially in the real ocean environment. A variety of polymer compositions containing fluorophilic perfluoropolyether (PFPE) urethane dimethacrylate and zwitterionic carboxybetaine methacrylate (CBMA) are in situ copolymerized across a broad concentration range and anchored to chemically functionalized substrates by grafting-through polymerization. ",https://onlinelibrary.wiley.com/doi/10.1002/admi.202400370,paper-results-PaperSearchToFile_1.json
1022025057058160645,Molecular Interaction Mechanisms Between Lubricant-Infused Slippery Surfaces and Mussel-Inspired Polydopamine Adhesive and DOPA Moiety,润滑灌注型滑移表面与贻贝启发聚多巴胺黏合剂及DOPA基团间的分子相互作用机制,Sijia Li; Ziqian Zhao; Jingyi Wang; Lei Xie; Mingfei Pan; Feiyi Wu; Ying Hu; Jifang Liu; Hongbo Zeng,Macromolecular Rapid Communications,2024,10.1002/marc.202400276,0,"Lubricant-infused slippery surfaces have recently emerged as promising antifouling coatings, showing potential against proteins, cells, and marine mussels. However, a comprehensive understanding of the molecular binding behaviors and interaction strength of foulants to these surfaces is lacking. In this work, mussel-inspired chemistry based on catechol-containing chemicals including 3,4-dihydroxyphenylalanine (DOPA) and polydopamine (PDA) is employed to investigate the antifouling performance an",https://onlinelibrary.wiley.com/doi/10.1002/marc.202400276,paper-results-PaperSearchToFile_2.json
988618379440947204,Molecular mechanism for the detachment of degradable antifouling coatings,可降解防污涂层脱落的分子机制,Jia Cheng; Wen Li; Wei Wang; Jie Zhu; Xin Wang; Shougang Chen,Progress in Organic Coatings,2024,10.1016/j.porgcoat.2024.108451,1,,https://www.sciencedirect.com/science/article/abs/pii/S0300944024002431,paper-results-PaperSearchToFile_1.json
972312565226930186,Multifunctional polyurethane coatings with excellent antifouling and self-healing properties,,Haoran Wei; Henghui Liu; Min Li,Journal of Coatings Technology and Research,2024,10.1007/s11998-023-00896-y,0,Polyurethane self-healing antifouling...,,inline_search
1010362135894556691,NIR-Driven Self-Healing Phase-Change Solid Slippery Surface with Stability and Promising Antifouling and Anticorrosion Properties,具有稳定性以及良好防污和防腐性能的近红外驱动自修复相变固体超滑表面,Hao Jiang; Xiaotong Chen; Zhiqiang Fang; Yangkai Xiong; Haomin Wang; Xuewei Tang; Jiahao Ren; Panpan Tang; Jipeng Li; Guoqing Wang; Zheng Li,ACS Applied Materials & Interfaces,2024,10.1021/acsami.4c05341,1,"Slippery liquid-infused porous surfaces (SLIPSs) have great potential to replace traditional antifouling coatings due to their efficient, green, and broad-spectrum antifouling performance. However, the lubricant dissipation problem of SLIPS severely restricts its further development and application, and the robust SLIPS continues to be extremely challenging. Here, a composite phase-change lubricant layer consisting of paraffin, silicone oil, and MXene is designed to readily construct a stable an",https://pubs.acs.org/doi/10.1021/acsami.4c05341,paper-results-PaperSearchToFile_2.json
977536826413679461,Novel Antifouling Coatings by Zwitterionic Silica Grafting on Glass Substrates,通过在玻璃基板上接枝两性离子二氧化硅制备新型防污涂层,Jian Zhang; Lamiaa M. A. Ali; Denis Durand; Magali Gary-Bobo; Peter Hesemann,Langmuir,2024,10.1021/acs.langmuir.3c02932,1,"Zwitterionic silica coatings for surface functionalization are greatly prominent because of their simple and fast preparation, high availability, and effective antifouling properties. In this work, two zwitterionic sulfobetaine silane coatings, i.e., mono-SBSi and tris-SBSi, were deposited on glass surfaces and tested for antifouling of biological material and biofilm using human cancer cell and seawater, respectively. The used zwitterionic precursors mono-SBSi and tris-SBSi differ by the number",https://pubs.acs.org/doi/10.1021/acs.langmuir.3c02932,paper-results-PaperSearchToFile_1.json
1054621047132782613,Novel antifouling paint formulation based on Ca 2 Cr 2 O 5 and CaMnO 3 NPs as a protective pigment,,H. Abd El-Wahab; Hossa F. Al-Shareef,Scientific Reports,2024,10.1038/s41598-024-74245-3,1,"This work focused on the preparation of novel antifouling paint based on Ca2Cr2O5 and CaMnO3 NPs as a safe protective pigment which were replaced with cuprous oxide. Three paint formulations were prepared for comparison, a blank formula without an antifouling agent (F1), a commercial antifouling formula based on 100% cuprous oxide as an antifouling agent (F2), and AF formula based on 75% Ca2Cr2O5 and CaMnO3 NPs and 25% Cu2O. The high performance and durability of the paints based on the prepared",https://www.nature.com/articles/s41598-024-74245-3,paper-results-PaperSearchToFile_1.json
1006737843940229126,Preparation of tannic acid based zwitterionic polymer functionalized coating on glass surface for antibacterial and antifouling applications,用于抗菌和防污应用的玻璃表面单宁酸基两性离子聚合物功能化涂层的制备,Shihan Wu; Kaige Yan; Baoluo He; Yi Wang; Shenghua Xue; Shujuan Liu; Qian Ye; Feng Zhou,Progress in Organic Coatings,2024,10.1016/j.porgcoat.2024.108578,0,,https://www.sciencedirect.com/science/article/abs/pii/S0300944024003709,paper-results-PaperSearchToFile_1.json
1045546686912397322,Research Progress of Marine Anti-Fouling Coatings,,Shaoqian Wu; Shuo Wu; Shilong Xing; Tianshu Wang; Jiabin Hou; Yuantao Zhao; Wenge Li,Coatings,2024,10.3390/coatings14091227,0,Research progress of marine antifouling coatings for ship hulls with emphasis on environmental sustainability.,,inline_search_batch8
977510535329218560,Superior antibacterial surfaces using hydrophilic poly(MPC) and poly(mOEGMA) free chains of amphiphilic block copolymer,,Tsukuru Masuda; Shoichi Yoshizawa; Aya Noguchi; Yuta Kozuka; Norifumi Isu; Madoka Takai,Heliyon,2024,10.1016/j.heliyon.2024.e26347,0,Amphiphilic block copolymer with hydrophilic poly(MPC)/poly(mOEGMA) chains for antibacterial antifouling surfaces.,,inline_search_batch8
980655132003794944,Superior mechanical performance polyurethane-silicone coatings for synergistic antimicrobial and antifouling coatings,用于协同抗菌和防污涂层的具有卓越机械性能的聚氨酯-有机硅涂层,Ming Liu; Laiying Jing; Ziqi Zhang; Xin Li; Huaming Yuan; Jiaxi Cui; Mei Li; Yunqiang Zhang,"Journal of Macromolecular Science, Part A  Pure and Applied Chemistry",2024,10.1080/10601325.2024.2330600,0,"With the increasing awareness of marine ecological environment, biocide-free marine antifouling coatings have been gaining increased attention in the field of marine antifouling. Among all the antifouling approaches, constructing fouling-release coatings (FRCs) may be the most effective and economical way caused by the biocide-free. However, the low mechanical strength, weak adhesion to substrates, and poor static fouling resistance of traditional silicone-based FRCs, which limiting their applic",https://www.tandfonline.com/doi/abs/10.1080/10601325.2024.2330600,paper-results-PaperSearchToFile_1.json
965067978854891524,Superwettable surfaces and factors impacting microbial adherence in microbiologically-influenced corrosion: a review,超润湿性表面及微生物影响腐蚀中影响微生物附着的因素：综述,Deepti Rane; Savita Kerkar; Sutapa Roy Ramanan; Meenal. Kowshik,World Journal of Microbiology and Biotechnology,2024,10.1007/s11274-024-03886-3,0,"Microbiologically-influenced corrosion (MIC) is a common operational hazard to many industrial processes. The focus of this review lies on microbial corrosion in the maritime industry. Microbial metal attachment and colonization are the critical steps in MIC initiation. We have outlined the crucial factors influencing corrosion caused by microorganism sulfate-reducing bacteria (SRB), where its adherence on the metal surface leads to Direct Electron Transfer (DET)—MIC. This review thus aims to su",https://link.springer.com/article/10.1007/s11274-024-03886-3,paper-results-PaperSearchToFile_2.json
1070554570163224578,Testing of Marine Fouling-Inhibiting Enzymes in a Water-Based Methacrylate Polymer Matrix,,Thuvarakhan Gnanasampanthan; Florian Koschitzki; Onur Özcan; Anne Höppner; Robin Wanka; John A. Finlay; Anthony S. Clare; Axel Rosenhahn,Advanced Materials Interfaces,2024,10.1002/admi.202400647,0,Marine fouling-inhibiting enzymes embedded in water-based methacrylate polymer matrix; Ulva zoospore settlement and removal assays.,,inline_search_batch10
1054254178953592836,The effect of spherical Zn of Cu2O/ZnAl embedded into ethyl silicate coatings for corrosion and fouling protection,,Nguyen Hoang; Truong Anh Khoa,Chemical Papers,2024,10.1007/s11696-024-03742-6,0,Cu2O ZnAl antifouling field test seawater...,,inline_search
1005656097228324872,"Trends in surface plasmon resonance biosensing: materials, methods, and machine learning",表面等离子体共振生物传感的趋势：材料、方法和机器学习,Daniel D. Stuart; Westley Van Zant; Santino Valiulis; Alexander S. Malinick; Victor Hanson; Quan Cheng,Analytical and Bioanalytical Chemistry,2024,10.1007/s00216-024-05367-w,0,"Surface plasmon resonance (SPR) proves to be one of the most effective methods of label-free detection and has been integral for the study of biomolecular interactions and the development of biosensors. This trend delves into the latest SPR research and progress built upon the Kretschmann configuration, a pivotal platform, and highlights three key developments that have enhanced the capabilities of the technique. We will first cover a range of explorations of novel plasmonic materials that have ",https://link.springer.com/article/10.1007/s00216-024-05367-w,paper-results-PaperSearchToFile_2.json
998420381289152517,Zwitterionic Hydrogel Coating with Antisediment Properties for Marine Antifouling Applications,用于海洋防污应用的具有抗沉降性能的两性离子水凝胶涂层,Boyi Song; Ershuai Zhang; Yuanjie Shi; Wei Wang; Hui Zhu; Sheu-Jane Gallagher; Stephen Fischer; Jennifer Rigney; Edward Kim; Zhiqiang Cao,ACS Applied Materials & Interfaces,2024,10.1021/acsami.4c02574,0,"Biofouling is a serious issue affecting the marine industry because the attached micro- and macrocontaminants can increase fuel consumption and damage ship hulls. A hydrophilic hydrogel-based coating is considered a promising antifouling material because it is environmentally friendly and the dense hydration layer can protect the substrate from microbial attachment. However, sediment adsorption can be an issue for hydrogel-based coatings. Their natural soft and porous structures can trap sedimen",https://pubs.acs.org/doi/10.1021/acsami.4c02574,paper-results-PaperSearchToFile_2.json
1170704379703984131,A novel strategy for the enhancement of static anti-fouling performance of fouling release coatings based on vanillin-functionalized silica,一种基于香草醛功能化二氧化硅提高防污涂料静态防污性能的新策略,Shihao Zhang; Bingfeng Deng; Zhipeng Xie; Jianang Sha; Chuyi Zhang; Congshu Huang; Jingjing Wang; Xinyu Ren; Bin Liu,Applied Surface Science,2025,10.1016/j.apsusc.2025.164482,0,,https://www.sciencedirect.com/science/article/abs/pii/S0169433225021981,paper-results-PaperSearchToFile_1.json
1158130728546861056,Anti-Biofouling Coatings Based on Ultra-Slippery Surfaces,基于超滑表面的抗生物污损涂层,Alexander B. Tesler; Wolfgang H. Goldmann,Cell Biology International,2025,10.1002/cbin.70065,0,,https://onlinelibrary.wiley.com/doi/10.1002/cbin.70065,paper-results-PaperSearchToFile_2.json
1124613695758925840,Antifouling Coatings Inspired by Biological Templates,,Catherine Doyle; Marya Ahmed,Macromolecular Rapid Communications,2025,10.1002/marc.202400932,0,Biologically-inspired antifouling coatings; catechol/zwitterionic polymer grafted on sensor surfaces.,,inline_search_batch9
1190990052662968333,"Applications of Machine Learning in Polymer Materials: Property Prediction, Material Design, and Systematic Processes",,Hongtao Guo; Shuai Li; Shu Li,Computers Materials & Continua,2025,10.48550/arXiv.2510.26100,0,ML polymer property prediction material design...,,inline_search
1141553022640324620,Development of Substrate-Independent Antifouling and Bactericidal Surfaces Using Visible Light Cross-Linked Hydrogel Coatings for Biomedical Applications,使用可见光交联水凝胶涂层开发用于生物医学应用的与底物无关的防污和杀菌表面,Soonjong Roh; Se Youn Jang; Youngmee Jung; Kangwon Lee; Jin Yoo,Advanced Healthcare Materials,2025,10.1002/adhm.202402565,0,"Preventing biofouling and bacterial infections are pivotal issues in developing implantable biomaterials. Zwitterionic hydrogels stand out for their antifouling effects and high biocompatibility, making them ideal for biomedical applications. However, the lack of direct bactericidal activity and the limited applicability to various materials are key challenges to be addressed in these hydrogel coatings. To address this, a dual-functional hydrogel coating with synergetic antifouling and biocidal ",https://onlinelibrary.wiley.com/doi/10.1002/adhm.202402565,paper-results-PaperSearchToFile_2.json
1155511904861421569,Evaluation of antifouling surfaces using a method that employs mussel larvae settlement quantified by machine learning,,Thomas B. LeFevre; Joseph D. Daddona,Biofouling,2025,10.1080/08927014.2025.2534051,0,Machine learning mussel larvae settlement antifouling evaluation...,,inline_search
1176180987038531584,Full-Ocean-Depth-Oriented Poly(oxime-urethane) Coating: Construction and Protective Mechanism for Integrated Antifouling and Anticorrosion,,Peng Zhang; Shu Tian; Ruiqi Li,ACS Nano,2025,10.1021/acsnano.5c09595,0,Polyoxime-urethane deep sea antifouling coating...,,inline_search
seed_001,"Leveraging Polymeric Design for Marine Anti-Biofouling: Mechanism, System and Future (Advanced Materials 2025)",,Huang et al.,Advanced Materials,2025,,0,Marine anti-biofouling polymeric design review 2025,,user_upload
1135263093903851540,Polymers for anti-fouling applications: a review,,Waham Ashaier Laftah; Wan Aizan Wan Abdul Rahman,Environmental Science Advances,2025,10.1039/d5va00034c,0,"Review of polymer-based antifouling materials as sustainable alternatives to toxic biocide coatings for shipping, aquaculture and marine infrastructure.",,inline_search_batch8
1164379471914991617,Preparation and properties of PU hydrogel/epoxy modified silicone coatings,,Tianqi Hu; Zhanping Zhang; Qinran Wang,Materials Today Communications,2025,10.1016/j.mtcomm.2025.113614,0,Silicone antifouling coatings hydrogel/epoxy modified...,,inline_search
1215594202071564289,A crosslinked amphiphilic degradable antifouling coating with long-lasting underwater stability and controlled release of isothiazolinone,一种具有持久水下稳定性和异噻唑啉酮控释功能的交联两亲性可降解防污涂层,Xiaoyue Liang; Chunju He,Progress in Organic Coatings,2026,10.1016/j.porgcoat.2026.109945,0,,https://www.sciencedirect.com/science/article/abs/pii/S0300944026000019,paper-results-PaperSearchToFile_1.json
1277133954574450701,A hyperbranched crosslinked amphiphilic coating with controlled degradation and sustained antifoulant release for durable marine antifouling,一种具有可控降解和持续防污剂释放功能的超支化交联两亲性涂层，用于持久的海洋防污,Xiaoyue Liang; Yongnian Huang; Chunju He; Weixia Yan,Progress in Organic Coatings,2026,10.1016/j.porgcoat.2026.110379,0,,https://www.sciencedirect.com/science/article/abs/pii/S0300944026004352,paper-results-PaperSearchToFile_1.json
1218119703306698753,Engineered coatings containing cyclic peptides from cyanobacteria delay the development of a stable macrofouling community,,Catarina Gonçalves; Sandra Pereira; Isabel B. Oliveira; Marco Preto; Tiago Ribeiro; João Morais; Luciana C. Gomes; Maria João Romeu; Miguel Semedo; Filipe J. Mergulhão,Trends in Biotechnology,2026,10.1016/j.tibtech.2025.11.018,0,Cyclic peptides from cyanobacteria (portoamides A and B) as bio-based antifouling coatings; field validation; macrofouling community delay.,,inline_search_batch11
1291333526779592707,Microplastic ReleaseRates from Fouling Control Coatings:The Influence of Coating Composition,防污涂层的微塑料释放率：涂层成分的影响,Matthias Bork; Søren Kiil; Kim Dam-Johansen,Industrial & Engineering Chemistry Research,2026,10.1021/acs.iecr.6c01318,0,"Microplastic release from antifouling coatings has emergedas anenvironmental concern, yet the mechanisms driving their release ratesduring sailing remain poorly understood. This study investigates howcoating composition, specifically biocide loading and binder composition,influence microplastic release. Six model and six commercial foulingcontrolcoatings were exposed under controlled conditions. Through an automatedSEM–EDX analysis, the particles released by the coatings wereanalyzed, and their ",https://pubs.acs.org/iecred/article/doi/10.1021/acs.iecr.6c01318/5232359/Microplastic-Release-Rates-from-Fouling-Control,paper-results-PaperSearchToFile_1.json
1260133418201513986,Molecular Dynamics Study of Protein Adsorption on Zwitterionic and Imidazolium Salt Modified Antifouling Polyurethane Membranes,两性离子和咪唑盐改性防污聚氨酯膜上蛋白质吸附的分子动力学研究,Longyi Chen; Congwen Qin; Gengchen Zhang; Xue Liu; Wei Zhong; Nasrin Nemati; Jiang Shao,Environmental Research,2026,10.1016/j.envres.2026.124721,0,,https://www.sciencedirect.com/science/article/pii/S0013935126010522,paper-results-PaperSearchToFile_2.json
1275167814896996355,"Polymer-Based Coatings for Cardiovascular and Endovascular Devices: Linking Surface Chemistry, Drug Release Kinetics, and Thrombo-Inflammatory Performance: A Review",用于心血管和血管内装置的聚合物基涂层：连接表面化学、药物释放动力学和血栓炎症性能：综述,Rasit Dinc; Nurittin Ardic,Polymers,2026,10.3390/polym18121539,0,"Polymer coatings are integral to nearly every modern cardiovascular and endovascular device, including drug-eluting stents (DESs) and drug-coated balloons (DCBs), bioabsorbable vascular scaffolds (BVSs), occluders, grafts, and catheter and guidewire hydrophilic surfaces. Persistent complications, including late stent thrombosis, delayed endothelialization, hypersensitivity, and restenosis, show that coatings actively shape biological responses rather than acting as inert drug carriers. Their sur",https://www.mdpi.com/2073-4360/18/12/1539,paper-results-PaperSearchToFile_1.json
1283599996897198082,Self-Healing Antifouling Hydrogel Sensors Enabling Long-Term Monitoring of Potassium Ions in Marine Environments,,Wenjing Tai; Xianghua Zeng; Weichen Meng; Xuning Liu; Wanting Xia; ZhanFeng Li; Gastón A. Crespo; Xiliang Luo,ACS Sensors,2026,10.1021/acssensors.6c01238,0,Self-healing antifouling hydrogel sensors for long-term K+ monitoring in marine environments; antifouling electrode surface design.,,inline_search_batch11
