filename,title,doi,year,journal,abstract,pages,size_mb
!1-s2.0-S0009261421006771-main.pdf,Synthesis and application of indole esters derivatives containing acrylamide group as antifouling agents,10.1016/j.cplett.2021.138994,2021,,"Two new indole ester derivatives containing acrylamide group were synthesized by Michael addition reaction and Friedel-Crafts reaction based on 5-bromo-1H-indole. The synthesized compounds were characterized by 1H Nuclearmagnetic Resonance Spectroscopy (1HNMR) and Fourier Transform Infrared spectroscopy (FTIR). In the step of the Friedel-Crafts reaction, the optimum process conditions were determined as that the catalyst was AlCl3, the reaction time was 3 days and the reaction temperature was 25 ◦C. The results of minimal inhibitory concentration (MIC) of synthesized compounds showed that the ",8,3.17
!1-s2.0-S0257897225004852-main.pdf,"Eco-friendly quaternary ammonium modified PDMS coatings with integrated anti-bacterial, anti-algae, and marine anti-fouling properties",10.1016/j.surfcoat.2025.132211,,,"As the ecological risks associated with the use of copper and booster biocides in anti-fouling coatings become increasingly apparent, the design and development of environmentally friendly marine anti-fouling coatings present novel challenges. In this study, we developed a polyurethane (PU) modified polydimethylsiloxane (PDMS) copolymer (PDMS-PU) and then quaternized the copolymer using four brominated alkanes with varying carbon chain lengths. The soft segment PDMS, hard segments N-methyldiethanolamine (MDEA) and isophorone diisocyanate (IPDI), and strong cross-linked hydrogen bonds ensure th",17,13.69
!1-s2.0-S0300944015300333-main.pdf,"Formation, structure and antibacterial activities of silazane networks grafted with poly(ethylene glycol) branches",10.1016/j.porgcoat.2015.06.022,2015,,"The aim of this investigation was to develop coating materials based on poly(ethylene glycol) (PEG) covalently grafted onto silazane polymers for marine antifouling applications. The optimum conditions for grafting PEG were deﬁned to have a high selectivity toward oleﬁn hydrosilylation. Thick crack-free ﬁlms were obtained by curing at room temperature of the PEG grafted silazane precursors. The solidiﬁca- tion process has been investigated by FTIR spectroscopy, 29Si NMR in the solid state, thermogravimetric analysis (TGA) as well as elemental analysis. The main reactions that occur during curi",14,2.71
!1-s2.0-S0300944016301266-main.pdf,Polydimethyl siloxane coatings with superior antibiofouling efficiency in laboratory and marine conditions,10.1016/j.porgcoat.2016.10.028,2017,,"Aim of this investigation was to demonstrate in laboratory and ﬁeld experiments, the ability of relevantly selected non-ionic surfactant, non-toxic antioxidant and their combinations to reduce sharply marine bioﬁlm development on polysiloxane coatings totally preventing marine macro-fouling on slowly moving and static immersed surfaces. Their superior antifouling properties: reduced to zero mussel and algae adhesion, as well as multi- species macro-fouling, and 6–10 folds reduced marine bioﬁlm, were attributed to a formation of a thin, plane, “bioactive” surface layer. Its excellent anti-biofo",9,2.33
!1-s2.0-S0300944020311425-main.pdf,Amphiphilic zwitterionic-PDMS-based surface-modifying additives to tune fouling-release of siloxane-polyurethane marine coatings,10.1016/j.porgcoat.2020.105931,2020,,"Amphiphilic coatings have shown promising performance for marine applications to deter and limit biofouling. Hydrophobic marine coatings are unable to deter marine organisms that prefer hydrophobic surfaces for set­ tlements, thus a series of amphiphilic additives were prepared and introduced to a hydrophobic system to attain surface amphiphilicity and improved performance without changing the base matrix. In this work, we report the successful synthesis of amphiphilic additives where highly incompatible blocks of hydrophobic poly­ dimethylsiloxane (PDMS) and hydrophilic poly(sulfobetaine meth",14,7.32
!Letters Applied Microbiology - 2015 - Ajit Walter - Assessment of antifouling efficacy of polyhedral oligomeric.pdf,Assessment of antifouling efficacy of polyhedral oligomeric silsesquioxane based poly (urea–urethane–imide) hybrid membranes,10.1111/lam.12457,2015,,"A series of polyhedral oligomeric silsesquioxane (POSS) based poly(urea– urethane–imide) (PUUI-POSS) membranes were synthesized by varying the proportions of imide using 2,4-toluene diisocyanate (TDI) and bis (aminopropyl) terminated polydimethylsiloxane (PDMS). The molecular structures of poly(urea–urethane–imide)s were characterized by Attenuated total reﬂection Fourier transform infrared (ATR-FTIR) spectroscopic technique. Incorporation of imide domain and its inﬂuence on surface roughness was investigated by atomic force microscopy (AFM). Hydrophobicity of polymeric membrane surfaces was d",9,0.75
!layer-by-layer-click-deposition-of-functional-polymer-coatings-for-combating-marine-biofouling.pdf,Layer-by-Layer Click Deposition of Functional Polymer Coatings for,10.1021/bm300757e,2021,,"“Click” chemistry-enabled layer-by-layer (LBL) deposition of multilayer functional polymer coatings provides an alternative approach to combating biofouling. Fouling-resistant azido-functionalized poly(ethylene glycol) methyl ether methacrylate-based polymer chains (azido-poly- (PEGMA)) and antimicrobial alkynyl-functionalized 2-(methacryloyloxy)ethyl trimethyl ammonium chloride-based polymer chains (alkynyl-poly(META)) were click-assembled layer-by-layer via alkyne−azide 1,3-dipolar cyclo- addition. The polymer multilayer coatings are resistant to bacterial adhesion and are bactericidal to ma",12,2.7
!probing-the-structural-dependence-of-carbon-space-lengths-of-poly(n-hydroxyalkyl-acrylamide)-based-brushes-on.pdf,Probing the Structural Dependence of Carbon Space Lengths of,10.1021/bm500598a,,,"Numerous biocompatible antifouling polymers have been developed for a wide variety of fundamental and practical applications in drug delivery, biosensors, marine coatings, and many other areas. Several antifouling mechanisms have been proposed, but the exact relationship among molecular structure, surface hydration property, and antifouling performance of antifouling polymers still remains elusive. Here this work strives to provide a better understanding of the structure−property relationship of poly(N-hydroxyalkyl acrylamide)-based materials. We have designed, synthesized, and characterized a",10,4.03
!relevance-of-the-hydrolysis-state-of-silyl-acrylate-based-coatings-on-their-antifouling-performance.pdf,Relevance of the Hydrolysis State of Silyl Acrylate-Based Coatings on Their Antifouling Performance,10.1021/acsami.5c25268,2026,,"Silyl (meth)acrylates represent indispensable building blocks for the synthesis of self-polishing copolymers (SPCs), with triisopropylsilyl acrylate (TiPSA) being one of the most important monomers for the fabrication of such coatings. Polymer coatings were synthesized that are based solely on TiPSA via a grafting-through polymerization, and their in situ hydrolysis behavior has been analyzed. For the in situ characterization, captive bubble contact angle (CBCA) measurements were conducted, and the mechanical properties of the different hydrolysis states were analyzed using pendulum hardness m",11,4.09
!s11998-016-9801-9.pdf,Long-term stability of PEG-based antifouling surfaces in seawater,10.1007/s11998-016-9801-9,2016,,"Poly(ethylene glycol) (PEG) is a hydrophi- lic polymer that has been extensively used in the biomedical and marine environment due to its antifoul- ing properties. In the biomedical ﬁeld, PEG has been successfully used to functionalize surfaces due to its resistance to cell and nonspeciﬁc protein adsorption. However, the long-term stability of PEG has limited its use in some areas. In the shipping industry, there is a great need for long-term solutions to keep the hulls of the ships fouling-free. The long-term stability of PEG in polydimethylsiloxane (PDMS) fouling-release coat- ings is studie",9,1.22
!s11998-024-01018-y.pdf,Synthesis of eugenol ester-based sily-acrylate polymer and its antifouling properties,10.1007/s11998-,2024,,"Marine biofouling has caused huge eco- nomic and energy losses, and the application of marine antifouling coatings is one of the effective solutions to this problem. Sily-acrylate based self-polishing coatings are favored because of excellent antifouling perfor- mance. However, weak static antifouling performance restricts the development of sily-acrylate based antifouling coatings. To solve this problem, an eugenol ester-based sily-acrylate polymer (EMSPs) is synthe- sised, which showed both self-polishing and antifouling performance. The highest content of eugenol (EMSP- 16) inhibits Staphyl",10,1.71
#1-s2.0-S0001868620300464-main.pdf,Superhydrophilicity and strong salt-affinity: Zwitterionic polymer grafted surfaces with significant potentials particularly in biological systems,10.1016/j.cis.2020.102141,2020,,"a r t i c l e i n f o Article history: 11 March 2020 Available online 16 March 2020 In recent years, zwitterionic polymers have been frequently reported to modify various surfaces to enhance hy- drophilicity, antifouling and antibacterial properties, which show signiﬁcant potentials particularly in biological systems. This review focuses on the fabrication, properties and various applications of zwitterionic polymer grafted surfaces. The “graft-from” and “graft-to” strategies, surface grafting copolymerization and post zwitterionization methods were adopted to graft lots type of the zwitterion",18,3.04
#1-s2.0-S0009250919305457-main.pdf,Slime-resistant marine anti-biofouling coating with PVP-based copolymer in PDMS matrix,10.1016/j.ces.2019.06.042,2019,,"Poly(dimethylsiloxane) (PDMS) has been widely used as the fouling-release coatings due to its low sur- face energy. However, for marine anti-biofouling applications, current PDMS-based materials with hydrophobic property still suffer from marine slime attachment. Therefore, the design of novel amphiphi- lic coatings by modifying PDMS with hydrophilic polymers has been widely explored. In this work, based on poly(N-vinylpyrrolidone) (PVP), a novel hydrophilicity-active poly(N-vinyl-2-pyrrolidone-co-methyl methacrylate-co-butyl acrylate-co- 2-hydroxyethyl methacrylate) (PNMBH) was synthesized us",9,2.98
#1-s2.0-S0257897224011782-main.pdf,A bio-inspired liquid-like smooth copolymer coating with superior biofouling resistance and drag reduction,10.1016/j.surfcoat.2024.131547,,,"The marine biofouling and fluid resistance have a detrimental impact on underwater vehicles. It is essential to develop functional material integrated with both antifouling and drag reduction effects for maritime trans­ portation and navigation. Herein, to avoid the disadvantages of common slippery liquid-infused surfaces, such as the complexity of preparation micro/nanopores and the depletion of the lubricant layer, the novel liquid-like coating was fabricated by integrating the synthesized long chain organosilicon monomer (HPSM) to the self- polishing polymer chains. It is that the ingenious",10,5.49
#1-s2.0-S1381514817301335-main.pdf,Applications of zwitterionic polymers,10.1016/j.reactfunctpolym.2017.07.006,,,"Zwitterionic polymers are characterized with equal anion and cation groups on the molecular chains, which make them highly hydrophilic and antifouling. They can resist nonspeciﬁc protein adsorption, bacterial adhe- sion, and bioﬁlm formation. Therefore, they have great potential to be applied in a wide range of biological and medical related ﬁelds, such as antifouling coatings of biomedical implants, blood contacted sensor and drug delivery in vivo, separation membrane and marine coatings. The review mainly focuses on the progress of those applications of zwitterionic polymers on the molecular",11,1.34
#1-s2.0-S2214993724001957-main.pdf,Development of a mechanically robust silicon-based cross-linking polymer for the sustainable marine antifouling coatings,10.1016/j.susmat.2024.e01015,,,"Silicone-based fouling release coatings (FRCs) have shown great promise as an environmentally friendly anti- fouling technology, while inferior mechanical properties and insufficient substrate adhesion have hindered their further application. We focused on enhancing the mechanical robustness of silicone-based coating through the synergistic effects of hydrogen bonding, π-π aromatic interaction and covalent bonding. The resulting silicone- based coating displayed a low surface energy of 23 mJ/m2 and improved mechanical strength and substrate adhesion, offering values up to 6.4 MPa (9.1 times hi",12,7.39
#1-s2.0-S2468013325000580-main.pdf,Research progress of environmentally friendly degradable marine antifouling coatings,10.1016/j.joes.2025.08.011,,,"Marine biofouling, i.e., the attachment of biomaterial on the surfaces of submerged objects, has long been a serious hazard to marine economies and ecosystems. Environmentally friendly degradable antifouling coatings developed in the last decade or so can efficiently replace traditional toxic antifouling coatings based on the following advantages: full degradability, non-discriminatory resistance to fouling, low addition of antifouling agents, and high compatibility with other antifouling mechanisms. However, current research and few available reviews neglect the degradation reaction kinetics ",27,35.4
#Adv Funct Materials - 2020 - Maan - Recent Developments and Practical Feasibility of Polymer‐Based Antifouling Coatings.pdf,Recent Developments and Practical Feasibility of Polymer‐Based Antifouling Coatings,10.1002/adfm.202000936,2020,,,30,4.23
#Advanced Materials - 2025 - Huang - Leveraging Polymeric Design for Marine Anti‐Biofouling  Mechanism  System  and Future.pdf,"Leveraging Polymeric Design for Marine Anti‐Biofouling: Mechanism, System, and Future",10.1002/adma.202518234,,,,25,6.89
#B801491D.pdf,Advances in polymers for anti-biofouling,10.1039/b801491d,,,,9,0.47
#C8SM01853G.pdf,rsc.li/soft-matter-journal,,2019,,,22,7.58
#D2TB01851A.pdf,Mussel-inspired polymeric coatings with the antifouling efficacy controlled by topologies,10.1039/d2tb01851a,2022,,,10,1.03
#Macromolecular Rapid Communications - 2016 - Dundua - Improved Antifouling Properties of Polydimethylsiloxane Films via.pdf,Improved Antifouling Properties of Polydimethylsiloxane Films via Formation of Polysiloxane/Polyzwitterion Interpenetrating Networks,10.1002/marc.201600473,2016,,,7,0.88
#Macromolecular Rapid Communications - 2017 - Galli - Amphiphilic Polymer Platforms  Surface Engineering of Films for Marine (1).pdf,Amphiphilic Polymer Platforms: Surface Engineering of Films for Marine Antibiofouling,10.1002/marc.201600704,2017,,,20,4.5
#Macromolecular Rapid Communications - 2017 - Galli - Amphiphilic Polymer Platforms  Surface Engineering of Films for Marine.pdf,Amphiphilic Polymer Platforms: Surface Engineering of Films for Marine Antibiofouling,10.1002/marc.201600704,2017,,,20,4.5
#amphiphilic-zwitterionic-acrylate-methacrylate-copolymers-for-marine-fouling-release-coatings.pdf,Amphiphilic Zwitterionic Acrylate/Methacrylate Copolymers for Marine Fouling-Release Coatings,10.1021/acs.langmuir.1c00428,2021,,Methacrylate and acrylate monomers are popular building blocks for antifouling (AF) and fouling-release (FR) coatings to counteract marine biofouling. They are used in various combinations and often combined into amphiphilic materials. This study investigated the FR properties of amphiphilic ethylene glycol dicyclopentenyl ether acrylate (DCPEA) and the corresponding methacrylate (DCPEMA) blended with 5 wt % zwitterionic carboxybetaine acrylate (CBA) and the corresponding methacrylate (CBMA). A series of (co)polymers with diﬀerent acrylate/methacrylate compositions were synthesized and tested ,10,4.76
#annurev-chembioeng-060718-030401.pdf,Polymer-Based Marine,10.1146/annurev-chembioeng-,2026,,"In marine industries, the accumulation of organic matter and marine or- ganisms on ship hulls and instruments limits performance, requiring fre- quent maintenance and increasing fuel costs. Current coatings technology to combat this biofouling relies heavily on the use of toxic, biocide-containing paints. These pose a serious threat to marine ecosystems, affecting both tar- get and nontarget organisms. Innovation in the design of polymers offers an excellent platform for the development of alternatives, but the creation of a broad-spectrum, nontoxic material still poses quite a hurdle for rese",24,0.74
#degradable-vinyl-polymers-for-combating-marine-biofouling.pdf,Degradable Vinyl Polymers for Combating Marine Biofouling,10.1021/acs.accounts.2c00187,2022,,,13,2.72
#pj2015137.pdf,Anti-fouling behavior of polymer brush immobilized surfaces,10.1038/pj.2015.137,2016,,,7,1.09
#s10965-020-02054-z.pdf,An overview of controlled-biocide-release coating based on polymer,10.1007/s10965-020-02054-z,2019,,"Biofouling is one of the major worldwide problems associated with the vessel due to its accumulation with the surface of the ship hull. The biofouling is the main origin of the coating’s deterioration that ultimately leads to bio-corrosion, roughness and drag, resulting in an enormous increase in the fuel consumption. Although Tributyltin (TBT) has been used as a pioneer class of antifoulant to overcome this problem, however, after the legal restriction on TBT, some biocides have been used as its alterna- tives. These biocides are potentially harmful to the environment due to the higher releas",17,14.11
#s10965-022-03041-2.pdf,Designs of zwitterionic polymers,10.1007/s10965-022-03041-2,2021,,"Zwitterionic polymers have become a kind of potential biomaterial system used to design nonfouling interfaces between general materials and biological environments. This antifouling polymer system is inspired by biology, especially due to the presence of zwitterions or alternately charged groups on cell membranes and protein surfaces. Previous systematic studies have shown that the zwitterionic polymer system can exhibit excellent anti-adsorption, anti-coagulation, anti-adhesion and anti-attachment functions for biological components such as human proteins, blood cells, tissue cells, general b",19,2.51
#s11998-010-9307-9.pdf,Waterborne polysiloxane–urethane–urea for potential,10.1007/s11998-010-9307-9,2010,,"Waterborne polysiloxane–urethane–ureas (WBPSUU) were prepared through a prepolymer process using siloxane polyol, namely poly- dimethylsiloxane (PDMS) and polyether polyol, namely poly(tetramethyleneoxide glycol) (PTMG) as the soft segments. The goal of this study was to explore the potential use of polysiloxane–urethane–urea in marine coatings in order to boost the ﬂexibility, adhesion, erosion, and foul-release property with respect to PDMS/PTMG ratio (PDMS wt%). The structural elucidation of the synthesized waterborne polyurethane and WBPSUU was carried out by FTIR, 1H NMR, and 29Si NMR spe",11,0.98
#s11998-021-00526-5.pdf,Integration of antifouling and foul-release moieties for optimizing the performance of PEG-silicone coatings,10.1007/s11998-,2021,,"Antifouling coatings are critical in prevent- ing the surface of sea vessels being heavily fouled by bio-organisms. In this work, we attached biocidal moieties (Isobornyl methacrylate, IBOMA) to the side chains of the polyacrylic polymer to form the antifoul- ing polymer (AFP). Then, the hydrophilic polysiloxane (HP) was prepared through the polyaddition of polyethylene glycol (PEG) and alkoxysilane onto the main chain of the hydrogen silicone oil. Finally, the hydrophilic fouling release coatings (FRCs) were formed by the reaction or winding of antifouling polymer and HP polymer with an inter",9,1.5
#s11998-021-00581-y.pdf,Study on the acrylate coating with chemically bonded functional group for antiseawater bioadhesion,10.1007/s11998-021-00581-y,2021,,"The adhesion foundation of seawater organ- isms can be eliminated by killing the bacteria on the surface of objects in seawater. Thus, 4-bromo-2-(4- chlorophenyl)-5-(triﬂuoromethyl)-1H-pyrrole-3-car- bonitrile (Econea) was selected as the core functional group to conduct the solution grafting reaction with the epoxy-containing acrylate copolymer (EA) to yield the marine antifouling paint, EA–Econea. UV absorption spectrum, Fourier transform infrared spectrum (FTIR) and energy dispersive spectrometer (EDS) analyses veriﬁed that Econea was exactly bonded to the EA molecular chain. Furthermore, t",9,1.67
#综述1-s2.0-S0079670014000227-main.pdf,Polymer brush coatings for combating marine biofouling,10.1016/j.progpolymsci.2014.02.002,2014,,"A variety of functional polymer brushes and coatings have been developed for com- bating marine biofouling and biocorrosion with much less environmental impact than traditional biocides. This review summarizes recent developments in marine antifoul- ing polymer brushes and coatings that are tethered to material surfaces and do not actively release biocides. Polymer brush coatings have been designed to inhibit molecu- lar fouling, microfouling and macrofouling through incorporation or inclusion of multiple functionalities. Hydrophilic polymers, such as poly(ethylene glycol), hydrogels, zwitteri",26,6.31
1-s2.0-S030094402400153X-main.pdf,Anti-fouling amphiphilic surfaces from norbornene-based fluorinated copolymers with excellent mechanical properties,10.1016/j.porgcoat.2024.108361,2024,,"Amphiphilic coatings have garnered significant attention in the realm of fouling resistance due to their potential to reduce fouling adhesion and enhance fouling release. However, developing anti-fouling amphiphilic surfaces with robust mechanical properties remains a formidable challenge. Herein, a series of norbornene-based amphiphilic copolymers (PNPFE-PEG-x) with varying NPEG mass fractions (0–50 wt%) were well-designed and fabricated via living ring-opening metathesis polymerization (ROMP) employing norbornene-based fluori­ nated monomer (NPFE) and poly(ethylene glycol) (NPEG) monomer. Th",9,5.49
1-s2.0-S2213343720302979-main.pdf,Effective Fabrication and Characterization of Eco-friendly Nano Chitosan Capped Zinc Oxide Nanoparticles for Effective Marine Fouling Inhibition,10.1016/j.jece.2020.103949,2003,,"Since the inhibition of organotin as antifouling additives in 2003, many scientists direct their eﬀorts to develop novel environment-friendly marine antifouling additives. This work declares and evaluates the antifouling ac- tivity of Nano chitosan capped ZnO nanoparticles against primary bioﬁlm and biofouling. Chitosan nanoparticles were prepared from the shrimp shell obtained, which will be environmentally friendly and will have no adverse eﬀects on the environment's antialgal, antimicrobial and antifungal characteristics. Using co-precipitation method, the present study manages synthesis an",9,3.79
1.pdf,"A marine coating: Self-healing, stable release of Cu2+, anti-biofouling",10.1016/j.marpolbul.2023.115524,2023,,"We developed a marine coating consisting of Cu-MOF-74, multi-walled carbon nanotube containing carboxyl groups (MWCNT-COOH) and self-healing polymers, which simultaneously possesses self-healing and anti- biofouling properties. Cu-MOF-74 can stably release Cu2+ by virtue of the coordination dissociative mecha­ nism. Studies have proved that MWCNT can inhibit the growth of bacteria, so adding the MWCNT can help to reduce the amount of the copper ions and ensure the antibacterial effect of the coating. In addition, the cross- linked network and abundant -COOH provided by the polymers and MWCNT-C",10,9.96
10.pdf,Novel marine antifouling coatings inspired by corals,10.1016/j.mtchem.2020.100294,2020,,"Biofouling is a major problem facing the marine industry. Since toxic antifouling coatings were banned globally due to their negative impacts on the marine environment, the development of environmental- friendly and efﬁcient antifouling coatings has been identiﬁed as a pressing need. As an alternative, the antifouling coatings inspired by corals have attracted a great deal of attention over these years. within the marine environment, corals have evolved an excellent antifouling capability. There are ﬁve major antifouling strategies applied by corals, including natural antifoulants, foul releas",8,1.75
100.pdf,Attachment of silver nanoparticles (AgNPs) onto thin-film composite (TFC) membranes through covalent bonding to reduce membrane biofouling,10.1016/j.memsci.2013.03.060,2012,,"Membrane biofouling has a negative impact on the membrane treatment performance. Silver nanoparticles (AgNPs) are well-known antimicrobial agent. Herein, AgNPs with approximately 15 nm in diameter were effectively attached to the surface of polyamide (PA) thin-ﬁlm composite (TFC) membrane via covalent bonding, with cysteamine as a bridging agent. Scanning electron microscopy (SEM), energy dispersive X-ray spectroscopy (EDS) and cross-sectional transmission electron microscopy (TEM) studies all showed the immobilization of AgNPs. Compared with the pristine TFC membrane, thiol-terminated membran",10,7.81
101.pdf,"Superhydrophobic, superamphiphobic and SLIPS materials as anti-corrosion and anti-biofouling barriers",10.1039/d1nj03158a,2021,,,10,8.53
11.pdf,Setting an agenda for biofouling research for the marine renewable energy industry,10.1016/j.ijome.2017.08.006,2017,,"Extensive marine growth on man-made structures in the ocean is commonplace, yet there has been limited discussion about the potential implications of marine growth for the wave and tidal energy industry. In response, the Environmental Interactions of Marine Renewables (EIMR) Biofouling Expert Workshop was convened. Discussions involved par- ticipants from the marine renewable energy (MRE) industry, anti-fouling industry, aca- demic institutions and regulatory bodies. The workshop aimed to consider both the beneﬁts and negative effects of biofouling from engineering and ecological perspectives.",12,1.16
111111.pdf,,,,,,4,6.56
112.pdf,Silicone-Based Fouling-Release Coatings for Marine Antifouling,10.1021/acs.langmuir.9b03926,2020,,"Marine biofouling profoundly inﬂuences marine industries and activities. It slows the speed and increases the fuel consumption of ships, corrodes oﬀshore platforms, and blocks seawater pipelines. The most eﬀective and economical antifouling approach uses coatings. Fouling-release coatings (FRCs) with low surface free energy and high elasticity weakly adhere to marine organisms, so they can be readily removed by the water shear force. FRCs have attracted increasing interest because they are biocide-free and hence ecofriendly. However, traditional silicone-based FRCs have weak adhesion to substr",14,7.89
114.pdf,The Anti-Biofouling Properties of Superhydrophobic Surfaces are Short-Lived,10.1021/acsnano.8b02293,2011,,"Superhydrophobic surfaces are present in nature on the leaves of many plant species. Water rolls on these surfaces, and the rolling motion picks up particles including bacteria and viruses. Man-made superhydrophobic surfaces have been made in an eﬀort to reduce biofouling. We show here that the anti-biofouling property of a superhydrophobic surface is due to an entrapped air-bubble layer that reduces contact between the bacteria and the surface. Further, we showed that prolonged immersion of superhydrophobic surfaces in water led to loss of the bubble-layer and subsequent bacterial adhesion th",9,4.75
115.pdf,Antifouling potentials of eight deep‑sea‑derived fungi from the,10.1007/s10295-014-1412-9,2014,,"Marine-derived microbial secondary metabo- lites are promising potential sources of nontoxic antifoul- ing agents. The search for environmentally friendly and low-toxic antifouling components guided us to investigate the antifouling potentials of eight novel fungal isolates from deep-sea sediments of the South China Sea. Sixteen crude ethyl acetate extracts of the eight fungal isolates showed distinct antibacterial activity against three marine bacteria (Loktanella hongkongensis UST950701–009, Micrococcus luteus UST950701–006 and Pseudoalteromonas piscida UST010620–005), or significant antilar",8,0.57
116.pdf,Antifouling Slippery Surface against Marine Biofouling,10.1021/acs.langmuir.3c00986,2023,,"Titanium and its alloys have become the most excellent structure materials for naval seawater pipelines due to their high strength and good corrosion resistance. However, marine biofouling poses a serious threat to titanium alloy piping systems because of their good biocompatibility. Recently, the biomimetic antifouling coating, a novel antifouling method, has received great attention. Here, based on this biomimetic idea, we develop a nontoxic antifouling slippery surface (AFSS) using silicone oil, silane coupling agent, nanosilica, nanoceramic coating, epoxy resin, and capsaicin. The develope",8,11.3
117.pdf,Transition Metal Engineering of Molybdenum Disulfide Nanozyme for Biomimicking Anti-Biofouling in Seawater,10.1021/acsami.2c00172,2022,,"Nature has evolved diverse strategies to battle surface biofouling colonization and thus provides us novel insights into designing and developing advanced nontoxic antibiofouling materials and technologies. Mimicking the defense mechanisms of natural haloperoxidases in marine algae in response to bioﬁlm colonization, here we show that the less active MoS2 shows eﬃcient haloperoxidase- mimicking activity through judicious transition metal engineering. Cobalt-doped MoS2 (Co−MoS2) displays an excellent haloperoxidase-mimicking performance in catalyzing the Br−oxidation into germicidal HOBr, rough",8,5.31
118.pdf,Biodegradable Polyurethane Carrying Antifoulants for Inhibition of,10.1021/ie502147t,,,"Biodegradable polyurethane with N-(2,4,6-trichlorophenyl)maleimide (TCPM) pendant groups has been prepared via a combination of a thiol−ene click reaction and a condensation reaction. The TCPM moieties acting as antifoulants are released as the polyurethane degrades in the marine environment. The biodegradation and hydrolyzation of the polyurethane were investigated by use of quartz crystal microbalance with dissipation (QCM-D) and hydrolysis experiments. It shows both the enzymatic degradation rate and the hydrolyzation rate decrease with TCPM content, which facilitates increasing the duratio",7,1.62
119.pdf,■INTRODUCTION,10.1021/am4054578,,,"We have prepared polyurethane with poly(ε- caprolactone) (PCL) as the segments of the main chain and poly(triisopropylsilyl acrylate) (PTIPSA) as the side chains by a combination of radical polymerization and a condensation reaction. Quartz crystal microbalance with dissipation studies show that polyurethane can degrade in the presence of enzyme and the degradation rate decreases with the PTIPSA content. Our studies also demonstrate that polyurethane is able to hydrolyze in artiﬁcial seawater and the hydrolysis rate increases as the PTIPSA content increases. Moreover, hydrolysis leads to a hyd",8,4.54
12.pdf,Marine antifouling strategies: Emerging opportunities for seawater resource utilization,10.1016/j.cej.2024.149859,2024,,"The attachment and colonization of fouling organisms, including bacteria, algae, and invertebrates onto sub­ merged surfaces is a widespread issue known as marine biofouling. This problem has substantial implications for various aspects such as economics, environment, and ecology. The prohibition of traditional antifouling methods, such as those based on tributyltin, has been enforced due to their accumulation and high levels of toxicity. Consequently, there is an urgent demand for the development of antifouling coatings that are both environ­ mentally friendly and effective. The formation and",20,10.7
120.pdf,Degradable Polymer with Protein Resistance in a Marine,10.1021/acs.langmuir.5b01720,,,"Protein resistance is the central issue in marine antibiofouling. We have prepared poly(ε-caprolactone) (PCL)-based polyurethane with 2-(dimethylamino) ethyl methacrylate (DEM) as pendant groups by a combination of the thiol−ene click reaction and the condensation reaction. By the use of quartz crystal microbalance with dissipation (QCM-D) and surface plasmon resonance (SPR), we have investigated the adsorption of ﬁbrinogen, bovine serum albumin (BSA), and lysozyme on the polymer surface. The polymer exhibits protein resistance in seawater but not in fresh water because DEM pendant groups carr",8,2.91
121.pdf,■INTRODUCTION,10.1021/acsami.5b07325,2008,,"Marine biofouling is a problem for marine industry and maritime activities. We have prepared polyur- ethane with poly(dimethylsiloxane) (PDMS) main chains and N-(2,4,6-trichlorophenyl) maleimide (TCM) pendant groups via a combination of a thiol−ene click reaction and a condensation reaction and studied its properties. The polymer has low surface energy and a high water contact angle. When TCM content in bulk is high enough, suﬃcient antifoulant groups can be exposed on the surface. Our study reveals that such polymeric surface can eﬀectively inhibit the adhesion and colonization of marine orga",8,5.56
122.pdf,■INTRODUCTION,10.1021/acs.iecr.6b02917,,,"Degradable polymers have proven eﬀective for marine antibiofouling. It is important to improve their performance by optimizing their structures. We have prepared polyurethane with degradable polyester segments in the main chain and hydrolyzable poly(triisopropylsilyl acrylate) (PTSA) side chains and used it as the carrier of organic antifoulant (DCOIT). Our study demonstrates that the degradation rate of the polymer increases as the ester group density in the main chain or the length of side chain increases. On the other hand, the release rate of the organic antifoulant increases with the leng",7,3.43
123.pdf,Environmentally Friendly Antifouling Coatings Based on Biodegradable Polymer and Natural Antifoulant,10.1021/acssuschemeng.7b01385,,,"Marine biofouling causes huge economic losses and serious problems to maritime industries. Consequently, there is a great demand for environmentally friendly antibiofouling technology. In the present study, we developed novel antifouling coatings by incorporating butenolide derived from marine bacteria into biodegradable poly(ε-caprolactone) based polyurethane. Measurements of mass loss indicated that the polymer was degraded in seawater and that the degradation rate increased in the presence of marine organisms or enzymes. Moreover, measured release rates indicated that butenolide could be re",6,2.88
124.pdf,Mini-review: Inhibition of biofouling by marine microorganisms,10.1080/08927014.2013.776042,2013,,,20,0.39
125.pdf,Open Access proceedings Journal of Physics: Conference series,10.1088/1742-6596/2094/2/022041,2021,,,6,1.02
126.pdf,,,,,,83,3.11
127.pdf,Extremely durable biofouling-resistant metallic surfaces based on electrodeposited nanoporous tungstite films on steel,10.1038/ncomms9649,2015,,,10,2.2
128.pdf,“From the Nature for the Nature”: An Eco-Friendly Antifouling Coating Consisting of Poly(lactic acid)-Based Polyurethane and Natural Antifoulant,10.1021/acssuschemeng.9b06917,2020,,"“From the nature, for the nature” is an instructive strategy to develop environment-friendly antifouling coatings. In this work, bio-sourced poly(lactic acid)-based polyurethane with hydrolyzable triisopropylsilyl acrylate (TSA) side groups has been prepared via thiol−ene reaction and polyaddition. Such a polymer exhibits high adhesion strength (∼2.0 MPa) and a controlled degradation rate tuned by varying its soft segment and TSA content. An environment-friendly coating is prepared with the polymer and an eco-friendly antifoulant (butenolide) derived from marine bacteria. Our study shows that ",8,1.87
129.pdf,Degradable Vinyl Polymers for Combating Marine Biofouling,10.1021/acs.accounts.2c00187,2022,,,13,2.87
13.pdf,Fouling resistant silicone coating with self-healing induced by metal coordination,10.1016/j.cej.2020.126870,2020,,"Silicone based fouling release coatings with eco-friendliness have received growing interest. Yet, their poor fouling resistance and self-repairing inability restrict their applications. Here, we report a new poly(di- methylsiloxane) (PDMS) coating cross-linked via coordination bonds between 2-(2-benzimidazolyl)ethanethiol (BET) and zinc ions. Such modified PDMS still has low surface energy but improved adhesion strength in comparison with PDMS elastomer. The metal coordination makes its cross-linking reversible, so it exhibits good self-healing in air or artificial seawater at room temperatur",9,3.52
130.pdf,天然产物基无铜自抛光防污涂料的制备与性能,10.11933/j.issn.1007−9289.20181130002,2019,,"Due to the environmental concern about traditional antifouling coatings, developing eco-friendly antifouling coatings without heavy-metal antifoulants has become the focus of current research. The surface wettability and self-polishing property of three main-chain degradable poly (zinc acrylate) copolymers were investigated by water contact angle, hydrolytic degradation and water absorption tests. The copolymers were mixed with butenolide to prepare natural product-based copper- free self-polishing marine antifouling coatings. The release behavior of butenolide and the antifouling performance ",6,1.95
131.pdf,Molecular Mechanism of Oil-Infused Silicone Preventing Mussel Biofouling,10.34133/research.0627,2025,,,13,33.13
132.pdf,ANTI-BIOFOULING BY DEGRADATION OF POLYMERS*,10.1007/s10118-012-1158-7,2012,,"Copolymers of methyl methacrylate (MMA) and acrylate terminated poly(ethylene oxide-co-ethylene carbonate) (PEOC) macromonomer (PEOCA) were synthesized, and the degradation of the polymers was investigated by use of quartz crystal microbalance with dissipation (QCM-D). It is shown that the polymeric surface exhibits degradation in seawater depending on the content of the side chains. Field tests in seawater show that the surface constructed by the copolymer can effectively inhibit marine biofouling because it can be self-renewed due to degradation of the copolymer. Keywords: Anti-biofouling; D",6,0.4
133.pdf,Progress in Polymer-Ceramic Hybrid Antifouling Coatings,10.1007/s10118-023-2936-0,2023,,"Simultaneous realization of superior mechanical and antifouling properties is critical for a coating. The use of stereoscopic polysiloxanes in place of linear polysiloxanes to fabricate antifouling coatings can combine properties of organic and inorganic materials, i.e., they can exhibit both high hardness and wear resistance from inorganic components as well as the flexibility and tunability from organic components. This strategy is used to prepare hard yet flexible antifouling coatings or polymer-ceramic hybrid antifouling coatings. In this mini-review, we report the recent advances in this ",7,3.22
134.pdf,"Emerging Directions in Polymer Interfaces, Adhesives, and Functional",10.1007/s10118-025-3399-2,,,,1,0.14
135.pdf,Review on formation of biofouling in the marine environment and functionalization of new marine antifouling coatings,10.1007/s10853-022-07791-8,2022,,"With the development of society, industry, agriculture, and other production activities are changing with each passing day. The primary mode of trans- portation in international trade is by ship. Due to the complex environment and biodiversity of the sea, ship surfaces are often corroded due to microorganisms, algae, shellﬁsh, and other factors. The hydraulic conditions during the operation of the ship are also affected, increasing energy consumption. Thus, ships need to stop regularly for surface cleaning to prevent greater losses, but there are eco- nomic losses and human and material resour",22,3.36
136.pdf,Anti-barnacle biofouling coatings for the protection of marine vessels: synthesis and progress,10.1007/s11356-021-18404-3,2021,,"Marine biofouling has gnawed both mobile and non-mobile marine structures since time immemorial, leading to the dete- rioration of designed operational capabilities as well as a loss of valuable economic revenues. Mitigation of biofouling has been the primary focus of researchers and scientists from across the globe to save billions of dollars wasted due to the bio- logical fouling of marine structures. The availability of an appropriate environment along with favorable substrata initiates biofilm formation within a few minutes. The crucial element in establishing a gelatinous biofilm is the e",35,2.98
137.pdf,Understanding biofouling and contaminant accretion on submerged marine structures,10.1038/s41529-023-00370-5,2023,,,11,1.36
138.pdf,Chemical signaling in biofilm-mediated biofouling,10.1038/s41589-024-01740-z,2024,,,14,10.74
139.pdf,Anti-Biofouling Features of Eco-Friendly Oleamide–PDMS Copolymers,10.1021/acsomega.0c00633,2020,,"The biofouling of marine organisms on a surface induces serious economic damage. One of the conventional anti-biofouling strategies is the use of toxic chemicals. In this study, a new eco-friendly oleamide− PDMS copolymer (OPC) is proposed for sustainable anti-biofouling and eﬀective drag reduction. The anti-biofouling characteristics of the OPC are investigated using algal spores and mussels. The proposed OPC is found to inhibit the adhesion of algal spores and mussels. The slippery features of the fabricated OPC surfaces are examined by direct measurement of pressure drops in channel ﬂows. T",7,3.58
14.pdf,Eco-friendly erucamide–polydimethylsiloxane coatings for marine anti-biofouling,10.1016/j.colsurfb.2021.112003,2021,,"Marine biofouling of ship hulls and ocean structures causes enormous economic losses due to increased frictional drag. Thus, efforts have been exerted worldwide to eliminate biofouling. In addition, a strong demand exists for the development of a cost-effective and eco-friendly anti-biofouling coating technology. Thus, erucamide- polydimethylsiloxane (EP) coating is proposed in this study. EP exhibits a hydrophobic surface as the eruca­ mide content and drag reduction effect increase. In this study, the drag reduction effect of the EP 2.5 is better than that of glass and polydimethylsiloxane (",9,6.54
140.pdf,Designing Bioinspired Anti‐Biofouling Surfaces based on a Superwettability Strategy,10.1002/smll.201503334,2016,,,9,2.82
141.pdf,One‐Component Stereoscopic Oligosiloxane–Based Polyurea Radiative Cooling Coatings,10.1002/smll.202504187,,,,9,6.77
142.pdf,Development of a Robust Slippery Liquid-Infused Porous Surface with Grafted Polymer Brushes and Its Anti-Biofouling Applications in Marine Engineering,10.1021/acsapm.3c00667,2023,,"It is difficult for any marine engineering equipment to avoid the impact of biofouling. Especially, for engineering equipment made of titanium with a high biocompatibility, biofouling is a thorny problem. The outstanding anti- biofouling properties of the slippery liquid-infused porous surfaces (SLIPSs) and the grafted polydimethylsiloxane (gPDMS) brush surfaces have attracted the attention of researchers. However, the durability and stability of the conventional SLIPSs and the wear resistance of gPDMS are insufficient and should be improved. In this work, PDMS molecule brushes were grafted on",11,8.29
143.pdf,The anti-biofilm activity secreted by a marine Pseudoalteromonas strain,10.1080/08927014.2011.611878,2011,,,11,1.11
144.pdf,High-Performance Polyurea Improved by Reactive Nanocluster for Antibiofouling,10.1021/acsami.4c02070,2024,,"Polyurea has found applications in protective coatings. Yet, the too fast polymerization and lack of functions limit its application. Herein, we report a high- performance polyurea via the stepwise polymerization of an isocyanate (NCO)-terminated prepolymer consisting of poly(propylene glycol)-block-poly(ethylene glycol)-block-poly- (propylene glycol) (PPG-b-PEG-b-PPG) with a nanocluster synthesized via the hydrolysis of N-phenylaminomethyltriethoxysilane. Such a nanocluster contains low-reactivity secondary amines, so the polymerization of polyurea can be slowed down (over 1 h), which improve",10,6.58
145.pdf,Facile Synthesis of a Phosphorylcholine-Based Zwitterionic,10.1021/mz500818c,,,"An antibiofouling polymer coating, combined with both zwitterionic and amphiphilic features, is engineered by a two-step modiﬁcation of a commodity polymer. The surface properties of the resultant polymer coating can be easily tuned by varying the extent of cross-linking in the network. Higher antibiofouling eﬃciency was observed for these surfaces vs. an elastomeric polydimethylsiloxane standard (Sylgard 184) against the adsorption of biomacromolecules and a marine fouling organism (Ulva zoospores) has been demonstrated. This design establishes a platform for the achievement of functionalized",6,2.24
146.pdf,■INTRODUCTION,10.1021/acs.iecr.7b00557,,,"Degradable polymers with protein resistance can ﬁnd applications in antibiofouling. We have prepared copolymer of 2-methylene-1,3-dioxepane (MDO), 2-(dimethy- lamino) ethyl methacrylate (DEM) and 3-(methacryloxyprop- yl) trimethoxysilane (KH570) via radical ring-opening polymerization, where MDO, DEM, and KH570 make the polymer degradable, protein resistant and self-cross-linkable, respectively. Our studies demonstrate that the self-cross-linking signiﬁcantly improves the coating ability of the polymer with controlled biodegradation in seawater. We have investigated the adsorption of ﬁbrinogen",7,1.85
147.pdf,Biodegradable Polymer with Hydrolysis-Induced Zwitterions for Antibiofouling,10.1021/acsami.8b00962,,,"Persistent protein resistance is critical for marine antibiofouling. We have prepared copolymer of 2- methylene-1,3-dioxepane (MDO), tertiary carboxybetaine ester (TCB), and 7-methacryloyloxy-4-methylcoumarin (MAMC) via radical ring-opening polymerization, where MDO, TCB, and MAMC make the polymer degradable, protein resistible, and photo-cross-linkable, respectively. Our study shows that the polymer can well adhere to the substrate with controlled degradation and water adsorption rate in artiﬁcial seawater (ASW). Particularly, the polymer ﬁlm can generate zwitterions via surface hydrolysis in",8,3.61
148.pdf,Nanodiamond Reinforced Poly(dimethylsiloxane)-Based Polyurea with Self-Healing Ability for Fouling Release Coating,10.1021/acsapm.0c00356,2020,,"Silicone-based fouling-release coatings (FRCs) have received increasing interest because they are environmentally friendly. However, the coatings with poor mechanical properties and low adhesion to substrate are diﬃcult to repair after damage, which limits their applications. In this study, poly(dimethylsiloxane)-based polyurea (PDMS-PUa) was modiﬁed by adding nanodiamond with perﬂuoroalkyl attached on the surface. The modiﬁed PDMS-PUa coating has high water contact angle (124°) and low surface energy (18 mJ m−2) due to the presence of the self-enriched perﬂuoro groups and polysiloxane on the ",8,6.18
149.pdf,■INTRODUCTION,10.1021/ma300291q,,,"Copolymerization of ε-caprolactone and methyl methacrylate with (1-tert-butyl-4,4,4-tris(dimethylamino)-2,2-bis[tris(dimethylamino)- phophoranylidenamino]-2Λ5,Λ5-catenadi(phosphazene) (t-BuP4) as the catalyst has been studied. Nuclear magnetic resonance (NMR) and diﬀerential scanning calorimetry (DSC) measurements indicate that the cyclic ester and vinyl monomer form a random copolymer. Thermogravimetric analysis (TGA) measurements demonstrate that such a random copolymer exhibits a decomposition temperature higher than those of the corresponding homopolymers. The present study reveals a “hybr",6,0.68
15.pdf,Live membrane filters with immobilized quorum quenching bacterial strains for anti-biofouling,10.1016/j.memsci.2021.119895,2022,,"Membrane filters are core materials for water treatment, reuse, and desalination. However, their fouling caused by biofilm growth is a major challenge, needing resolution. Here, we report the new strategies and efficacy of anti-biofouling membranes fabricated through the immobilization of quorum quenching (QQ) bacterial strains (Rhodococcus sp. BH4). The QQ cells are not attached to the membrane by direct phase inversion. However, they anchor to the membrane with its incubation in the presence of hydrophilic polymers (polyvinyl alcohol and alginate) as evidenced in the spectroscopic and morpho",10,6.64
150.pdf,Anionic Hybrid Copolymerization of Sulfur with Acrylate: Strategy for Synthesis of High-Performance Sulfur-Based Polymers,10.1021/jacs.3c04746,2023,,"Copolymerization of elemental sulfur (S8) with vinyl monomers to develop new polymer materials is significant. Here, for the first time, we report the anionic hybrid copolymerization of S8 with acrylate at 25 °C, yielding a copolymer with short polysulfide segments; i.e., each of them consists of only one to four sulfur atoms. The formation of a longer polysulfide segment would be ceaselessly disrupted by carbon anions through the chain-transfer reaction. The copolymer of S8 with diacrylate was cross-linked and exhibited excellent mechanical properties, with an ultimate tensile strength as hig",9,4.36
151.pdf,"Silicone Elastomer with Surface-Enriched, Nonleaching Amphiphilic Side Chains for Inhibiting Marine Biofouling",10.1021/acsapm.9b00253,,,"Silicone elastomer is one of the ecofriendly fouling release materials. However, it suﬀers from poor fouling resistant performance during idle periods. We developed a silicone elastomer with self-stratifying, nonleaching amphiphilic side chains by grafting telomer of dodecaﬂuoroheptyl methacrylate (DFMA), poly(ethylene glycol) methyl ether methacrylate (PEGMA), and 3- mercaptopropyl trimethoxysilane (KH590) to bis-silanol terminated silicone. The amphiphilic telomer can be self-enriched on the surface during coating formation because the ﬂuorocarbon segment with low surface energy is incompati",8,3.64
152.pdf,Anti-Biofouling and Self-Cleaning Surfaces Featured with Magnetic Artificial Cilia,10.1021/acsami.0c05403,2020,,"The fouling of surfaces submerged in a liquid is a serious problem for many applications including lab-on-a-chip devices and marine sensors. Inspired by the versatility of cilia in manipulating ﬂuids and particles, it is experimentally demonstrated that surfaces partially covered with magnetic artiﬁcial cilia (MAC) have the capacity to eﬃciently prevent attachment and adhesion of real biofouling agentsmicroalgae Scenedesmus sp. Actuation of the MAC resulted in over 99% removal of the algae for two diﬀerent scenarios: (1) actuating the MAC immediately after injecting the algae into a microﬂuid",11,8.39
153.pdf,Surface-Enriched Amphiphilic Polysiloxane Coating with Superior Antifouling Ability and Strong Substrate Adhesion,10.1021/acsapm.3c00199,2023,,"The coexistence of superior antifouling ability and strong substrate adhesion is a typical trade-off for a silicone coating but is highly desirable in numerous applications. Herein, we present a surface-enriched antifouling coating consisting of a bis- silane-terminated polyurea (SPU), an oligosiloxane nanocluster, and a bi-silanol-terminated poly(dimethylsiloxane) with fluorocar- bon and poly(ethylene glycol) side chains as a reactive amphiphilic polymer (RAP). The oligosiloxane nanoclusters can cross-link the flexible SPU into a tough polymer network and interlink the polymer network to the ",10,6.45
154.pdf,Inhibition of Marine Biofouling by Use of Degradable and,10.1021/acs.iecr.5b01819,2008,,"Silyl acrylate copolymers are promising materials for marine antibiofouling. However, their structures need optimizing to improve their erosion and mechanical properties. We have prepared copolymer of 2-methylene-1,3-dioxepane (MDO), tributylsilyl methacrylate (TBSM) and methyl methacrylate (MMA) via radical ring-opening copolymerization. Such polymer has a degradable backbone and hydrolyzable side groups. Our study demonstrates that as the ester units in the backbone increase, the degradation rate increases but the swelling decreases in seawater. The degradation is controlled by the polymer c",7,2.32
155.pdf,Specific Ion Effects on the Enzymatic Degradation of Polymeric Marine Antibiofouling Materials,10.1021/acs.langmuir.9b01740,,,"It is expected that the widely dispersed ions in seawater would have strong inﬂuence on the performance of polymeric marine antibiofouling materials through the modulation of enzymatic degradation of the materials. In this work, poly(ε-caprolactone)-based polyurethane and poly(triisopropylsilyl methacrylate-co-2-methylene-1,3-dioxepane) have been employed as model systems to explore the speciﬁc ion eﬀects on the enzymatic degradation of polymeric marine antibiofouling materials. Our study demonstrates that the speciﬁc ion eﬀects on the enzymatic degradation of the polymer ﬁlms are closely corr",10,1.73
16.pdf,Eco-friendly covalently connected silicone hydrogel with negatively charged surface for marine anti-biofouling,10.1016/j.porgcoat.2024.108833,,,"In this study, a silicone hydrogel (Gel-TA-Si-x) with amphiphilic and negatively charged surfaces was prepared by combining low surface free energy silicone with highly hydrophilic hydrogel materials using the method of one-step solvent-free bulk polymerization. The hydrogel films exhibited good mechanical properties. This was primarily reflected in the high tensile strength (1 MPa) and elongation at break (358.1 %). Notably, the film exhibited increased hydrophobicity, higher water contact angle and gradual decline in water absorption rate as the mPDMS monomer dosage increased. Despite this, ",11,9.73
17.pdf,Polydopamine functionalised ceria-zirconia nanoparticles embedded water-borne epoxy nanocomposite for anti-biofouling coatings,10.1016/j.porgcoat.2023.108094,2024,,"Biofouling, the accumulation of microorganisms, plants, algae on wet surfaces is one of the major issues adversely affecting the overall hydrodynamic performance of the marine vessels. Ceria (CeO2) nanoparticles (NPs) are effectively used as anti-biofouling agent to prevent the deterioration of steel structures, due to their excellent redox capacity. Various approaches are being investigated to enhance the antifouling activity of ceria NPs. Here, we report the development of novel polydopamine (PDA) functionalised ceria-zirconia nanoparticles filled water-borne epoxy nanocomposite coating to p",17,13.06
18.pdf,Constructing micro-dynamic surface of boron-polyurethane with endurable anti-fouling properties,10.1016/j.porgcoat.2022.107243,2023,,"Self-polishing coatings (SPC) with renewable surfaces are widely used in the shipping industry and offshore installations to prevent unexpected costs and safety concerns from marine biofouling. However, self-polishing coatings still suffer from uncontrollable release of antifouling biocides which is called “initial burst and final decay” and poor mechanical properties. Herein, a series of controlled-release boron-polyurethane antifouling coatings (DBIT) were prepared with good mechanical properties and micro-dynamic surface. 2, 2-bis(hydroxy­ methyl)propionic acid (DMPA) and pyridine-diphenylb",8,5.26
19.pdf,Degradable hyperbranched polymer with fouling resistance for antifouling coatings,10.1016/j.porgcoat.2021.106141,2021,,"The controlled release of antifoulant is critical in marine antifouling, which is profoundly influenced by the compatibility between polymer resin and antifoulant. Conjugation of polymers with active molecules provides a promising strategy to solve the problem. In this study, we report the synthesis of hyperbranched polymers containing antifouling main-chains and degradable branching points by using reversible addition-fragmentation chain-transfer (RAFT) polymerization. The copolymerization of butyl methacrylate, vinyl-functional Econea and divinyl-functional poly(ε-caprolactone) (PCL) yields ",5,1.71
2.pdf,Microscale characterization of abiotic surfaces and prediction of their biofouling/anti-biofouling potential using the AFM colloidal probe technique,10.1016/j.cis.2022.102796,2022,,"Given its detrimental consequences, biofouling is a central problem in industrial applications that affects sub­ merged artificial abiotic surfaces. For instance, it shortens the service life of surfaces operating in marine and industrial environments, such as ship hulls, pipelines, heat exchangers, water filtration membranes, biosensors, and medical implants and concomitantly increases maintenance demands. In recent years, research has been propelled by the urge to minimize the replacement and maintenance costs related to the biofouling of abiotic surfaces. Colloidal probe atomic force micros",33,6.54
20.pdf,Anti-biofouling functional surfaces for marine aquaculture,10.1016/j.colsurfa.2022.128313,2022,,Aquaculture is a global-scale industry providing sustainable production of protein-rich foods required to feed the growing world population. Microalgae cultivation in aquaculture bioreactors can exude extracellular polymeric substances leading to biofouling of culture infrastructure and increased algal disease risk. A structure–behaviour relationship was developed by examining how the surface wettability of a range of functional nanocoatings impacts the extent of biofouling during exposure to continuous microalgae culture under normal hydrodynamic conditions. High-wetting (hydrophilic) surface,9,4.26
22.pdf,A Universally Applicable Strategy for Construction of Anti‐Biofouling Adsorbents for Enhanced Uranium Recovery from Seawater,10.1002/advs.201900002,2019,,,10,1.84
23.pdf,"Anti‐Biofouling and Healable Materials: Preparation, Mechanisms, and Biomedical Applications",10.1002/adfm.201800596,2018,,,25,9.04
25.pdf,Materials Chemistry B,10.1039/c3tb20454e,,,,8,0.55
26.pdf,Non-silicone elastic coating with fouling resistance and fouling release abilities based on degradable hyperbranched polymer,10.1016/j.porgcoat.2022.107350,2023,,"Developing eco-friendly antifouling materials for combating marine biofouling has long been a challenging task. Herein, we report a non‑silicone elastomer coating based on hyperbranched poly (ε-caprolactone) (HPCL) cross- linked with an amphiphilic triblock copolymer of poly(ethylene glycol)-block-poly(propylene glycol)-block-poly (ethylene glycol). The polymer coating is prepared by ring-opening polymerization and self-condensation re­ actions, which can be prepared at a large scale. Such a coating is expected to have a self-renewed surface, fouling resistance and fouling release abilities. Q",7,3.07
27.pdf,Resorcinol–formaldehyde resin combining epoxy resin as composite coating with efficient anti-corrosion resistance and anti-biofouling capacity,10.1016/j.porgcoat.2025.109177,2025,,"In marine environments, microbial contamination and corrosion have persistently threatened the integrity of ships and marine equipment, driving the demand for high-performance coatings integrating anti-corrosion and anti-biofouling functionalities. Herein, for the first time, resorcinol-formaldehyde resin (RF) was used as the filler to introduce epoxy resin (EP) to form an RF/EP composite coating with dual-function anti-corrosion and anti- biofouling protection. Anti-corrosion resistance tests, including open circuit potential (OCP), electrochemical impedance spectroscopy (EIS), and neutral sa",10,6.65
28.pdf,Squid inspired elastomer marine coating with efficient antifouling strategies: Hydrophilized defensive surface and lower modulus,10.1016/j.colsurfb.2022.112392,2022,,"In antifouling applications for the marine industry, low surface energy coatings entail turbulent water flow to release marine biofouling, which presents a substantial challenge for antifouling in the static situation. The traditional solution is to add environmentally friendly antifouling agents, but it has the problem of exhaustion. Therefore, the low surface energy elastic antifouling coating without antifoulants has high research value. Herein, inspired by soft body and epidermal mucus of squid, the stable polyvinylpyrrolidone (PVP) hydrophilic segments were introduced to modify the polydi",10,6.49
3.pdf,Antifouling coatings based on the synergistic action of biogenic antimicrobial agents and low surface energy silicone resins and their application to marine aquaculture nets,10.1016/j.porgcoat.2024.108656,2024,,"Aquaculture nets used in seawater for a long time are susceptible to biofouling, and antifouling coatings are a cost-effective way to solve this problem. In this study, biogenic antimicrobial components were extracted from two plants, Houttuynia and Scutellarin, and modified with methylphenyl silicone resin (MSR) by physical blending. Two flexible antifouling coatings with synergistic action of biogenic antimicrobial agents and low surface energy silicone resin for marine aquaculture nets were prepared separately. The prepared coatings retained the low surface energy properties of silicone res",10,6.68
30.pdf,Dynamics of marine bacterial biofouling communities after initial Alteromonas genovensis biofilm attachment to anti-fouling paint substrates,10.1016/j.marpolbul.2021.112895,2021,,"To determine how bacterial communities succeed after the initial attachment of the bacterial biofilm adhesion using 16S rDNA meta-barcoding in plates coated with copper-based anti-fouling (AF) and non-AF (control) coatings as well as ambient seawater, coated plates were submerged in a marine environment in situ. Alteromonas genovensis (Gammaproteobacteria) in AF coating and Pacificibacter sp. (Alphaproteobacteria) in the control plate were initially abundant. In the AF coating, the abundance of A. genovensis decreased rapidly, whereas that of genus Phaeobacter (Alphaproteobacteria), Serratia (",10,9.95
31.pdf,Antibacterial-renew dual-function anti-biofouling strategy: Self-assembled Schiff-base metal complex coatings built from natural products,10.1016/j.jcis.2022.08.178,2022,,"Marine biological fouling has caused huge economic losses and environmental problems. Therefore, it was essential to develop effectively environment-friendly biofouling resistance technology. Here, inspired by the natural module of bacterial secretions, animal and plant extracts, we synthesized Schiff based compounds through Tobramycin (TOB) from Streptomyces and Protocatechualdehyde (PR) from black fern. Furthermore, a dynamic self-renewal Schiff based metal composite coating- (Fe/TOB-PR)n was prepared via layer by layer self-assembly (LBL) method. It was proved to be a versatile coating, whi",12,4.77
32.pdf,Grafting embedded poly(ionic liquid) brushes on biomimetic sharklet resin surface for anti-biofouling applications,10.1016/j.porgcoat.2021.106298,2021,,"In this work, we combined 3D printing technology and subsurface-initiated ring opening metathesis polymeri­ zation (ROMP) to construct a multi-scale brush-based antifouling surface. A biomimetic sharklet structured substrate embedded with ROMP initiator was prepared by 3D printing with commercial acrylic resin. Then, the embedded poly(ionic liquid) brushes were grafted onto the as-prepared biomimetic sharklet via subsurface- initiated ROMP of a novel ionic liquid monomer containing benzotriazole and imidazole groups ([BNIm][Br]). A series of characterization including infrared spectroscopy, X-",8,4.25
33.pdf,Coatings with a self-generating hydrogel surface for antifouling,10.1016/j.polymer.2011.06.033,2011,,"We prepared a coating by mixing a polyfunctional axiridine cross-linking agent and a self-polishing resin pre-synthesized via the polymerization of methyl methacrylate (MMA), acrylic acid (AA) and tributylsilyl methacrylate (TBSM). The coating can be easily applied on a surface to form a cross-linked polymer ﬁlm by conventional brushing or spraying method. After immersing it into seawater, the ﬁlm self-generates a thin soft and dynamic layer of hydrogel at the water-contacting surface because of the hydrolysis of TBSM. Such a hydrogel-formation process continues after gradual corrosion and det",7,1.08
34.pdf,"A comprehensive review on anticorrosive/antifouling superhydrophobic coatings: Fabrication, assessment, applications, challenges and future perspectives",10.1016/j.cis.2024.103090,2024,,"Superhydrophobicity (SHP) is an incredible phenomenon of extreme water repellency of surfaces ubiquitous in nature (E.g. lotus leaves, butterfly wings, taro leaves, mosquito eyes, water-strider legs, etc). Historically, surface exhibiting water contact angle (WCA) > 150◦and contact angle hysteresis <10◦is considered as SHP. The SHP surfaces garnered considerable attention in recent years due to their applications in anti-corrosion, anti-fouling, self-cleaning, oil-water separation, viscous drag reduction, anti-icing, etc. As corrosion and marine biofouling are global problems, there has been f",41,34.14
35.pdf,Osthole-infused polyurethane flexible coatings for enhanced underwater drag reduction and robust anti-biofouling,10.1016/j.porgcoat.2024.108213,2024,,"Excessive underwater drag, coupled with a heavy marine fouling, not only adversely affects the operation and speed of ships but also leads to increased energy and fuel consumption. Inspired by the remarkable drag reduction and anti-biofouling capabilities of dolphin skin, we have developed a flexible polyurethane (PU) coating infused with osthole (OST). This coating not only exhibits exceptional drag reduction by postponing the boundary layer transition from laminar to turbulent flow but also demonstrates robust anti-biofouling properties under both dynamic and static scenarios. The resultant ",14,21.07
36.pdf,Rapid curing and self-stratifying lacquer coating with antifouling and anticorrosive properties,10.1016/j.cej.2021.129755,2021,,"Natural lacquers have long been used as environment-friendly and renewable coatings. Generally, they dry slowly and do not have fouling resistance limiting their applications. Herein, we report a rapid curing, self- stratifying amphiphilic hybrid lacquer coating with excellent antifouling and anticorrosive properties. The coating was prepared by using a natural lacquer coupled with hyperbranched polysiloxane terminated by multi- amine (HPSi) and silane-terminated amphiphilic telomer (S-FP) through a facile sol–gel process. The introduc­ tion of HPSi greatly shortened the drying time and improv",11,5.18
37.pdf,Eco-friendly marine antifouling coating consisting of cellulose nanocrystals with bioinspired micromorphology,10.1016/j.carbpol.2022.120504,2023,,"Nanomaterial-incorporated surfaces with microstructures have been widely used for marine antifouling coatings, yet limited green antifouling coatings are currently available for sustainable application, given the potential environmental effects of nanomaterial-based nanofillers. Here, by using natural sourced nanomaterials (cellulose nanocrystals, CNCs) as nanofillers, a nanocomposite superhydrophobic coating was fabricated via a simple sol- gel synthesis method. Notably, CNCs were firstly applied in the marine antifouling realm to form uniform and stable coatings, which were condensed with hy",9,8.37
38.pdf,"The integrated anti-corrosion and anti-biofouling coating with high mechanical strength: Design, preparation and performance study",10.1016/j.susmat.2024.e01214,,,"Long-term marine engineering equipment and infrastructure service will inevitably encounter corrosion and biofouling issues. However, the design and development of the integrated anti-corrosion and anti-biofouling coatings still face challenges. In this work, two types of coatings are designed based on the principles of liquid perfusion on a porous layered double hydroxides (LDH) film. The paraffin coating on LDH film has a good self-cleaning property against sea water, dyed deionized water, and coffee. Due to the resin perfusion, the adhesion force of epoxy resin coating increases by 50.9 % c",15,26.61
39.pdf,Biodegradable polyurethane based clay composite and their anti-biofouling properties,10.1016/j.colsurfa.2021.126946,2021,,"The colonization of tiny marine organisms on ship’s hull which are connected directly from seawater, is a costly issue. Biofouling contributes to enhanced hydrodynamic drag, which leads to higher consumption of fuel and greenhouse gas emissions. Therefore, the environment-friendly solution is very necessary for anti-biofouling activity. For this purpose, we have synthesized biodegradable polyurethane (CL-PU) composed of ε-CL and 4,4′-methylenebis(cyclo­ hexyl isocyanate) (H12MDI) and 1,4 butanediol (1,4 BD). The synthesized CL-PU was further modified with 4, 5- dicholoro-2-octyl-isothiazolone ",11,5.02
4.pdf,Morphology regulation and application of nano cobalt oxide (Co3O4) electrocatalysts for chlorine evolution toward marine anti-biofouling,10.1016/j.jcis.2022.08.004,2022,,"For the optical equipment used in the marine environment, the quality and accuracy of the tests are easily affected by biological fouling. Hence, good anti-fouling performance is crucial for preserving the optical equipment. A new electrochemical chlorination anti-fouling system has been proposed for years and is suitable for underwater optical windows. In this paper, nano Co3O4 electrocatalysts with different mor- phologies were prepared through the hydrothermal method to study the structure–activity relationship between their electrochemical properties and morphologies. The nanourchin Co3O4 ",13,4.97
40.pdf,Immobilization of Cu-MOF with SiO2 aerogel in a marine coating to enhance its long-term anti-biofouling performance,10.1016/j.mtchem.2025.102918,,,"Marine biofouling can cause economic, environmental and safety issues. Here the Cu-MOF/SiO2 aerogel@PDMS coatings were prepared to prevent the colonization of fouling organisms. The Cu-MOF-74 which can continu­ ously provide copper ions was successfully synthesized through a simple method. SiO2 aerogel was employed to immobilize Cu ions (Cu-MOF) by the formation of -Si-O-Cu-O-, thereby achieving the goal of more stable release of copper ions from the coating. And the improvement of coating hydrophobicity also helps to enhance the stability of MOFs. The Cu-MOF/SiO2 aerogel@PDMS coating exhibits",14,15.4
41.pdf,"Self-healing, highly elastic and amphiphilic silicone-based polyurethane for antifouling coatings",10.1039/d0tb02465a,,,,11,4.38
42.pdf,Amidoxime Group‐Anchored Single Cobalt Atoms for Anti‐Biofouling during Uranium Extraction from Seawater,10.1002/advs.202105008,2022,,,9,2.17
43.pdf,Transparent Polymer‐Ceramic Hybrid Antifouling Coating with Superior Mechanical Properties,10.1002/adfm.202011145,2021,,,7,1.92
44.pdf,"Self‐Reinforcing Gradient Antifouling Coating with High Adhesion, On‐Demand Peelability, and Superior Recyclability",10.1002/adfm.202508400,,,,10,6.05
45.pdf,Self-repairing silicone coatings for marine anti-biofouling,10.1039/c7ta05241c,2008,,,7,1.2
46.pdf,Advanced nanostructured surfaces for the control of marine biofouling,10.1116/1.2844718,2005,,"The AMBIO project (‘Advanced Nanostructured Surfaces for the Control of Biofouling’) is an Integrated Project funded by the European Commission under its 6th Framework Programme. The 5-year project, which started in 2005, is devoted to the knowledge- based development of antifouling coatings that function through their nanoscale properties, without the use of biocides or materials that are released into the environment. The principal knowledge-driven strategy of the project is to achieve structure/property/performance correlations for a wide range of nanostructured coating designs. State-of-th",17,1.3
47.pdf,"Transparent superhydrophilic cellulose-based coating with anti-fogging, anti-biofouling and oil/water separation properties",10.1016/j.susmat.2025.e01278,,,"It is a huge challenge to design multifunctional superhydrophilic coatings by bio-based raw materials and low carbon emissions in full life cycle. As a green, hydrophilic, low-cost material, cellulose has irreplaceable ad­ vantages in the preparation of sustainable superhydrophilic coatings. Here, a novel and large-scale transparent saxifrages-biomimetic superhydrophilic cellulose-based coating (SES) was fabricated by one-step method through blending semi-wet maleic anhydride esterified cellulose (EC) modified cellulose with waterborne styrene-acrylate latex (SAL) and sodium dodecyl sulfate (S",12,12.07
48.pdf,Biodegradable polymer as controlled release system of organic antifoulant to prevent marine biofouling,10.1016/j.porgcoat.2016.12.011,2017,,"Controlled release of antifoulant is critical for marine antibiofouling. We have prepared polyurethane with degradable polyester segments consisting of poly(ethylene adipate) (PEA), poly(1,4-butylene adi- pate) (PBA) or poly(1,6-hexamethylene adipate) (PHA) and used it as the release system for organic antifoulants. The degradation rate of the polyurethane increases with the content of the degradable seg- ments. On the other hand, as the segments change from PEA, PBA to PHA, the degradation rate decreases because the crystallinity increases but the ester group density decreases. Such degradabl",6,1.05
49.pdf,Anti-fouling properties of microstructured surfaces bio-inspired by rice leaves and butterfly wings,10.1016/j.jcis.2013.12.019,2013,,"Material scientists often look to biology for new engineering solutions to materials science problems. For example, unique surface characteristics of rice leaves and butterﬂy wings combine the shark skin (antifouling) and lotus leaf (self-cleaning) effects, producing the so-called rice and butterﬂy wing effect. In this paper, we study antifouling properties of four microstructured surfaces inspired by rice leaves and fabricated with photolithography and hot embossing techniques. Anti-biofouling effectiveness is deter- mined with bioassays using Escherichia coli whilst inorganic fouling with si",20,8.78
5.pdf,Environmental,10.1039/d0en00023j,2020,,,11,1.1
50.pdf,Preparation and antifouling performance of tin-free self-polishing antifouling coatings based on side-chain suspended indole derivative structural resins,10.1016/j.marpolbul.2024.116931,2023,,"Tin-free self-polishing antifouling coatings have the highest market share since organotin self-polishing anti­ fouling coatings have been banned. However, its high dependence on cuprous oxide was found to have caused potential harm to the environment, making it necessary to improve the functionality of the resin. In this paper, a zinc acrylate resin with side chain hanging indole derivative structure was prepared by using N-(1H-5-bro­ moindole-3-methylene) (BIAM) with good biological activity as functional monomer. The functional resin with good antifouling performance was selected by antibac",10,5.71
51.pdf,Graphene oxide/polyvinylpyrrolidone composite coating on 316L SS with superior antibacterial and anti-biofouling properties,10.1016/j.porgcoat.2021.106356,2021,,"Here, we report the fabrication of a graphene oxide (GO)/polyvinylpyrrolidone (PVP) (GP) composite coating on 316L stainless steel (SS) with superior antibacterial and anti-biofouling performance using electrophoretic deposition (EPD). At an optimal EPD condition (10 V, 60 s), PVP and GO concentrations of 0.03 and 0.1 wt%, respectively, a uniform crack free coating with superior antibacterial and anti-biofouling properties is obtained. The morphology and composition of the composite coating were characterized by field emission scanning electron microscope (FESEM), X-ray photoelectron spectrosc",13,5.38
52.pdf,Mussel-inspired anti-biofouling and robust hybrid nanocomposite hydrogel for uranium extraction from seawater,10.1016/j.jhazmat.2019.120984,2019,,"A major challenge of uranium extraction from seawater (UES) is to eﬀectively block the biofouling without destroying the ecological balance, especially prevent the attachment of macroalgae on the surface of the ad- sorbent. Herein, a robust montmorillonite-polydopamine/polyacrylamide nanocomposite hydrogel is reported by a two-step method, including PDA intercalation MMT and further free radical polymerization with AM monomers. The interpenetrating structure of hydrogel lead to high water permeability with the swelling ratio of 51, which could fully facilitate the internal accessible sites exp",12,4.58
53.pdf,Anti-biofouling potential of extremely water-repellent carbon soot coatings immersed in a highly-contaminated seawater swamp,10.1016/j.porgcoat.2023.107719,2023,,"The undesired translocation of marine microorganisms during sailing and the excessive expenditures for ship hull repairment due to biofouling could be circumvented using superhydrophobic coatings. Unfortunately, the combined effect of underwater currents and colonizing activity of multitudinous foulants on the anti-microbial performance of existing non-wettable materials is still at infant stage. The paramount objective here is to evaluate for the first time the potential of two mechanically durable water-repellent soot coatings towards the inhibition of bacterial proliferation in “real-life” ",8,2.84
54.pdf,Journal Pre-proof,10.1016/j.jes.2025.05.038,2025,,,49,2.37
55.pdf,Surface hydrolysis-anchored eugenol self-polishing marine antifouling coating,10.1016/j.jcis.2023.01.058,2022,,"Traditional self-polishing antifouling coatings kill surface organisms by releasing toxic substances, which are damaging to the ecosystem. As a natural antimicrobial substance, eugenol is environmentally friendly and has been proven by different research teams to be effective in enhancing the anti-fouling effect of coatings in the real sea. While in these previous research works, the eugenol was released directly into the seawater thus cannot further serve as surface antifouling effect, leading to a limited antifouling effect of the coating. In this work, the quaternary ammonium component was ",9,3.44
56.pdf,Underwater superoleophobic composite coating characteristic of durable antifouling and anticorrosion properties in marine environment,10.1016/j.colsurfa.2021.127323,2021,,"Biofouling of marine vessels often results in low fuel efficiency and severe hull corrosion, an ecological friendly coating with long durability and high Benefit-cost is greatly desired to prevent biofouling and bioadhesion. Herein, a facile “Glue + Powder” strategy was employed to synthesize a composite coating with satisfactory oil-repellent and anti­ corrosion properties, in which the hexadecyl-trimethoxysilane modified SiO2 nanoparticles (NPs) act as super­ hydrophobic undercoating and polyacrylic acid modified ZnO NPs implanted in polydimethylsiloxane as superoleophobic finishing coat. Im",14,13.23
57.pdf,Nature-inspired anti-fouling strategies for combating marine biofouling,10.1016/j.porgcoat.2024.108349,2024,,"Marine biofouling is a major international challenge, which causes significant problems for global ecologies and economies. It manifests as the extensive and costly colonization of submerged surfaces with marine organisms, and it additionally results in the transportation of invasive, destructive, species around the globe. Effective, passive, antifouling treatments have been elusive - so far, only toxic treatments have been effective. To-date, long-term effective anti-fouling coatings are non-passive. These systems rely primarily on exfoliating surface layers (self-polishing) which continually",28,20.39
58.pdf,"Simultaneous realization of antifouling, self-healing, and strong substrate adhesion via a bioinspired self-stratification strategy",10.1016/j.cej.2022.137875,2022,,"Antifouling ability and substrate adhesion are typical trade-offs seen for a silicone coating. Furthermore, the self- healable inability limits their duration. This study reports a bioinspired self-stratifying coating composed of a polyurethane with dopamine and silane pedant groups and a bi-silanol-terminated poly(dimethylsiloxane) with fluorocarbon and poly(ethylene glycol) segments as a reactive amphiphilic polymer (RAP). During coating for­ mation, the RAP with low surface energy can be enriched on the surface due to the self-stratifying effects, whereas the bioinspired dopamine and silane",9,4.66
59.pdf,Effects of hydrolyzable comonomer and cross-linking on anti-biofouling terpolymer coatings,10.1016/j.polymer.2013.04.010,2012,,"Antifouling coatings based on the cross-linked terpolymer chains made of methyl methacrylate (MMA), the hydrolyzable tributylsilyl methacrylate (TBSM) or triisopropylsilyl methacrylate (TIPSM) and acrylic acid (AA) were developed. By varying the hydrolyzable monomer content and the cross-linking degree, a set of such prepared coatings were evaluated in terms of their degradation rate, swelling degree, contact angle and antifouling properties. After immersed in seawater, such coatings quickly self-generate a thin and swollen hydrogel layer at the water-contacting surface due to the hydrolysis o",7,1.31
6.pdf,"Self‐Adaptive Zwitterionic Polysilazane Coatings with Mechanical Robustness, High Transparency, and Broad‐Spectrum Antiadhesion Properties",10.1002/adma.202413035,,,,10,8.13
60.pdf,A catfish Skin-inspired dual-antifouling epoxy thermoset as coatings for marine antifouling applications,10.1016/j.cej.2024.159057,,,"Simultaneously endowing marine coatings with excellent intrinsic bactericidal and anti-adhesion properties is a subject of great practical significance and challenge. Inspired by the dual-antifouling effect of catfish, we developed epoxy thermoset as marine antifouling coatings with contact sterilization and anti-adhesion capa­ bilities. Here, a dual-antifouling epoxy thermoset can be conveniently obtained by using bisphenol A diglycidyl ether (DGEBA) as the matrix resin, 1,3-diamino-2-hydroxypropane (DAHP) as the antibacterial curing agent, and polyethylene glycol dicarboxylate diglycidyl eth",11,11.06
61.pdf,"Latest research progress of marine microbiological corrosion and bio-fouling, and new approaches of marine anti-corrosion and anti-fouling",10.1016/j.bioactmat.2019.04.003,,,"Marine resources and industry have become one of the most important pillars in economic development all over the world. However, corrosion of materials is always the most serious problem to the infrastructure and equipment served in marine environment. Researchers have found that microbiologically influenced corrosion (MIC) and marine bio-fouling are two main mechanisms of marine corrosions due to the complicated marine environment and marine organisms. This article summarized the latest research progress about these two me- chanisms and indicated that both MIC and marine bio-fouling are close",7,2.59
62.pdf,Anti-biofouling materials and surfaces based on mussel-inspired chemistry,10.1039/d1ma00053e,2021,,,15,8.72
63.pdf,Anti-biofouling marine diterpenoids from Okinawan soft corals,10.1080/08927014.2024.2443029,2025,,,11,1.68
64.pdf,P. pavoninus‐Inspired Smart Slips Marine Antifouling Coating Based on Coumarin: Antifouling Durability and Adaptive Adjustability of Lubrication,10.1002/adfm.202310702,,,,10,9.61
65.pdf,"!""#$%&'()*+,-./01",,,,,13,3.18
66.pdf,Natural Product Zanthoxylum bungeanum Based Multi‐Functionalized Self‐Polishing Interface for Sustainable Marine Antifouling,10.1002/admi.202201195,2022,,,12,2.34
67.pdf,rsc.li/soft-matter-journal,,2019,,,22,7.58
68.pdf,Stimuli-responsive composite coating based on dynamic metal-ligand interactions for sustainable marine antifouling,10.1016/j.susmat.2025.e01521,,,"While copper-based antifoulants represent effective solutions for marine biofouling prevention, their utilization efficiency remains a critical challenge. This investigation demonstrates a pH-responsive hydrogel composite through synergistic integration of poly(acrylic acid) networks with histidine-coordinated cupric nanoclusters. The main ligand configuration of histidine and Cu2+ was identified as “imidazole-dominated and carboxyl- assisted” by density functional theory (DFT) simulation, which provides theoretical support for the pH sensitivity of hydrogel. This coating releases Cu2+ precise",12,20.89
69.pdf,High-strength and anti-biofouling nanofiber membranes for enhanced uranium recovery from seawater and wastewater,10.1016/j.jhazmat.2022.128983,2022,,"Ultrathin fibers can increase the contact area between adsorbents and seawater during the uranium extraction process; however, their construction usually aggravates the complex spinning technology and lowers their me­ chanical strength. Meanwhile, high strength and antifouling ability are essential for ocean adsorbents to with­ stand the complex natural environment and microbial systems. Herein, we design high-strength and anti- biofouling poly(amidoxime) nanofiber membranes (HA-PAO NFMs) via a supramolecular crosslinking. Bacte­ rial cellulose supplies the NFMs with ultrathin fiber structure,",10,7.8
7.pdf,Polysiloxane-Based Block Copolymers with Marine Bacterial Anti-,10.1021/acsami.5b04234,,,"Di- and triblock copolymers based on tert- butyldimethylsilyl methacrylate (MASi) and poly- (dimethylsiloxane) (PDMS) macro-RAFT agents were synthe- sized resulting in copolymers with predictable molar masses and low dispersities (Đ < 1.2). The block copolymers exhibited two glass transition temperatures, corresponding to the PDMS- and poly(tert-butyldimethylsilyl methacrylate) (PMASi)-enriched phases, respectively. Contact angle measurements revealed the inﬂuence of the copolymer composition on their surface free energy, with block copolymers exhibiting surface free energies as low as 15.0 mJ",9,4.53
70.pdf,Engineering a hard sol-gel adaptive coating with nonleaching antifoulant against marine biofouling in static conditions,10.1016/j.porgcoat.2024.108402,2024,,"Covalently tethered, nonleaching antifoulant groups to surface or coating matrix are being explored as an eco­ friendly option to develop a robust antifouling coating with enhanced static antifouling ability. And most of marine antifouling coatings usually have a relatively low coating hardness owing to intrinsically polymeric property. In this work, we exploited the self-assembly of random zwitterionic amphiphilic copolymers with an isothiazolinone-based antifoulant to develop a scalable hard (> 6H pencil hardness) coating against marine biofouling under static conditions. Upon exposure to aq",9,6.88
71.pdf,Rapid fabrication of zwitterionic coating on 316L stainless steel surface for marine biofouling resistance,10.1016/j.porgcoat.2021.106552,2021,,"Zwitterionic polymers are considered as nontoxic fouling-resistant materials, and have been widely studied in recent years. However, the immobilization of zwitterionic polymers on metal surfaces still suffers from the complicated and time-consuming procedures. In this work, a zwitterionic polydopamine/poly(sulfobetaine methacrylate) (PDA/PSB) coating on 316L stainless steel surface was fabricated by simply immersing in a mixed solution of dopamine, sulfobetaine methacrylate (SB) and oxidants for 30 mins. The anti-fouling performance of PDA/PSB coating was evaluated in terms of organic molecule",8,5.19
72.pdf,Biodegradable poly(ester)-poly(methyl methacrylate) copolymer for marine anti-biofouling,10.1016/j.porgcoat.2018.08.003,2008,,"Being biodegradable and eco-friendly, polyesters are promising in marine anti-biofouling. However, the slow degradation and poor adhesion limit their applications. In the present work, we have prepared poly(ester)-poly (methyl methacrylate) copolymer via radical ring-opening copolymerization of 2-methylene-1,3-dioxepane (MDO) and methyl methacrylate (MMA). The copolymer coating has good adhesion to substrate due to the incorporation of MMA moieties. The main-chain ester bonds from MDO enable the copolymer to enzymatically and hydrolytically degrade, and the degradation rate increases with the ",6,1.39
73.pdf,Biodegradable polymers for marine antibiofouling: Poly(&epsi;-caprolactone)/poly(butylene succinate) blend as controlled release system of organic antifoulant,10.1016/j.polymer.2016.03.017,2015,,"Polymer carrier is critical for the controlled release of antifoulant in marine anti-biofouling. We have prepared biodegradable polymer blend consisting of poly(ε-caprolactone) (PCL) and poly(butylene suc- cinate) (PBS) and used it as carrier of organic antifoulant (4,5-dichloro-2-octyl-isothiazolone). Polarizing optical microscope (POM) and differential scanning calorimetry (DSC) measurements show that the spherulite size of PCL decreases and its crystallinity slightly varies as PBS fraction increases leading the interfacial regions between PCL and PBS spherulites to increase in the total are",7,3.02
74.pdf,Green biolubricant infused slippery surfaces to combat marine biofouling,10.1016/j.jcis.2020.02.049,2019,,"Hypothesis: Marine biofouling is a global, longstanding problem for maritime industries and coastal areas arising from the attachment of fouling organisms onto solid immersed surfaces. Slippery Liquid Infused Porous Surfaces (SLIPS) have recently shown promising capacity to combat marine biofouling. In most SLIPS coatings, the lubricant is a silicone/ﬂuorinated-based synthetic component that may not be fully compatible with the marine life. We hypothesized that eco-friendly biolubricants could be used to replace synthetic lubricants in SLIPS for marine anti-fouling. Experiments: We developed S",13,2.78
75.pdf,Refreshable self-polishing superhydrophobic coating on Mg alloy to prohibit corrosion and biofouling in marine environment,10.1016/j.colsurfa.2022.129693,2022,,"Corrosion susceptibility is a critical obstacle for Mg alloy usage in harsh environments. Bioinspired super­ hydrophobic surface (SHS) affords a new way to combat corrosion. However, problems, e.g., water vapor condensation and air dissolution, ceaselessly hurdle practical usage of SHS for long-term corrosion inhibition. In this report, targeting the corrosion inhibition of Mg alloy in seawater, a refreshable self-polishing super­ hydrophobic coating is bound onto AZ31 Mg alloy bridging via a ceramic/paraffin buffer layer to solve the two problems encountered by traditional SHS. Firstly, the l",13,16.41
76.pdf,Fabrication of zwitterionic polymer-functionalized MXene nanosheets for anti-bacterial and anti-biofouling applications,10.1016/j.porgcoat.2023.107727,2023,,"Marine biological pollution is a worldwide problem that poses a significant challenge in marine engineering. MXene nanosheets and zwitterionic polymers are promising materials for marine anti-biofouling and have attracted much attention. Herein, we self-assembled the polydopamine layer on the surface of MXene nanosheets (MXene-PDA), and then introduced the zwitterionic polymer (PEIS) by Michael addition reaction onto the PDA layer to obtain the zwitterionic polymer-functionalized MXene nanosheets (MXene-PEIS). The as-prepared MXene-PEIS exhibits excellent antifouling performance through the co",8,4.86
77.pdf,Impacts of different characteristics of marine biofouling on ship resistance,10.1016/j.oceaneng.2023.114415,2023,,"Ship resistance research on marine biofouling is an old but hot topic which invokes plenty of studies recently. Previous studies on the surface roughness of ship hulls mainly focus on the height of micro-organisms or macro- organisms adhered to ship hulls without considering other components which may indeed play an important role in generating additional resistance. Many authors attempt to use a single parameter, for example, height of the biofoulers, to describe the hull roughness. Our research indicate that any single factor affecting ship hull roughness can not completely reflect the compo",9,5.39
78.pdf,In-situ fabricated hierarchical nanostructure on titanium alloy as highly stable and durable super-lubricated surface for anti-biofouling in marine engineering,10.1016/j.cej.2023.142389,2023,,"Titanium alloys, with superior corrosion resistance, have been widely used in marine engineering. However, they are biocompatible and attractive to biofouling organisms. In this work, based on the micro-arc oxidation and hydrothermal treatment, a Slippery Liquid-Infused Porous and Prickly Surface (SLIPPS) was in-situ fabricated on titanium alloy (TA2) via a cost-efficient and facile process. The hierarchical nanostructure consisting of micro/ nano-pores and nano-prickles was infused by lubricant to form a super-lubricated surface. The micro/nano-pores can offer sufficient space to store the lu",13,10.92
79.pdf,Achieving anti-corrosion and anti-biofouling dual-function self-healing coating by natural carrier attapulgite loading with 2-Undecylimidazoline,10.1016/j.jmst.2022.11.029,2023,,"In the marine environment, the protective coatings face serious corrosion and biofouling problem, lim- itations, and challenges that made self-healing coatings unable to perform both anti-corrosion and anti-biofouling dual-function at the same time. Here we constructed the corrosion resistance and anti-biofouling self-healing coating by integrating nano-containers into the coating matrix, the 2- Undecylimidazoline (ULM) acted as a corrosion inhibitor and anti-biofouling dual-functional agent which was loaded on the natural container attapulgite (ATP). To obtain high healing eﬃciency, a ﬂuidity",13,6.38
8.pdf,,10.11777/j.issn1000-3304.2018.18074,2018,,,6,1.81
80.pdf,Nature-inspired silicone-polythiourethane coatings based on capsaicin analogue for marine biofouling control,10.1016/j.cej.2025.164362,,,"Capsaicin analogue, as natural product analogues, have demonstrated significant anti-fouling effects. However, few studies have explored the fluorescence properties of capsaicin in marine biofouling control. A novel capsaicin analogue, N-(2-ethoxynaphthalene)-acrylamide (NEA), was successfully synthesized through a Friedel-Crafts alkylation reaction. A series of nature-inspired silicone-polythiourethane coatings based on capsaicin analogue, denoted as PP-NEA-x, were prepared via a thiol-ene click reaction. Due to the polythiourethane matrix, these coatings exhibited excellent mechanical proper",10,6.85
81.pdf,"Functional nanomaterials, synergisms, and biomimicry for environmentally benign marine antifouling technology",10.1039/d1mh01103k,2021,,,38,18.18
82.pdf,Biofouling in industrial equipment: a look at quorum sensing and quorum quenching as anti-fouling st,10.1080/21622515.2024.2317819,2024,,,17,2.39
83.pdf,Dynamic Surface Antifouling Materials,10.1002/cjoc.202300321,2023,,,8,1.51
84.pdf,Nacre‐Inspired Metal‐Organic Framework Coatings Reinforced by Multiscale Hierarchical Cross‐linking for Integrated Antifouling and Anti‐Microbial Corrosion,10.1002/adfm.202305995,,,,14,4.8
85.pdf,Demystifying AI and ML for Cyber–Threat Intelligence,,,,,605,32.15
86.pdf,Bio‐Based Anti‐Biofoulant with Copper(II) as Intramolecular Catalyst for Radicals Formation,10.1002/admi.202201882,2023,,,11,4.12
87.pdf,A bibliometric analysis of cellulose anti-fouling in marine environments,10.1016/j.heliyon.2024.e28513,2024,,"Marine biofouling poses significant challenges to maritime industries worldwide, affecting vessel performance, fuel efficiency, and environmental sustainability. These challenges demand inno­ vative and sustainable solutions. In this review, the evolving landscape of cellulose-based ma­ terials for anti-fouling applications in marine environments is explored. Through a comprehensive bibliometric analysis, the current state of research is examined, highlighting key trends, emerging technologies, and geographical distributions. Cellulose, derived from renewable resources, offers a promising aven",17,6.28
88.pdf,Antifouling and anti-algal effects of chitosan nanocomposite (TiO2/Ag) and pristine (TiO2 and Ag) films on marine microalgae Dunaliella salina,10.1016/j.jece.2018.10.050,,,"Biofouling is the main problem for marine water systems such as the immersed leisure vessels, oceanographic sensors, heat exchangers, and ship hulls. The obstacle of biofouling created by barnacles, mussels, bacteria, and micro and/or macro algal species. To overcome this problem, some metal nanoparticles incorporated ﬁlms and membranes were employed to control the biofouling. In this study, metal nanoparticles (Ag NPs and TiO2) of diﬀerent concentrations (0.25, 0.5, 0.75 wt %) were incorporated with chitosan polymer to fabricate nano- composite and pristine ﬁlms. The biofouling inhibition was",11,2.33
89.pdf,Strong yet tough cross-linked oligosiloxane elastomer with impact-resistant and antifouling properties,10.1016/j.cej.2023.142769,2023,,"Polyurea with strong hydrogen bond interactions has excellent mechanical strength, toughness, and strain-rate- dependent behavior. However, the too fast polymerization and lack of functions limit its applications. In this study, a high-strength polyurea elastomer with impact resistance and antifouling function was prepared with secondary amine–oligosiloxane nanoclusters and a diisocyanate-terminated polytetrahydrofuran (PTMG)-based prepolymer, where the nanoclusters provide mechanical strength and antifouling ability while the urea segments give elasticity and toughness. Due to the lower react",10,6.93
9.pdf,Al/Cu Enhancement in Marine Anti‐Biofouling and Anti‐Biocorrosion Performance of High‐Entropy Alloys,10.1002/adfm.202502816,,,,15,16.62
90.pdf,Multi-strategy combined bionic coating for long-term robust protection against marine biofouling,10.1016/j.jmst.2024.05.025,2025,,"Polyurethane-ﬂuorinated polysiloxane (PU-F PDMS) with high-strength, high-bonding and low surface en- ergy is synthesized as the matrix, and the PU-F PDMS/MCs/Ag marine anti-fouling coating on the sur- face of imitation crab shells is constructed by assembling butenolide@1,1-stilbene-modiﬁed hydrolyzed polyglycidyl methacrylate/graphene oxide microcapsules (Bu@PGMAm /GO MCs) with compact multi-shell structure and Ag nanoparticles (AgNPs) step by step on the PU-F PDMS matrix. The PU-F PDMS/MCs/Ag bionic anti-fouling coatings achieve long-term and stable anti-fouling effect under the combination",13,8.93
91.pdf,Polymeric material for anti-biofouling,10.1016/j.colsurfb.2012.04.045,2012,,"Copolymerization of methyl methacrylate (MMA) and acrylate terminated poly(ethylene oxide-co- ethylene carbonate) (PEOC) macromonomer yields graft copolymer with PEOC side chains. By use of quartz crystal microbalance with dissipation (QCM-D), we have investigated the adsorption of proteins on the surface constructed by the copolymer in seawater. It shows the polymeric surface exhibits protein resistance depending on the content of the side chains. Marine ﬁeld tests show the protein resistant surface can effectively inhibit marine biofouling for more than 12 weeks. © 2012 Elsevier B.V. All rig",5,0.58
92.pdf,"Hydrophilic polymer-based anti-biofouling coatings: Preparation, mechanism, and durability",10.1016/j.cis.2020.102264,2020,,"a r t i c l e i n f o Article history: 2 September 2020 Available online 9 September 2020 Keywords: Hydrophilic polymers Anti-biofouling Durability Zwitterion Coatings Anti-biofouling materials that combat microorganism attachment have been intensively studied due to the ever-growing demand on smart and durable coatings. Although various hydrophilic polymer surfaces demon- strated superior anti-biofouling properties, their practical application was hampered by the undesired mechan- ical vulnerability and complicated fabrication process. In this review, we summarized the mechanically and chemic",16,7.02
93.pdf,Evaluation of biofouling behavior of zwitterionic silane coated reverse osmosis membranes fouled by marine bacteria,10.1016/j.porgcoat.2019.05.027,,,"Zwitterionic modiﬁcation of membrane surfaces is a promising approach to decrease membrane biofouling. In this study, biofouling properties of two commercial polyamide (PA) reverse osmosis (RO) desalination mem- branes coated with zwitterionic sulfobetaine silane compounds including4-(diethyl(3-(trimethoxysilyl)propyl) ammonia)butane-1-sulfonate (EPBS) and 3-(dimethyl(3-(trimethoxysilyl)propyl)ammonia)propane-1-sulfonate (MPPS) were investigated using ﬁve diﬀerent marine bacteria isolated from Bosphorus, Turkey. To mimic the real environment, new marine strains were isolated for the biofouling",9,7.11
94.pdf,Design of slippery organogel layer with room-temperature self-healing property for marine anti-fouling application,10.1016/j.porgcoat.2019.03.020,,,"Slippery liquid-infused porous surfaces (SLIPS) was proven to be a potential strategy for inhibiting marine biofouling, which is an economic and environmental problem. The traditional SLIPS fabricated based on ca- pillary effect of micro-structure was prone to be damaged in practical application. To solve this problem, a slippery organogel layer (OG) was designed by infusing silicone oil into poly(dimethylsiloxane) based polyurea (PDMS-PUa) synthesized from α, ω-Aminopropyl terminated poly(dimethylsiloxane) (APT-PDMS) and iso- phorone diisocyanate (IPDI). The self-healing property of the subst",7,4.07
95.pdf,"Functional polymer-ceramic hybrid coatings: Status, progress, and trend",10.1016/j.progpolymsci.2024.101840,2024,,"The pursuit of achieving both ceramic-like hardness and polymer-like ﬂexibility in a coating, known as a polymer–ceramic hybrid coating, is a challenging yet highly desirable goal. The application of these coatings spans various domains such as foldable displays, wearable devices, maritime industries, and biomedical engineering. Particularly, endowing polymer–ceramic hybrid coatings with functions such as transparency, anti-liquid adhesion, anti-biofouling, and self-healing expand their potential in ﬁelds ne- cessitating highly protective performance, which have gained signiﬁcant attention in ",37,13.33
96.pdf,Indole-functionalized polythiourethane/tetrapodal shaped ZnO nanocomposites for eco-friendly marine biofouling control,10.1016/j.porgcoat.2023.107939,2023,,"Antifouling coatings for marine use are a widely employed method for controlling the settlement and growth of unwanted aquatic organisms on surfaces. In this study, indole derivative N-(1H-5-bromo indole-3-ylmethyl) acrylamide (BIAM)-functionalized polythiourethane (PTU)/tetrapodal shaped zinc oxide (t-ZnO) nano­ composites (PTU/BIAM/t-ZnO) were synthesized through a Friedel–Crafts Alkylation reaction, thiol-ene click reaction and polyaddition reaction. Nanocomposites' surface characteristics, such as surface free energy, chemical composition, and surface morphology were investigated here. The",10,5.4
97.pdf,Self-regenerating zwitterionic hyperbranched polymer with tunable degradation for anti-biofouling coatings,10.1016/j.porgcoat.2021.106674,2022,,"Regeneration of zwitterionic surfaces is a promising strategy to combat biofouling. In this study, we have pre­ pared degradable hyperbranched anti-biofouling polymers of methyl methacrylate, tertiary carboxybetaine ester (TCB), and divinyl monomers via reversible addition-fragmentation chain transfer (RAFT) polymerization. The degradation rate of such polymers is a function of the content or type of divinyl monomers. As the content of methacrylic anhydride (MAAH) increases, the degradation rate of the polymer becomes faster; whereas, a change of the divinyl monomers causes the degradation rat",9,3.68
98.pdf,Marine antifouling coatings with surface topographies triggered by phase segregation,10.1016/j.jcis.2021.04.031,2021,,"Marine biofouling is a ubiquitous and longstanding challenge that causes both economic and environ- mental problems. To address this, several antifouling strategies have been proposed, such as the release of biocidal compounds or surface chemical/physical design. Here we report a coating with surface struc- tures (chemical heterogeneity) triggered by phase segregation, which endues the good antifouling prop- erties, alongside robust mechanical properties, low underwater oil adhesion, and excellent optical transparency. This is achieved by arranging the hydrophobic and hydrophilic components to",9,3.1
99.pdf,Marine biofouling mitigation of PDMS-based network coating with cross-linked contact- and release-active organoalkoxysilane,10.1016/j.porgcoat.2024.108743,,,"Poly (dimethylsiloxane) (PDMS) elastomer is one of key polymer resins for fouling release (FR) coatings, but it shows extremely poor antifouling (AF) activity in seawater since bacteria and diatoms could readily attach to surface. Modifying PDMS-based coatings via incorporating antifouling additives is effective for enhancing overall FR and AF activity. In this work, we prepared a well-defined organoalkoxysilane coating additive with quater- nary ammonium and benzoisothiazolinone pendent groups, and the synthesized copolymers were covalently conjugated onto PDMS network in a one-pot reaction. ",8,5.7
@1-s2.0-S0014305717308911-main.pdf,Zwitterionic–polyurethane coatings for non-specific marine bacterial inhibition_ A nontoxic approach for marine application,10.1016/j.eurpolymj.2017.09.019,2003,,"The present work reports synthesis and development of zwitterionic tri-block copolymer-poly- urethane (ZTC-PU) coatings which are thermally stable and have hydrophobic properties which can be used for marine applications. The zwitterionic tri-block copolymer (ZTC) (poly(sulfobe- taine methacrylate) - polydimethylsiloxane - poly(sulfobetaine methacrylate), polySBMA-block- PDMS-block-polySBMA) was synthesized by ATRP (atom transfer radical polymerization) method. Apart from this, the facile synthesis of silane functionalized acrylic polyol was for- mulated with 4,4′- Methylene dicyclohexyl diiso",12,1.22
@1-s2.0-S0014305718306694-main.pdf,Facile preparation of structured zwitterionic polymer substrate via sub-surface initiated atom transfer radical polymerization and its synergistic marine antifouling investigation,10.1016/j.eurpolymj.2018.07.025,,,"In this paper, using one-step method of sub-surface initiated atom transfer radical polymerization (SSI-ATRP), the novel polymer brushes accompanied with structured surface were prepared on the resin base. Compared with the traditional surface initiated atom transfer radical polymerization (SI-ATRP) method, either surface chemical composition or topography was obtained through SSI-ATRP synchronously. Besides, we found that the struc- tured polymers brush interface had better stability and long-term synergistic antifouling eﬀect under seawater medium through soaking experiment and ocean ﬁeld as",7,2.0
@1-s2.0-S0014305719301764-main.pdf,Fabrication of epoxy modified polysiloxane with enhanced mechanical properties for marine antifouling application,10.1016/j.eurpolymj.2019.05.002,2008,,"Marine biofouling is a catastrophic problem for maritime industries, which catches researchers’ attention. Antifouling coatings have been proved to be an eﬀective approach to against fouling organisms. Herein, we ﬁrstly synthesized polydimethylsiloxane with aminopropyl-terminated pendant groups (APDMS) through a ring opening polycondensation, and then APDMS was reacted with bisphenol A type epoxy resin (DGEBA) to form the epoxy modiﬁed polysiloxane-based resin (EAPDMS). The curing behavior of DGEBA/APDMS was studied by diﬀerential scanning calorimetry (DSC) with a non-isothermal curing method.",9,2.59
@1-s2.0-S001430572200533X-main.pdf,Silicone low surface energy antifouling coating modified by zwitterionic side chains with strong substrate adhesion,10.1016/j.eurpolymj.2022.111529,2022,,"Silicone fouling release coatings were receiving increasing concern due to of their eco-friendly properties. However, their poor fouling resistance capability and mechanical properties limited the applications. Herein, we reported a type of silicone low surface energy coating with zwitterionic side chains and the carbamates group was introduced into the Si-O main chain. The carbamates groups and zwitterions provided strong substrate adhesion up to 2.0 MPa through hydrogen bond and ion interaction which also endowed the good mechanical properties higher than 6.0 MPa. The coating had a low surfa",10,6.09
@1-s2.0-S0021979721023316-main.pdf,Synergistically Improved Antifouling Efficiency of a Bioinspired Self-renewing Interface via a Borneol/ Boron Acrylate Polymer,10.1016/j.jcis.2021.12.187,2021,,"Underwater facilities are often perplexed by severe and ubiquitous biofouling. The widely applied com- mercial antifouling materials still have several challenges in static applications. Herein, a polymer con- taining isoborneol and borane (PBABs), the borneol derivative structure and grafted pyridine- triphenylborane (PTPB) as antifouling groups were prepared by radical polymerization. PBABs showed high antibacterial rates for Escherichia coli (E. coli) and Staphylococcus aureus (S. aureus) of up to 95.1% and 81.1%, respectively, conﬁrming superior antibacterial adhesion propertys. More impor",8,2.81
@1-s2.0-S0021979723000644-main.pdf,Surface hydrolysis-anchored eugenol self-polishing marine antifouling coating,10.1016/j.jcis.2023.01.058,2022,,"Traditional self-polishing antifouling coatings kill surface organisms by releasing toxic substances, which are damaging to the ecosystem. As a natural antimicrobial substance, eugenol is environmentally friendly and has been proven by different research teams to be effective in enhancing the anti-fouling effect of coatings in the real sea. While in these previous research works, the eugenol was released directly into the seawater thus cannot further serve as surface antifouling effect, leading to a limited antifouling effect of the coating. In this work, the quaternary ammonium component was ",9,3.44
@1-s2.0-S0032386113003248-main.pdf,Effects of hydrolyzable comonomer and cross-linking on anti-biofouling terpolymer coatings,10.1016/j.polymer.2013.04.010,2012,,"Antifouling coatings based on the cross-linked terpolymer chains made of methyl methacrylate (MMA), the hydrolyzable tributylsilyl methacrylate (TBSM) or triisopropylsilyl methacrylate (TIPSM) and acrylic acid (AA) were developed. By varying the hydrolyzable monomer content and the cross-linking degree, a set of such prepared coatings were evaluated in terms of their degradation rate, swelling degree, contact angle and antifouling properties. After immersed in seawater, such coatings quickly self-generate a thin and swollen hydrogel layer at the water-contacting surface due to the hydrolysis o",7,1.31
@1-s2.0-S0032386116311089-main.pdf,PDMS-based films containing surface-active amphiphilic block copolymers to combat fouling from barnacles B.&nbsp;amphitrite and B.&nbsp;improvisus,10.1016/j.polymer.2016.12.021,2016,,"Surface-active amphiphilic diblock copolymers, Si-EFS14 and Si-EFS71, consisting of a poly(dimethyl siloxane) block (degree of polymerisation 11) and a poly(4-(triethyleneglycol monomethyl ether)-2,3,5,6- tetraﬂuorostyrene) block (average degree of polymerisation 14 and 71) were synthesised by ATRP. Films were prepared by incorporating each copolymer (4 wt%) into a PDMS matrix, which was then condensation cured. Bioassays were performed on the ﬁlms using two barnacle species, Balanus amphitrite and Balanus improvisus, at different stages of their life cycles. The cyprids of B. improvisus settl",7,0.88
@1-s2.0-S0079670022000144-main.pdf,Functional polymer materials for modern marine biofouling control,10.1016/j.progpolymsci.2022.101516,2022,,"Marine biofouling is a well-known massive problem: within the shortest time, ship hulls and other man-made submerged surfaces are inevitably populated by various marine organisms. Marine biofouling causes severe economic and environmental problems. Thus, effective biofouling control on submerged surfaces is of utmost importance. Since the middle of the 20th century, scientists and engineers have developed antifouling coatings mainly based on the continuous release of toxic metal ions and accompa- nying booster biocides to repel or kill organisms approaching the surface. However, these coatings",48,12.58
@1-s2.0-S0142941823001708-main.pdf,Self-repairing and anti-fouling performance of anticorrosive coating in marine environment,10.1016/j.polymertesting.2023.108090,2023,,"Microcrack damage repair and microbial contamination prevention are two major challenges for anti-corrosion coatings on the surfaces of underwater installations. In this study, water-triggered self-healing microcapsules were combined with low-surface-energy fluoropolymers to prepare a bifunctional anti-corrosion coating with underwater self-healing and bio-fouling properties. The results showed that the prepared microcapsules had good mechanical, thermal, and environmental stability, with an average diameter of 153 μm and an encapsulation rate of 66.7%. When the microcapsule content in the coa",18,18.45
@1-s2.0-S0169433215006960-main.pdf,Mimetic marine antifouling films based on fluorine-containing polymethacrylates,10.1016/j.apsusc.2015.03.101,2015,,"Novel methacrylate copolymers containing catechol and triﬂuoromethyl pendant side groups were syn- thesized by free radical polymerization of N-(3,4-dihydroxyphenyl)ethyl methacrylamide (DMA) and 2,2,2-triﬂuoroethyl methacrylate (TFME) with ,′-azobisisobutyronitrile (AIBN) as initiator. A series of copolymers with different content of TFME ranging from 3% to 95% were obtained by changing the molar ratio of DMA to TFME from 25:1 to 1:25. Fourier transform infrared (FT-IR) spectroscopy, gel permeation chromatography (GPC), thermal gravimetric analysis (TGA), differential scanning calorimetry (",10,3.27
@1-s2.0-S0169433218323572-main.pdf,Photopolymerized biomimetic self-adhesive Polydimethylsiloxane-based amphiphilic cross-linked coating for anti-biofouling,10.1016/j.apsusc.2018.08.214,,,"Biofouling as a global problem has made detrimental impact on many ﬁelds, especially for marine industry. Polydimethylsiloxane-based coatings are environment-friendly and exhibiting good fouling release performance in the marine coating application. However, their intrinsic low surface energy and high hydrophobic character lead to poor fouling resistance property and weak adhesion to substrate. In this work, we ﬁrstly fabricate self- adhesive PDMS-based amphiphilic cross-linked coatings with good anti-biofouling performance via synthesizing dopamine methacrylamide which then copolymerized with",10,2.28
@1-s2.0-S0254058420314620-main.pdf,A zwitterionic terpolymer based coating potentially for antibacterial and antifouling applications,10.1016/j.matchemphys.2020.124102,2021,,"Antifouling materials are highly demanded in global marine market due to increasingly aggravated marine biofouling problem and unbalanced marine ecology. Herein, poly (vinyl imidazole-co-hydroxypropyl methac­ rylate-co-butyl acrylate) (P(VIm-co-HPMA-co-BA)) was prepared via free radical polymerization of commercially available monomers of vinyl imidazole (VIm), hydroxypropyl methacrylate (HPMA) and butyl acrylate (BA). Then the zwitterionic terpolymer (P(VPS-co-HPMA-co-BA)) was obtained by ionicalization of P(VIm-co-HPMA- co-BA) with 1, 3-propionate lactone (1, 3-PS) in EtOH solutions. Further",14,12.73
@1-s2.0-S0300944018305496-main.pdf,Biodegradable poly(ester)-poly(methyl methacrylate) copolymer for marine anti-biofouling,10.1016/j.porgcoat.2018.08.003,2008,,"Being biodegradable and eco-friendly, polyesters are promising in marine anti-biofouling. However, the slow degradation and poor adhesion limit their applications. In the present work, we have prepared poly(ester)-poly (methyl methacrylate) copolymer via radical ring-opening copolymerization of 2-methylene-1,3-dioxepane (MDO) and methyl methacrylate (MMA). The copolymer coating has good adhesion to substrate due to the incorporation of MMA moieties. The main-chain ester bonds from MDO enable the copolymer to enzymatically and hydrolytically degrade, and the degradation rate increases with the ",6,1.39
@1-s2.0-S0300944019311543-main.pdf,Preparation of fluorinated/silanized polyacrylates amphiphilic polymers and their anticorrosion and antifouling performance,10.1016/j.porgcoat.2019.105510,,,"A series of ﬂuorinated/silanized polyacrylates amphiphilic polymers were successfully synthesized by changing its ﬂuorinated groups content (CFP) and then thoroughly characterized. A modiﬁed corrosion resistance (RSd) that takes the polymer ﬁlm thickness into account was proposed to evaluate the anticorrosion performance of the polymers. The results show that the thermal stability of all polymers is high with the decomposition temperature being higher than 330 °C, and the RSd larger than 108 Ωcm2 μm−1 even after immersion in 3.5 wt% NaCl static solution for 7 d. Meanwhile, almost all the polym",8,2.64
@1-s2.0-S0300944019314511-main.pdf,Preparation and evaluation of fouling-release properties of amphiphilic perfluoropolyether-zwitterion cross-linked polymer films,10.1016/j.porgcoat.2019.105524,,,"The biofouling of marine structures presents a problem for maritime industries, including increasing fuel and operational costs. There has been much work developing and evaluating chemically ‘ambiguous’ amphiphilic coatings based upon hydrophobic ﬂuoropolymer and hydrophilic poly(ethylene glycol) (PEG). Many of these coatings have shown good fouling-release performance against diatoms, which present a fouling challenge to commercially-available state-of-the-art silicone-based fouling-release coatings. However, PEG is prone to oxi- dation, which limits its practical use in the marine environmen",9,1.16
@1-s2.0-S0300944020311863-main.pdf,A polyvinylpyrrolidone-based surface-active copolymer for an effective marine antifouling coating,10.1016/j.porgcoat.2020.105975,2021,,"Currently, it is highly desirable to develop a stable and effective antifouling coating in maritime industries. In this work, a novel surface-active copolymer basing on hydrophilic polyvinylpyrrolidone (PVP) and hydrophobic poly (dimethylsiloxane) (PDMS) was designed and incorporated into a crosslinked PDMS matrix to form a surface- renewable antifouling coating. In the copolymer, PVP segments possessed a chemical stability and could pre­ vent the settlement of fouling organisms attributable to its strong hydrophilicity; PDMS endowed the copolymer with compatibility to PDMS matrix and could ef",8,4.49
@1-s2.0-S0300944021000114-main.pdf,Degradable hyperbranched polymer with fouling resistance for antifouling coatings,10.1016/j.porgcoat.2021.106141,2021,,"The controlled release of antifoulant is critical in marine antifouling, which is profoundly influenced by the compatibility between polymer resin and antifoulant. Conjugation of polymers with active molecules provides a promising strategy to solve the problem. In this study, we report the synthesis of hyperbranched polymers containing antifouling main-chains and degradable branching points by using reversible addition-fragmentation chain-transfer (RAFT) polymerization. The copolymerization of butyl methacrylate, vinyl-functional Econea and divinyl-functional poly(ε-caprolactone) (PCL) yields ",5,1.71
@1-s2.0-S0300944022005409-main.pdf,Constructing micro-dynamic surface of boron-polyurethane with endurable anti-fouling properties,10.1016/j.porgcoat.2022.107243,2023,,"Self-polishing coatings (SPC) with renewable surfaces are widely used in the shipping industry and offshore installations to prevent unexpected costs and safety concerns from marine biofouling. However, self-polishing coatings still suffer from uncontrollable release of antifouling biocides which is called “initial burst and final decay” and poor mechanical properties. Herein, a series of controlled-release boron-polyurethane antifouling coatings (DBIT) were prepared with good mechanical properties and micro-dynamic surface. 2, 2-bis(hydroxy­ methyl)propionic acid (DMPA) and pyridine-diphenylb",8,5.26
@1-s2.0-S0300944022006683-main.pdf,Fabrication of amphiphilic self-healing coatings with high mechanical properties and their antifouling performance,10.1016/j.porgcoat.2022.107371,2023,,"A self-healing antifouling coating with excellent mechanical strength was prepared via a simple “one-step” method. A series of well-designed amphiphilic block copolymer polydimethylsiloxane-poly(2-(dimethylamino) ethyl methacrylate) (PDMS-PDMAEMA) synthesized by atom transfer radical polymerization was introduced to the self-healing polydimethylsiloxane-based polyurethane (PDMS-PU) system, which was further zwitter­ ionized during solidification. The slight swelling resulting from zwitterionic segments promoted the contact fusion rate of the mechanically damaged parts, which improved the under",10,5.99
@1-s2.0-S0300944023005428-main.pdf,Dynamic migration mechanism of borneol synergistic polyethylene glycol for the construction of silicon-acrylate antifouling coating,10.1016/j.porgcoat.2023.107946,2024,,"Silicone-based coatings are vulnerable to marine fouling organisms in static environments, which seriously hampers its practical application. Here, an amphiphilic acrylate polymer is designed by hydrophilic polyethylene glycol and antibacterial borneol, which is introduced into polydimethylsiloxane (PDMS) by covalent linking to prepare antifouling coatings. XPS and CA tests prove that amphiphilic acrylate polymer can migrate to coating surface in the marine environment to maximize antifouling properties. Mytilus edulis foot protein adhesion test find it can weaken interface force between Mefp-",8,6.81
@1-s2.0-S0300944023007610-main.pdf,Molecular structure design of polybenzoxazines with low surface energy and low modulus for marine antifouling application,10.1016/j.porgcoat.2023.108165,2024,,"The antifouling mechanism of low surface energy marine antifouling coatings is fouling release, and the key to fouling release is the adhesion strength of fouling organisms on the coating surface. Herein, we report an antifouling strategy to improve the fouling release performance of antifouling coatings by control the surface free energy and elastic modulus. Natural biomass cardanol-based benzoxazine monomers with different structures were designed by molecular structure and successfully synthesized via Mannich condensation. Detailed infor­ mation of the chemical structure for the benzoxazine",11,7.35
@1-s2.0-S030094402400153X-main.pdf,Anti-fouling amphiphilic surfaces from norbornene-based fluorinated copolymers with excellent mechanical properties,10.1016/j.porgcoat.2024.108361,2024,,"Amphiphilic coatings have garnered significant attention in the realm of fouling resistance due to their potential to reduce fouling adhesion and enhance fouling release. However, developing anti-fouling amphiphilic surfaces with robust mechanical properties remains a formidable challenge. Herein, a series of norbornene-based amphiphilic copolymers (PNPFE-PEG-x) with varying NPEG mass fractions (0–50 wt%) were well-designed and fabricated via living ring-opening metathesis polymerization (ROMP) employing norbornene-based fluori­ nated monomer (NPFE) and poly(ethylene glycol) (NPEG) monomer. Th",9,5.49
@1-s2.0-S0300944024002637-main.pdf,Enhanced antifouling performance with a synergistic effect of self-renewal antifouling and contact bacteriostasis via the ionic exchange,10.1016/j.porgcoat.2024.108471,2024,,"It is extremely difficult for traditional coatings for antifouling constructed around a single antifouling strategy to adapting to the demands of complex marine environment. Herein, a poly-ionic liquid-based germicidal polyacrylate-3 coating (AFC-3) was prepared via free radical photo-copolymerization using isooctyl acrylate (2- EHA), butyl acrylate (BA) and ionic liquid monomer (IL-PF6) as monomers. Besides the contact bacteriostasis mechanisms, the introduction of IL-PF6 achieved the switch between self-renewal and hydrophilic surface by the exchange of PF6 −and Cl−in artificial seawater. Re",7,5.22
@1-s2.0-S0300944024005356-main.pdf,Marine biofouling mitigation of PDMS-based network coating with cross-linked contact- and release-active organoalkoxysilane,10.1016/j.porgcoat.2024.108743,,,"Poly (dimethylsiloxane) (PDMS) elastomer is one of key polymer resins for fouling release (FR) coatings, but it shows extremely poor antifouling (AF) activity in seawater since bacteria and diatoms could readily attach to surface. Modifying PDMS-based coatings via incorporating antifouling additives is effective for enhancing overall FR and AF activity. In this work, we prepared a well-defined organoalkoxysilane coating additive with quater- nary ammonium and benzoisothiazolinone pendent groups, and the synthesized copolymers were covalently conjugated onto PDMS network in a one-pot reaction. ",8,5.7
@1-s2.0-S0300944025000876-main.pdf,Schiff base modified polyurethane coating with enhanced mechanical property for marine antifouling application,10.1016/j.porgcoat.2025.109138,,,"Silicone coatings cannot completely prevent the adhesion of marine organisms on hull surfaces under static conditions. In this study, a Schiff base modified polyurethane antifouling coating (PUx-SBSi) was prepared by a facile method. The silicone modified by Schiff base not only retained the low surface energy characteristic, but also effectively addressed the inherent issue of insufficient static antifouling performance in single silicone-based materials. The PUx-SBSi coatings inhibited the adhesion of marine bacteria (Pseudomonas xiamenensis (P. xiamenensis)) up to 95.3 %. Furthermore, the P",9,8.94
@1-s2.0-S030094402500092X-main.pdf,"Transparent, hydrophobic, self-polishing organosilicon-modified zinc acrylate polymer coating for marine antifouling",10.1016/j.porgcoat.2025.109143,,,"Considering the increasing efforts toward marine environment protection, the replacement of the conventional self-polishing antifouling coatings with their ecofriendly alternatives is urgently required. The key aspect of this transformation is the augmentation of the antifouling capabilities of matrix resins, which enables a substantial reduction in the use of antifouling agents. Consequently, research on high-performance self-polishing antifouling matrix resins is of utmost importance. Herein, to prepare a multifunctional zinc acrylate polymer for marine antifouling, an acrylate siloxane mono",13,11.0
@1-s2.0-S0300944025001924-main.pdf,"Cationic, hydrolysable side-chain regulated self-renewal brush copolymers for antibacterial and antifouling marine coatings",10.1016/j.porgcoat.2025.109243,2008,,"Copolymers with quaternized poly(lauryl methacrylate)-b-poly(2-(N,N-dimethylamino) ethyl methacrylate) (PLMA-b-PDMAEMA) as the side chain, polycaprolactone (PCL) and siloxane bridged with hexamethylene dii­ socyanate (HDI) as the main chain were developed for antifouling marine coatings. With the hydrolysis of the quaternized PLMA-b-PDMAEMA and the degradation of PCL in seawater, the outmost surface of the coating peeled off by water shearing force. By exploring the co-effects of side chains, PCL and siloxane at varying contents, it was found that coatings with higher content of side chains te",11,6.8
@1-s2.0-S0300944025003066-main.pdf,Coral biomimetic PDMS marine antifouling coating based on the intrinsic antibacterial and fluorescent response synergistic strategies,10.1016/j.porgcoat.2025.109357,,,"The applicability of polydimethylsiloxane (PDMS)-based marine antifouling coatings is restricted by their limited mechanical properties and static antifouling capabilities. In this study, we have developed a coral biomimetic PDMS marine antifouling coating, designated as PDMS-DAF-x-AMC, which employs synergistic antifouling strategies based on intrinsic antibacterial and fluorescent response mechanisms. Here, ‘x’ represents the amount of 3,4-diaminofurazan (DAF) incorporated into the formulation. Hydroxyl-terminated polydimethylsiloxane was employed as the primary matrix with DAF serving as ch",12,8.74
@1-s2.0-S0300944025006502-main.pdf,Antifouling behaviour of pH responsive amphiphilic smart coatings on the basis of charge conversion in the marine environments,10.1016/j.porgcoat.2025.109701,,,"In response to complex marine fouling issues, this study developed pH-responsive amphiphilic antifouling coatings (PDHM) synthesized via condensation reactions between protonated zwitterionic-tertiary amine poly­ mers and polydimethylsiloxane (PDMS). These amphiphilic coatings demonstrate pH-responsive surface charge transitions governed by protonation equilibria. Under seawater conditions (pH ~ 8.3), the PDHM surface ex­ hibits negative charge enrichment, synergizing with a hydrated interfacial layer to impede biofouling adhesion. Subsequent surface acidification induced by colonizing organis",13,10.41
@1-s2.0-S0300944025006915-main.pdf,Silicone based polyurea antifouling coatings modified by polyethylene glycol with enhanced wear resistance,10.1016/j.porgcoat.2025.109742,,,"Polyurea coatings have attracted widespread attention due to their convenient application, excellent mechanical properties, and ability to meet the cleaning-resistance requirements of ships. However, their performance in inhibiting biological adhesion still needs improvement. Silicone-based materials have gained interest in marine antifouling owing to low surface energy, which is much lower than the adhesion of most marine organisms and environmental friendliness, but their mechanical properties often fall short of the requirements for cleaning resistance. In this work, a modified polyethylene",10,10.69
@1-s2.0-S0927776511000695-main.pdf,Anti-biofouling properties of amphiphilic phosphorylcholine polymer films,10.1016/j.colsurfb.2011.02.007,2011,,"Surfaces of amphiphilic phosphorylcholine polymer (PC1036) prepared by spin-coating were character- ized by spectroscopic ellipsometry, water contact angle and atomic force microscopy. The antifouling properties of the PC1036 ﬁlms to marine benthic diatom Nitzschia closterium MMDL533 were also inves- tigated. The results showed that the dry PC1036 ﬁlm promoted the adhesion of N. closterium MMDL533 because the hydrophobic lauryl groups were present in the ﬁlm surface. The 2 h-swelled PC1036 ﬁlms had excellent anti-fouling properties with extremely low attachment densities and retention densitie",6,0.64
@1-s2.0-S0927776519306629-main.pdf,Synthesis and evaluation of acrylate resins suspending indole derivative structure in the side chain for marine antifouling,10.1016/j.colsurfb.2019.110518,2002,,"A novel indole derivative (N-(1H-2-phenyl-indole-3-ylmethyl) acrylamide, NPI) synthesized by a Friedel-Crafts alkylation reaction was identiﬁed using IR spectroscopy, 1H NMR, 13C NMR and elemental analysis. The in- hibitory eﬀect of this novel indole derivative on bacteria and marine algae was studied. The results showed that the inhibition ratios of the indole derivative against Escherichia coli and Staphylococcus aureus were 95.93% and 94.91%, respectively, and the indole derivative possessed prominent inhibitory activity against Phaeodactylum tricornutum, Nitzschia Closterium and Skeletonem",8,1.88
@1-s2.0-S0927776522000753-main.pdf,Squid inspired elastomer marine coating with efficient antifouling strategies: Hydrophilized defensive surface and lower modulus,10.1016/j.colsurfb.2022.112392,2022,,"In antifouling applications for the marine industry, low surface energy coatings entail turbulent water flow to release marine biofouling, which presents a substantial challenge for antifouling in the static situation. The traditional solution is to add environmentally friendly antifouling agents, but it has the problem of exhaustion. Therefore, the low surface energy elastic antifouling coating without antifoulants has high research value. Herein, inspired by soft body and epidermal mucus of squid, the stable polyvinylpyrrolidone (PVP) hydrophilic segments were introduced to modify the polydi",10,6.49
@1-s2.0-S0927776522003551-main.pdf,Hydrophilic tyrosine-based phenolic resin with micro-ripples morphology for marine antifouling application,10.1016/j.colsurfb.2022.112672,2022,,"Since biofouling challenges negatively influence the marine and transportation industries, developing effective antifouling materials have attracted extensive concern. A tyrosine-based antifouling phenolic resin (TPP resin) was synthesized using tyrosine as a natural phenol source. TPP exhibited shell-like surface morphology with micro-ripples and excellent anti-adhesion properties against bacteria and diatom. The micro-ripples surface might be caused by the strong hydrogen bonding or ionic interaction among tyrosine units resulting in micro­ phase separation during the curing process. Tyrosin",8,7.3
@1-s2.0-S0927776524002212-main.pdf,The antibacterial and antialgal enhancement of the hydroquinone acrylamide polyurethane coating based on microphase separation,10.1016/j.colsurfb.2024.113962,2024,,"The undesirable and inevitable adhesion of marine organisms on submerged surfaces has seriously affect the environment, economy and society, so emerging and promising strategies for antifouling are required. Here, the novel and environmental strategy of the antibacterial and antialgal materials was proposed for the application of the antifouling coating without releasing harmful substances. The environment-friendly antifouling agent, the capsaicin derivative N-(2,5-dihydroxy-4-acrylamide meth-ylbenzyl)acrylamide (PHABA), was modified to the molecular chain of the polyurethane. The best tensile",9,7.93
@1-s2.0-S095965262303696X-main.pdf,A highly antifouling and eco-friendly hydrogel coating based on capsaicin derivative -functionalized polymer,10.1016/j.jclepro.2023.139538,2023,,"Antifouling hydrogels have received extensive attention in the field of marine antifouling due to their excellent hydrophilicity and environmental friendliness. However, the antifouling applications of traditional hydrogels are limited by their poor antibacterial properties, and capsaicin derivatives, as nontoxic and environmentally friendly antifoulants, can be used to improve the antibacterial properties of hydrogels. From the perspective of practical application, hydrogels were obtained by crosslinking the copolymer of the capsaicin derivative N,N’- ((4,5,6-trihydroxy-1,3-phenylene) bis (me",11,8.38
@1-s2.0-S1004954122003512-main.pdf,Eco-friendly biodegradable polyurethane based coating for antibacterial and antifouling performance,10.1016/j.cjche.2022.09.004,2021,,"Biofouling, which comprises the absorption of proteins and the adhesion of bacteria to the surface of liv- ing entities, is a severe concern for the maritime sector since it ultimately leads to hydrodynamic drag, resulting in a higher increase in fuel consumption. As a result, polymer resins are crucial in the marine sector for anti-biofouling coatings. In this work, the poly(caprolactone-ethylene glycol-caprolactone)-p olyurethane (PECL-PU) are prepared through e-caprolactone (CL), poly(ethylene glycol) (PEG), 4,40- methylene bis(cyclohexyl isocyanate) and 1,4 butanediol. Our study demonstrat",9,2.35
@1-s2.0-S1381514821001668-main.pdf,Construction of antifouling fluorinated polymer brush via activators regenerated by electron transfer ATRP and thiol-epoxy click reaction,10.1016/j.reactfunctpolym.2021.104974,2021,,"In this work, fluorine containing polymer brushes was grafted on the functionalized stainless steel (SS) by ac­ tivators regenerated by electron transfer atom transfer radical polymerization (ARGET-ATRP) and thiol-epoxy click reaction. PGMA brushes would be grafted on SS by coating the sheets with brominated polydopamine (PDA) as a reactive under-layer, and subsequently surface-initiate ARGET-ATRP of glycidyl methacrylate (GMA). Then the short-fluorinated alkyl chains were anchored on the PGMA backbones based on the click reaction between epoxy groups of PGMA and 1H, 1H, 2H, 2H-perfluorodecane",8,2.54
@1-s2.0-S1385894719312823-main.pdf,Direct formation of amphiphilic crosslinked networks based on PVP as a marine anti-biofouling coating,10.1016/j.cej.2019.06.025,2019,,"In this work, we developed a novel amphiphilic coating by incorporating poly (N-vinylpyrrolidone) (PVP), a highly hydrophilic polymer with strong physicochemically stability, into polydimethylsiloxane (PDMS) matrix. PVP was ﬁrstly functionalized with triethoxysilane and then directly crosslinked with PDMS to form an am- phiphilic network coating at room temperature. Results suggested that the hydrophilicity of PDMS matrix was signiﬁcantly improved after the modiﬁcation. Moreover, compared to pristine PDMS, PDMS-PVP coatings could eﬃciently prevent the adhesion of bacteria and Navicula diatoms ",11,3.55
@1-s2.0-S1385894720337980-main.pdf,Enhanced antifouling strategy with a strong synergistic effect of fluorescent antifouling and contact bacteriostasis using 7-amino-4-methylcoumarin,10.1016/j.cej.2020.127676,2021,,"Low surface energy coating can protect marine equipment from biofouling, however, remaining a challenge in static applications due to the lack of shear force provided by water scour. Herein, we developed a polyurethane with polydimethylsiloxane (PDMS), polytetrahydrofuran (PTMG) as main chains and 7-amino-4-methylcoumarin as antifouling group by condensation polymerization. Besides the fluorescence response to the ultraviolet band in seawater with high transmittance, the typical benzopyrone framework of 7-amino-4-methylcoumarin endows antibacterial properties. Owing to the strong synergistic e",7,5.74
@1-s2.0-S1385894720342509-main.pdf,Fabrication of bio-based amphiphilic hydrogel coating with excellent antifouling and mechanical properties,10.1016/j.cej.2020.128134,2021,,"Antifouling coatings are crucial to protect marine facilities and aquacultures from the damage of microorganisms for long-term serves. However, it is still a challenge to fabricate coating with excellent antifouling performance and superior mechanical stability. Here, we report a bio-based amphiphilic hydrogel coating with excellent antifouling and mechanical properties. The coating was achieved by the in-situ formation of hydrophobic and hydrophilic interpenetrating polymer network (IPN). The hydrophobic part from a synthesized silicon-containing epoxy resin contributes to superior mechanical",14,16.54
@1-s2.0-S1385894721040493-main.pdf,Sea slug inspired smart marine antifouling coating with reversible chemical bonds: Controllable UV-responsive coumarin releasing and efficient UV-healing properties,10.1016/j.cej.2021.132471,2022,,"Poly(dimethylsiloxane) (PDMS) has been received widespread attention as marine antifouling coatings, while its controllable release performance of antifoulants and mechanical behavior are relatively insufficient. In this study, inspired by sea slug’s defensive behavior against predators by ingesting toxins from prey and then releasing these toxins, a PDMS-based smart marine antifouling polyurethane (PU) coating was prepared, which had UV-responsive controllable coumarin-releasing and UV-healing properties. The UV-responsive coumarin- releasing mechanism was based on the dimerization and de-dim",10,9.87
@1-s2.0-S1385894722033617-main.pdf,"Simultaneous realization of antifouling, self-healing, and strong substrate adhesion via a bioinspired self-stratification strategy",10.1016/j.cej.2022.137875,2022,,"Antifouling ability and substrate adhesion are typical trade-offs seen for a silicone coating. Furthermore, the self- healable inability limits their duration. This study reports a bioinspired self-stratifying coating composed of a polyurethane with dopamine and silane pedant groups and a bi-silanol-terminated poly(dimethylsiloxane) with fluorocarbon and poly(ethylene glycol) segments as a reactive amphiphilic polymer (RAP). During coating for­ mation, the RAP with low surface energy can be enriched on the surface due to the self-stratifying effects, whereas the bioinspired dopamine and silane",9,4.66
@1-s2.0-S1385894724014141-main.pdf,Carp-inspired self-regulating marine antifouling coating: Featuring robust controlled release of eugenol and high-efficiency self-healing performance,10.1016/j.cej.2024.149929,2024,,"The practical application of low surface energy polydimethylsiloxane (PDMS) in marine antifouling is signifi­ cantly limited due to its inadequate static antifouling capability. Herein, integrating a strategy inspired by carps to release antifouling agents with the fouling release properties of low surface energy materials, an innovative self-regulating marine antifouling coating (named PDMS-Pun-x) was developed, which demonstrates remarkable robust ability of controlled release of eugenol and efficient self-healing performance. Under seawater, the coating regulates its inherent hydrophilicity",12,9.8
@1-s2.0-S1385894724105487-main.pdf,A catfish Skin-inspired dual-antifouling epoxy thermoset as coatings for marine antifouling applications,10.1016/j.cej.2024.159057,,,"Simultaneously endowing marine coatings with excellent intrinsic bactericidal and anti-adhesion properties is a subject of great practical significance and challenge. Inspired by the dual-antifouling effect of catfish, we developed epoxy thermoset as marine antifouling coatings with contact sterilization and anti-adhesion capa­ bilities. Here, a dual-antifouling epoxy thermoset can be conveniently obtained by using bisphenol A diglycidyl ether (DGEBA) as the matrix resin, 1,3-diamino-2-hydroxypropane (DAHP) as the antibacterial curing agent, and polyethylene glycol dicarboxylate diglycidyl eth",11,11.06
@1-s2.0-S138589472504015X-main.pdf,Engineered design of self-cleaning and antifouling organosilicon/eugenol-based zinc acrylate resin composite coating by forming semi-interpenetrating polymer networks,10.1016/j.cej.2025.163181,,,"The practical application of low surface energy organosilicon in marine antifouling is significantly limited due to its poor ability to eliminate biofoulings. Herein, combining organosilicon with zinc acrylate resin containing eugenol group (EAM-Zn) by means of semi-interpenetrating polymer networks (SIPNs), an innovative self- cleaning and antifouling composite coating was developed (named ExSiy), which integrates low surface energy and self-polishing. After 35 days of immersion in seawater, the hydrophobic organosilicon of E1Si3 coating impedes the penetration of water molecules into the int",13,12.58
@1-s2.0-S1385894725049228-main.pdf,Facile fabrication of polyacrylate-siloxane antifouling coatings with self-generated biomimetic surface,10.1016/j.cej.2025.164087,,,"Antifouling coatings with biomimetic micro-nano structure have been widely explored for the replacement of traditional self-polishing coatings that relied on high content of biocides. However, their application is limited by the complicated preparation process as well as the lack of antibacterial effect and durability of micro-nano structure. Herein, a bactericide-free antifouling coating with capability to self-generate biomimetic surface was prepared using trimethoxysilyl/triisopropylsilyl ester-bearing polyacrylate and amino-silane coupling agent. Owing to the spontaneous phase separation o",13,14.49
@1-s2.0-S1385894725051976-main.pdf,Nature-inspired silicone-polythiourethane coatings based on capsaicin analogue for marine biofouling control,10.1016/j.cej.2025.164362,,,"Capsaicin analogue, as natural product analogues, have demonstrated significant anti-fouling effects. However, few studies have explored the fluorescence properties of capsaicin in marine biofouling control. A novel capsaicin analogue, N-(2-ethoxynaphthalene)-acrylamide (NEA), was successfully synthesized through a Friedel-Crafts alkylation reaction. A series of nature-inspired silicone-polythiourethane coatings based on capsaicin analogue, denoted as PP-NEA-x, were prepared via a thiol-ene click reaction. Due to the polythiourethane matrix, these coatings exhibited excellent mechanical proper",10,6.85
@1-s2.0-S1385894725106712-main.pdf,Self-renewing zwitterionic silicone hybrid coatings with multi-modal bacterial resistance for superior anti-biofouling performance,10.1016/j.cej.2025.169828,,,"Zwitterion-modified silicone coating has gained prominence as eco-friendly antifouling materials due to the inherent resistance to microbial adhesion through hydrophilic charge rich feature. However, zwitterion-modified silicone exhibits poor static antibacterial efficacy as bacterial accumulation gradually compromises their anti­ fouling capability. To address this issue, we innovatively propose a dynamic hybrid coating architecture inte­ grating flexible polydimethylsiloxane (PDMS) chain segments, zwitterionic sulfobetaine silane (SBSi) with cinnamaldehyde (CAL) and terephthalaldehyde (TPA) ",12,11.53
@1-s2.0-S1742706116300733-main.pdf,Molecular level studies on interfacial hydration of zwitterionic and other antifouling polymers in situ,10.1016/j.actbio.2016.02.030,2015,,"Antifouling polymers have wide applications in biomedical engineering and marine industry. Recently, zwitterionic materials have been reported as promising candidates for antifouling applications, while strong hydration is believed to be the key antifouling mechanism. Zwitterionic materials can be designed with various molecular structures, which affect their hydration and antifouling performance. Although strong hydration has been proposed to occur at the material surfaces, probing the solid material/water interfaces is challenging with traditional analytical techniques. Here in this review, ",10,3.01
@1-s2.0-S2352940725000307-main.pdf,Robust non-sticky/sticky antifouling coating capable of temporal evolution,10.1016/j.apmt.2025.102611,,,"Antifouling coatings, which have important value for submerged marine structures, are faced with the challenge of inherent conflicting property requirements, i.e. the topcoat is desirable to prevent adherence of marine or­ ganisms and the basecoat should be able to maximize bonding to the substrate. Besides, the existing antifouling coatings have other tricky problems, like easy depletion of liquid lubricant of slippery liquid-infused porous surface and poor static microbes resistance of hydrophobic surface. Herein, a facile solution is proposed using the newly developed reversibly interlocked",12,5.32
@1-s2.0-S2468023026001148-main.pdf,Self-healing and self-renewing low surface energy fluorescent antifouling coatings based on dynamic reversible covalent bonds,10.1016/j.surfin.2026.108527,,,"To address the environmental toxicity concerns associated with traditional organotin antifouling coatings, this study proposes a novel eco-friendly antifouling coating based on multifunctional synergistic mechanisms. A dynamic imine bond-mediated crosslinking strategy was employed to integrate aminopropyl-terminated poly­ dimethylsiloxane (PDMS) with aldehydic fluorescent molecules (BTB, TPB, SPB), creating a multifunctional coating that combines low surface energy, self-healing properties, fluorescent antifouling capabilities, and pH- responsive self-renewal characteristics. Experimental resu",11,12.12
@21.pdf,Surface-fragmenting hyperbranched copolymers with hydrolysis-generating zwitterions for antifouling coatings,,2020,,,8,4.27
@24.pdf,Self‐Regenerating Zwitterionic Hydrogel Coating Modified by Metal‐Organic Framework for Integrated Anti‐Biofouling and Anti‐Corrosion,10.1002/adfm.202424994,,,,8,3.14
@29.pdf,Strong-adhesion and nonfouling self-generating zwitterionic Janus hydrogel paint,10.1016/j.cej.2024.149959,2024,,"Zwitterionic hydrogel paints are promising and ecofriendly materials to prevent biofouling and oil contamina­ tion. However, the weak adhesion of hydrogel paints to substrates and tedious fabrication and coating processes limit their practical applications. Herein, a novel self-generating zwitterionic Janus hydrogel paint consisting of a polymer copolymerized by methyl methacrylate (MMA), tertiary carboxybetaine triisopropylsilyl ester ethyl acrylate (TCBSi), and 3-(methacryloxypropyl) trimethoxysilane (KH570) is reported. The polymer, when coated on a substrate, self-crosslinks into the polym",10,10.6
@D0TB00886A.pdf,Surface-fragmenting hyperbranched copolymers with hydrolysis-generating zwitterions for antifouling coatings,,2020,,,8,4.27
@D2TB02522A.pdf,Dual functionalized brush copolymers as versatile antifouling coatings,10.1039/d2tb02522a,2023,,,12,4.35
@Functional polymer brushes via surface-initiated atom transfer radical graft polymerization for combating marine biofouling.pdf,Functional polymer brushes via surface-initiated atom transfer radical graft polymerization for comb,10.1080/08927014.2012.719895,2012,,,19,2.61
@J of Applied Polymer Sci - 2009 - Subramanyam - Synthesis  characterization  and evaluation of antifouling polymers of.pdf,"Synthesis, characterization, and evaluation of antifouling polymers of 4‐acryloyloxybenzaldehyde with methyl methacrylate",10.1002/app.29313,2006,,"In recent years, antifouling (AF) polymers are widely used in marine paints to protect the ship hulls from biofouling. The AF polymer coatings have better leaching characteristics and long lasting efﬁciency than other conventional formulations. In this study, an attempt has been made to prepare new p-acryloyloxybenzaldehy- de(AcBA) polymers to assess their AF efﬁciency against marine microfoulers. The monomer, AcBA was prepared by the esteriﬁcation reaction between p-hydroxybenzalde- hyde (HBA) and acryloyl chloride (Ac) in presence of trie- thylamine (TEA) in MEK at 0C. The reaction was moni",9,0.5
@J of Applied Polymer Sci - 2014 - Zhan - Preparation  surface wetting properties  and protein adsorption resistance of.pdf,"Preparation, surface wetting properties, and protein adsorption resistance of well‐defined amphiphilic fluorinated diblock copolymers",10.1002/app.41167,2014,,"Novel well-defined amphiphilic fluorinated diblock copolymers P(PEGMA-co-MMA)-b-PC6SMA were synthesized success- fully by RAFT polymerization and characterized by FTIR, 1HNMR and GPC. For copolymer coatings, static contact angles, h, with water (hwater  109.5) and n-hexadecane (hhexadecane  68.9) pointed to the simultaneous hydrophobic and lipophobic characteristics of the copolymer surfaces. Dynamic contact angle measurements indirectly demonstrated that copolymer films underwent surface reconstruction upon contact with water, which results in a surface with surface coverage of polar PEG ",12,1.1
@J of Applied Polymer Sci - 2016 - Chen - Poly propylene carbonate  polyurethane self‐polishing coating for marine.pdf,Poly(propylene carbonate) polyurethane self‐polishing coating for marine antifouling application,10.1002/app.43667,2016,,"In this contribution, a series of environmentally friendly thermoplastic poly(propylene carbonate) polyurethane (PPCU) were prepared by two-step condensation polymerization and used to fabricate antifouling coatings. The poly(propylene carbonate) (PPC) seg- ments served as degradable moieties. Quartz crystal microbalance with dissipation (QCM-D) measurements revealed that the polyur- ethane could degrade in the presence of enzyme and the degradation rate increases with the decrease of the molecular weight of the polyurethane. Investigation on the hydrolytic degradation behavior and the release",9,0.95
@J of Applied Polymer Sci - 2016 - Wu - Highly efficient antifouling property based on self‐generating hydrogel layer of.pdf,Highly efficient antifouling property based on self‐generating hydrogel layer of polyacrylamide coatings,10.1002/app.44111,2016,,"Pursuit of robust antifouling coatings is a persistent objective for marine materials. We present here the experimental real- ization of a series of polyacrylamide-based resins with a self-generating hydrogel layer, arising from the polymerization of acrylamide (AM), butyl acrylate, methacrylic acid, and AM derivatives. The mechanical strength and thermal stability are markedly enhanced due to the change of the structure of modified resins. The preliminary results indicate that resultant resins with crosslinking structure show satisfactory abrasion resistance and swelling properties. The resul",11,1.61
@J of Applied Polymer Sci - 2025 - Zhou - Dopamine‐Assisted Rapid Construction of Zwitterionic Polymeric Coating for.pdf,Dopamine‐Assisted Rapid Construction of Zwitterionic Polymeric Coating for Improved Antifouling and Bactericidal Properties,10.1002/app.58083,2026,,"With the escalating challenges of biological contamination, surface modification technology has become a promising strategy to develop multifunctional materials. Antifouling coatings based on zwitterionic/quaternary ammonium polymers have been widely applied in medical, chemical, and marine antifouling fields due to their excellent biological inertness and remarkable antifouling and bactericidal properties. However, the limited adhesion of these coatings to substrate surfaces significantly re- stricts their application. An ideal antifouling and bactericidal coating should not only exhibit high",13,1.53
@Macromolecular Rapid Communications - 2019 - Sch攏emann - Synthesis of Novel Sulfobetaine Polymers with Differing Dipole.pdf,"Synthesis of Novel Sulfobetaine Polymers with Differing Dipole Orientations in Their Side Chains, and Their Effects on the Antifouling Properties",10.1002/marc.201900447,2019,,,7,1.12
@Macromolecular Rapid Communications - 2021 - Schardt - Low Fouling Polysulfobetaines with Variable Hydrophobic Content.pdf,Low Fouling Polysulfobetaines with Variable Hydrophobic Content,10.1002/marc.202100589,2021,,,12,1.26
@Marine antifouling performance of polymer coatings incorporating zwitterions.pdf,Marine antifouling performance of polymer coatings incorporating zwitterions,10.1080/08927014.2017.1383983,2017,,,13,2.74
@Polymer Engineering   Sci - 2009 - Feng - Synthesis and antibiofouling properties of novel crosslinkable terpolymers.pdf,Synthesis and antibiofouling properties of novel crosslinkable terpolymers containing semifluoroalkyl substituted aromatic side chains,10.1002/pen.21619,2010,,,8,0.41
@coral-inspired-zinc-acrylate-polymer-utilizing-coumarin-as-the-fluorescent-unit-for-marine-antifouling.pdf,Coral-Inspired Zinc Acrylate Polymer Utilizing Coumarin as the Fluorescent Unit for Marine Antifouling,10.1021/acs.biomac.4c01574,2025,,"The need for low-cost and effective antifouling solutions drives innovation in the fields of chemistry, materials science, and biology. In this work, guided by the antifouling strategies used by fluorescent corals, a series of fluorescent zinc acrylate polymer coatings containing coumarin units (ZAR- coumarin) was successfully prepared. The ZAR-coumarin coatings demonstrated excellent antifouling properties due to the synergistic action of multiple antifouling mechanisms, including fluorescent antifouling, natural bactericidal activity, and self-polishing surface renewal (due to ester group (−",17,5.56
@d1cs00658d.pdf,Bioinspired dopamine and zwitterionic polymers for non-fouling surface engineering,10.1039/d1cs00658d,2021,,,16,5.92
@formation-of-amphiphilic-zwitterionic-thin-poly(sbma-co-tfema)-brushes-on-solid-surfaces-for-marine-antifouling.pdf,Formation of Amphiphilic Zwitterionic Thin Poly(SBMA-co-TFEMA) Brushes on Solid Surfaces for Marine Antifouling Applications,10.1021/acs.langmuir.3c03687,2024,,"Water molecules can bind to zwitterionic polymers, such as carboxybetaine and sulfobetaine, forming strong hydration layers along the polymer chains. Such hydration layers act as a barrier to impede the attachment of marine fouling organisms; therefore, zwitterionic polymer coatings have been of considerable interest as marine antifouling coatings. However, recent studies have shown that severe adsorption of marine sediments occurs on zwitterionic-polymer-coated surfaces, resulting in the degradation of their marine antifouling performance. Therefore, a novel approach for forming amphiphilic z",9,4.47
@highly-branched-copolymers-with-degradable-bridges-for-antifouling-coatings.pdf,Highly Branched Copolymers with Degradable Bridges for Antifouling Coatings,10.1021/acsami.9b22748,2020,,"The antifouling properties of traditional self-polishing marine antifouling coatings are mainly achieved based on their hydrolysis-sensitive side groups or the degradable polymer main chains. Here, we prepared a highly branched copolymer for self- polishing antifouling coatings, in which the primary polymer chains are bridged by degradable fragments (poly-ε-caprolactone, PCL). Owing to the partial or complete degradation of PCL fragments, the remaining coating on the surface can be broken down and eroded by seawater. Finally, the polymeric surface is self-polished and self-renewed. The designe",7,3.49
@ijms-26-04118.pdf,Intrinsic Antibacterial Urushiol-Based Benzoxazine Polymer Coating for Marine Antifouling Applications,10.3390/ijms26094118,2025,,"Marine antifouling coatings that rely on the release of antifouling agents are the most prevalent and effective strategy for combating fouling. However, the environmental concerns arising from the widespread discharge of these agents into marine ecosystems cannot be overlooked. An innovative and promising alternative involves incorporating antimicrobial groups into polymers to create coatings endowed with intrinsic antimicrobial properties. In this study, we reported an urushiol-based benzoxazine (URB) monomer, synthesized from natural urushiol and antibacterial rosin amine. The URB monomer wa",18,5.36
@marine-antifouling-coatings-based-on-durable-bottlebrush-polymers.pdf,Marine Antifouling Coatings Based on Durable Bottlebrush Polymers,10.1021/acsami.2c06647,2022,,"We report a next-generation, biocide-free, and durable marine antifouling coating technology. To achieve this, we combined two different polymers previously developed by us. First, we synthesized well- defined 2-hydroxypropyl acrylamide (HPA) based bottlebrush polymers with concentrated polymer brush (CPB) structures, which exhibit excellent bioinertness, and second, we synthesized photoreactive copolymers of 2-hydroxypropyl acrylamide (HPA) and N-benzophenone acrylamide (BPA), which can be cross-linked by exposure to sunlight for 30 min. Simply mixing the bottlebrush polymers with the photore",13,6.28
@molecules-28-08040.pdf,Sustainable Coating Based on Zwitterionic Functionalized Polyurushiol with Antifouling and Antibacterial Properties,10.3390/molecules28248040,2023,,"Zwitterionic polymer coatings facilitate the formation of hydration layers via electrostatic interactions on their surfaces and have demonstrated efﬁcacy in preventing biofouling. They have emerged as a promising class of marine antifouling materials. However, designing multifunctional, environmentally friendly, and natural products-derived zwitterionic polymer coatings that simulta- neously resist biofouling, inhibit protein adhesion, exhibit strong antibacterial properties, and reduce algal adhesion is a signiﬁcant challenge. This study employed two diisocyanates as crosslinkers and natural ",17,5.27
@nitroxide-containing-amphiphilic-random-terpolymers-for-marine-antifouling-and-fouling-release-coatings.pdf,Nitroxide-Containing Amphiphilic Random Terpolymers for Marine Antifouling and Fouling-Release Coatings,10.1021/acsami.2c23213,2023,,"Two types of amphiphilic random terpolymers, poly(ethylene glycol methyl ether methacrylate)-ran-poly(2,2,6,6- tetramethylpiperidinyloxy methacrylate)-ran-poly(polydimethyl si- loxane methacrylate) (PEGMEMA-r-PTMA-r-PDMSMA), were synthesized and evaluated for antifouling (AF) and fouling-release (FR) properties using diverse marine fouling organisms. In the first stage of production, the two respective precursor amine terpolymers containing (2,2,6,6-tetramethyl-4-piperidyl methacry- late) units (PEGMEMA-r-PTMPM-r-PDMSMA) were synthe- sized by atom transfer radical polymerization using various ",13,4.12
@pj201577.pdf,Versatile inhibition of marine organism settlement by zwitterionic polymer brushes,10.1038/pj.2015.77,2015,,,8,0.78
@polymers-13-03414-v2.pdf,Amphiphilic Polyphosphonate Copolymers as New Additives for PDMS-Based Antifouling Coatings,10.3390/polym13193414,2021,,"Poly(ethyl ethylene phosphonate)-based methacrylic copolymers containing polysiloxane methacrylate (SiMA) co-units are proposed as surface-active additives as alternative solutions to the more investigated polyzwitterionic and polyethylene glycol counterparts for the fabrication of novel PDMS-based coatings for marine antifouling applications. In particular, the same hydrophobic SiMA macromonomer was copolymerized with a methacrylate carrying a poly(ethyl ethylene phosphonate) (PEtEPMA), a phosphorylcholine (MPC), and a poly(ethylene glycol) (PEGMA) side chain to obtain non-water soluble copol",19,4.58
@polymers-14-04589.pdf,Polyethylene Glycol-b-poly(trialkylsilyl methacrylate-co-methyl methacrylate) Hydrolyzable Block Copolymers for Eco-Friendly Self-Polishing Marine Coatings,10.3390/polym14214589,2022,,"Hydrolyzable block copolymers consisting of a polyethylene glycol (PEG) ﬁrst block and a random poly(trialkylsilyl methacrylate (TRSiMA, R = butyl, isopropyl)-co-methyl methacrylate (MMA)) second block were synthesized by RAFT polymerization. Two PEGs with different molar masses (Mn = 750 g/mol (PEG1) and 2200 g/mol (PEG2)) were used as macro-chain transfer agents and the polymerization conditions were set in order to obtain copolymers with a comparable mole content of trialkylsilyl methacrylate (~30 mole%) and two different PEG mole percentages of 10 and 30 mole%. The hydrolysis rates of PEG-",16,4.37
@preparation-and-performance-of-caster-oil-polyurethane-marine-antifouling-coatings-with-acrylamide-quaternary-ammonium.pdf,Preparation and Performance of Caster Oil Polyurethane Marine Antifouling Coatings with Acrylamide Quaternary Ammonium Salts as Antimicrobial Agents,10.1021/acs.langmuir.4c04584,2025,,"The surfaces of underwater ship hulls and aquaculture equipment, such as fish cages, are highly susceptible to damage from fouling organisms. Although traditional marine antifouling coatings exhibit effective antifouling properties, the leaching of antifouling agents into the marine environment can lead to pollution and ecological disruption. In this study, we prepared castor oil polyurethane (CO-PU) by reacting castor oil with isocyanate. We then incorporated self-synthesized acrylamide- based quaternary ammonium salts (QASs), specifically dimethy- loctylaminopropyl methacrylamide-ammonium QD",10,11.05
@s00289-018-2302-5.pdf,Preparation of novel marine antifouling polyurethane coating materials,10.1007/s00289-018-2302-5,2017,,"Polyurethane coating materials with different compositions of low sur- face energy polydimethylsiloxane and degradable poly(L-lactic acid) were synthe- sized by three major steps. Initially, the hydroxylation-terminated poly(L-lactide)- functionalized graphene (G-g-PLLA) was prepared by ring-opening polymerization of L-lactic acid using the phenol-functionalized graphene (G-f-OH), which was prepared by 1,3-dipolar cycloaddition reaction of graphene and 3,4-dihydroxyben- zaldehyde when N-methylglycine and tin octoate were used as initiator and catalyst, respectively. Subsequently, isocyanate-te",20,1.64
@s11998-021-00561-2.pdf,Amphiphilic marine coating systems of self-stratified PDMS-PEG surfaces with an epoxy-polyurethane matrix,10.1007/s11998-,2021,,"Marine coatings protect submerged surfaces from the negative effects of biofouling. In this work, we demonstrate a new method to prepare self-stratiﬁed, amphiphilic glycidyl-carbamate (GC)-based (epoxy urethane-based) coatings (AmpSiGC coatings) that have fouling-release properties making them suit- able for marine use. The prepared coating systems are unique and durable in character as the bulk coating takes advantage of both epoxy and urethane function- alities while the surface is comprised of both hydro- philic and hydrophobic domains, granting it an amphiphilic characteristic. The experim",18,2.78
@s11998-024-01023-1.pdf,Comparison of zwitterions in amphiphilic PDMS-based surface-modifying polymers for marine fouling-release coatings,10.1007/s11998-,2024,,"Zwitterion-containing polymers can be used as the hydrophilic block in amphiphilic copolymers due to their strong electrostatic interaction with water. Polyethylene glycol (PEG) is commonly used as the hydrophilic block, but PEG experiences rapid autox- idation which limits its lifetime. Alternatively, zwitte- rions are protein-resistant and have an ultra-low fouling surface that can bind water molecules stronger than PEG. In this study, the successful synthesis of block copolymers of hydrophobic poly(dimethyl silox- ane) (PDMS) and four different hydrophilic zwitteri- onic monomers was carrie",19,2.49
@s11998-025-01163-y.pdf,Coupling agent-derived tailored Econea fouling-release coating with superior tolerance,10.1007/s11998-025-01163-y,2025,,"The most effective strategy for controlling biofouling is the release of toxic antifouling agents, but this approach triggers environmental concerns and leads to stricter international legislation. This study proposes a novel, simple, and convenient method for grafting antifouling agents by using a silane coupling agent to introduce Econea into low-surface-energy coatings. The amount of introduced antifouling agent can be precisely controlled. Compared with traditional antifouling agent-releasing coatings, the leaching rate of the grafted antifouling coating is only one-sixth that of conventio",10,1.8
@s41427-025-00606-7.pdf,Sediment-resistant marine antifouling amphiphilic random copolymer coating,10.1038/s41427-025-00606-7,2025,,"Accumulation of aquatic organisms on submerged sea vessel surfaces increases drag, resulting in higher fuel consumption and more greenhouse gas emissions. Polymer coatings hold promise to combat marine biofouling as more environmentally friendly alternatives to metal-based paints. While hydrophilic coatings are known to lose antifouling efﬁcacy upon sediment adsorption, how to arrange hydrophobic segments and develop a sufﬁciently thick coating layer to suppress diatom deposition in the presence of silt and maximize the antifouling performance has been unknown. Here, we developed an effective ",11,1.24
@s41598-020-67073-8.pdf,Terpolymer resin containing bioinspired borneol and controlled release of camphor: Synthesis and antifouling coating application,10.1038/s41598-020-67073-8,2020,,,10,2.11
@self-cross-linking-degradable-polymers-for-antifouling-coatings.pdf,■INTRODUCTION,10.1021/acs.iecr.7b00557,,,"Degradable polymers with protein resistance can ﬁnd applications in antibiofouling. We have prepared copolymer of 2-methylene-1,3-dioxepane (MDO), 2-(dimethy- lamino) ethyl methacrylate (DEM) and 3-(methacryloxyprop- yl) trimethoxysilane (KH570) via radical ring-opening polymerization, where MDO, DEM, and KH570 make the polymer degradable, protein resistant and self-cross-linkable, respectively. Our studies demonstrate that the self-cross-linking signiﬁcantly improves the coating ability of the polymer with controlled biodegradation in seawater. We have investigated the adsorption of ﬁbrinogen",7,1.85
@self-generating-and-self-renewing-zwitterionic-polymer-surfaces-for-marine-anti-biofouling.pdf,Self-Generating and Self-Renewing Zwitterionic Polymer Surfaces for Marine Anti-Biofouling,10.1021/acsami.9b16775,2008,,"Regeneration of antifouling polymer surfaces after contamination or damage is an important issue, especially in complex marine environments. Here, inspired by the self- renewal of silyl acrylate polymers and the protein resistance of zwitterionic polymers, we prepared a novel hydrolysis-induced zwitterionic monomer, tertiary carboxybetaine triisopropylsilyl ester ethyl acrylate (TCBSA), and copolymerized it with methyl methacrylate (MMA). Such a copolymer rapidly self- generates a zwitterionic surface and provides fouling resistance in marine environments. Furthermore, TCBSA was copoly- merize",8,2.19
@strategy-for-fabricating-degradable-low-surface-energy-cross-linked-networks-with-excellent-anti-fouling-properties.pdf,Strategy for Fabricating Degradable Low-Surface-Energy Cross-Linked Networks with Excellent Anti-Fouling Properties,10.1021/acsami.4c19192,2025,,"Marine biofouling negatively impacts marine industries and ship navigation. However, current coatings are based on a single antifouling mechanism, which is insufficient to cope with the complex and ever-changing marine environment. Herein, multifunctional antifouling coatings were developed using a material system containing perfluoropolyether and caprolactone chains. First, an acrylic resin containing perfluoropolyether side chains was synthesized as a liquid-repellent component and then a degradable cross-linked network was constructed by bridging polycaprolactone chains. Surprisingly, polyc",14,8.86
@surface-enriched-amphiphilic-polysiloxane-coating-with-superior-antifouling-ability-and-strong-substrate-adhesion.pdf,Surface-Enriched Amphiphilic Polysiloxane Coating with Superior Antifouling Ability and Strong Substrate Adhesion,10.1021/acsapm.3c00199,2023,,"The coexistence of superior antifouling ability and strong substrate adhesion is a typical trade-off for a silicone coating but is highly desirable in numerous applications. Herein, we present a surface-enriched antifouling coating consisting of a bis- silane-terminated polyurea (SPU), an oligosiloxane nanocluster, and a bi-silanol-terminated poly(dimethylsiloxane) with fluorocar- bon and poly(ethylene glycol) side chains as a reactive amphiphilic polymer (RAP). The oligosiloxane nanoclusters can cross-link the flexible SPU into a tough polymer network and interlink the polymer network to the ",10,6.68
@synthesis-and-characterization-of-ultralow-fouling-poly(n-acryloyl-glycinamide)-brushes.pdf,Synthesis and Characterization of Ultralow Fouling Poly(N-acryloyl-glycinamide) Brushes,10.1021/acs.langmuir.7b03435,,,"The rational design of biomaterials with antifouling properties still remains a challenge, although this is important for many bench-to-bedside applications for biomedical implants, drug delivery carriers, and marine coatings. Herein, we synthesized and characterized poly(N-acryloylglycinamide) (polyNAGA) and then grafted poly- (NAGA) onto Au substrate to form polymer brushes with well- controlled ﬁlm stability, wettability, and thickness using surface-initiated atom transfer radical polymerization (SI-ATRP). The NAGA monomer integrates two hydrophilic amides on the side chain to enhance surfa",9,3.63
Adv Funct Materials - 2025 - Chen - Poly N‐isopropylacrylamide  Self‐Fabricated Coating for Marine Anti‐Biofouling.pdf,Poly(N‐isopropylacrylamide) Self‐Fabricated Coating for Marine Anti‐Biofouling,10.1002/adfm.202525696,,,,9,2.24
Adv Funct Materials - 2025 - Shu - Fluorine‐Free Amphiphilic Copolymers for Broad‐Spectrum Marine Biofouling Deterrence.pdf,Fluorine‐Free Amphiphilic Copolymers for Broad‐Spectrum Marine Biofouling Deterrence,10.1002/adfm.202502065,,,,13,1.46
Adv Funct Materials - 2025 - Zhang - Self‐Reinforcing Gradient Antifouling Coating with High Adhesion  On‐Demand.pdf,"Self‐Reinforcing Gradient Antifouling Coating with High Adhesion, On‐Demand Peelability, and Superior Recyclability",10.1002/adfm.202508400,,,,10,6.11
Adv Materials Inter - 2019 - Xie - Self‐Stratifying Silicone Coating with Nonleaching Antifoulant for Marine.pdf,Self‐Stratifying Silicone Coating with Nonleaching Antifoulant for Marine Anti‐Biofouling,10.1002/admi.201900535,2019,,,9,1.87
Adv Materials Inter - 2024 - Jeong - Polydopamine‐Mediated  Amphiphilic Poly Carboxybetaine Methacrylamide‐r‐Trifluoroethyl.pdf,"Polydopamine‐Mediated, Amphiphilic Poly(Carboxybetaine Methacrylamide‐r‐Trifluoroethyl Methacrylate) Coating with Resistance to Marine Diatom Adhesion and Silt Adsorption",10.1002/admi.202300871,2024,,,9,3.24
Adv Materials Inter - 2024 - Koschitzki - Marine Fouling Release Performance of Amphiphilic Carboxybetaine.pdf,Marine Fouling Release Performance of Amphiphilic Carboxybetaine Perfluoropolyether Methacrylate Polymer Coatings,10.1002/admi.202400370,2024,,,13,3.15
Adv Materials Inter - 2025 - Do - Sediment‐Resistant Marine Antifouling Coating Based on Amphiphilic Copolymer Brushes.pdf,Sediment‐Resistant Marine Antifouling Coating Based on Amphiphilic Copolymer Brushes Bearing Sulfobetaine and Isobornyl Pendants,10.1002/admi.202500491,2025,,,8,1.48
Adv Materials Technologies - 2025 - Chen - A Self‐Polishing Coating with Dual Anti‐Fouling Strategies and its Preparation.pdf,A Self‐Polishing Coating with Dual Anti‐Fouling Strategies and its Preparation Method,10.1002/admt.202401534,,,,12,4.93
Antifouling properties of amphiphilic poly 3-hydroxyalkanoate   an environmentally-friendly coating.pdf,Antifouling properties of amphiphilic poly(3-hydroxyalkanoate): an environmentally-friendly coating,10.1080/08927014.2021.1981298,2021,,,18,3.21
MARINEBIOFOULINGINHEATEXCHANGERS.pdf,Marine biofouling in heat exchangers,,2010,,,41,1.85
R-102.pdf,Research progress of environmentally friendly marine antifouling coatings,,2021,,,20,9.82
R-103.pdf,UV-curable hyperbranched poly(ester-co-vinyl) by,10.1039/d1py00810b,2021,,,8,1.92
R-104.pdf,INORGANIC CHEMISTRY,10.1039/d1qi01203g,2022,,,10,4.35
R-106.pdf,Biodegradable Poly(ester-co-acrylate) with Antifoulant Pendant Groups for Marine Anti-Biofouling,10.1021/acsami.9b01247,2008,,"Polymer resins are critical for marine anti-biofouling coatings. In this study, degradable poly(ester-co-acrylate) with antifoulant pendant groups has been prepared by the radical ring-opening polymerization of 2-methylene-1,3- dioxepane, methyl methacrylate, and N-methacryloyloxy methyl benzoisothiazo- linone. Such a polymer containing main-chain esters can hydrolytically and enzymatically degrade. Both degradation rates increase with main-chain ester content. Moreover, since the antifoulant groups are chemically grafted to the degradable main chain, their release can be controlled by the deg",7,3.16
R-107.pdf,Self-Generating and Self-Renewing Zwitterionic Polymer Surfaces for Marine Anti-Biofouling,10.1021/acsami.9b16775,2008,,"Regeneration of antifouling polymer surfaces after contamination or damage is an important issue, especially in complex marine environments. Here, inspired by the self- renewal of silyl acrylate polymers and the protein resistance of zwitterionic polymers, we prepared a novel hydrolysis-induced zwitterionic monomer, tertiary carboxybetaine triisopropylsilyl ester ethyl acrylate (TCBSA), and copolymerized it with methyl methacrylate (MMA). Such a copolymer rapidly self- generates a zwitterionic surface and provides fouling resistance in marine environments. Furthermore, TCBSA was copoly- merize",8,2.25
R-108.pdf,Kill–Resist–Renew Trinity: Hyperbranched Polymer with Self-Regenerating Attack and Defense for Antifouling Coatings,10.1021/acsami.1c02273,2021,,"Traditional antifouling coatings are generally based on a single antifouling mechanism, which can hardly meet the needs of diﬀerent occasions. Here, a single “kill−resist−renew trinity” polymeric coating integrating fouling killing, resistance, and releasing functions is reported. To achieve the design, a novel monomer-tertiary carboxybetaine ester acrylate with the antifoul- ing group N-(2,4,6-trichlorophenyl)maleimide (TCB-TCPM) is synthesized and copolymerized with methacrylic anhydride via reversible addition-fragmentation chain transfer polymerization yielding a degradable hyperbranched p",9,3.68
R-109.pdf,Liquid-infused structured surfaces with exceptional anti-biofouling performance,10.1073/pnas.1201973109/-/DCSupplemental,2012,,,6,1.1
R-110.pdf,Bioprospecting and Exploration of the Natural,10.22207/JPAM.17.3.02,2023,,"Biofouling is a significant problem in various industries, including marine, medical, and water treatment. It occurs when microorganisms, such as bacteria, fungi, and algae, attach to surfaces and form biofilms, which can lead to material degradation, decreased performance, and increased maintenance costs. Traditional approaches to mitigate biofouling include the use of biocides, physical cleaning, and chemical treatments. However, these methods have limitations, such as environmental concerns, short-term effectiveness, and development of resistant organisms. One alternative approach is the us",17,2.12
R-111.pdf,Biofouling impacts and toxicity of Antifouling agents on marine,,2022,,"Biofouling from microorganisms, plants, barnacles, mussels or algae is a major problem for marine structures. Fouling leads to increased fuel costs due to increased frictional resistance on ships, and reduces reserve buoyancy of floating offshore structure, in addition to causing cage deformation and structural fatigue, impacting endurance of materials. The intrusion of invasive aquatic species (IAS) to new environments by ships is identified as a major threat to the world’s oceans. Marine fouling affects most manmade surfaces immersed in the sea, resulting in substantial losses. Anti-fouling ",9,0.13
R-113.pdf,Silicone Elastomer with Self-Generating Zwitterions for Antifouling Coatings,10.1021/acs.langmuir.1c00984,2021,,"Silicone elastomer-based fouling release coatings have been gaining increased attention in marine antibiofouling. However, the lack of fouling resistance limits their application. Introducing a zwitterionic polymer into silicone enhances its fouling resistance, but their incompatibility makes this challenging. In this work, a silicone elastomer with zwitterionic pendant chains has been prepared by grafting a telomer of tertiary carboxybetaine dodecaﬂuoroheptyl ester ethyl acrylate (TCBF) and 3-mercaptopropyltriethox- ysilane to the bis-silanol-terminated poly(dimethylsiloxane) (PDMS). The ﬂuor",8,3.22
amphiphilic-dicyclopentenyl-carboxybetaine-containing-copolymers-for-marine-fouling-release-applications.pdf,Amphiphilic Dicyclopentenyl/Carboxybetaine-Containing Copolymers for Marine Fouling-Release Applications,10.1021/acsami.0c07599,2020,,"Zwitterionic materials received great attention in recent studies due to their high antifouling potential, though their application in practical coatings is still challenging. Amphiphilic polymers have been proven to be an eﬀective method to combat fouling in the marine environment. This study reports the incorporation of small amounts of zwitterionic carboxybetaine methacrylate (CBMA) into hydrophobic ethylene glycol dicyclopentenyl ether acrylate (DCPEA). A new set of copolymers with varying amphiphilicities was synthesized and coated on chemically modiﬁed glass substrates. The antifouling c",13,5.97
amphiphilic-poly(sbma-co-egdea)-coatings-for-marine-antifouling-insights-into-design-criteria-for-hydrophobic-monomers.pdf,Amphiphilic Poly(SBMA-co-EGDEA) Coatings for Marine Antifouling: Insights into Design Criteria for Hydrophobic Monomers,10.1021/acs.biomac.5c00875,2025,,"Marine biofouling poses significant economic and environmental challenges, highlighting the need for effective antifouling coatings. We report amphiphilic poly(SBMA-co-EGDEA) copolymer coatings that resist both marine diatom adhesion and sediment adsorption. The coatings were synthesized via surface-initiated ATRP and RAFT polymerization using hydrophilic sulfobetaine methacrylate (SBMA) and hydrophobic ethylene glycol dicyclopentenyl ether acrylate (EGDEA). Interestingly, EGDEA exhibited a partial negative charge when coated on a surface, as confirmed by computational analyses. Since marine s",10,4.84
antifouling-and-antimicrobial-coatings-from-zwitterionic-and-cationic-binary-polymer-brushes-assembled-via-click.pdf,Antifouling and Antimicrobial Coatings from Zwitterionic and Cationic Binary Polymer Brushes Assembled via “Click” Reactions,10.1021/acs.iecr.7b03132,,,"Controlled architecture of bifunctional polymers on surfaces is highly challenged because of the stringent reaction conditions or tedious operations required for surface modiﬁcation. Herein, a simple and eﬀective method was developed to assemble zwitterionic and cationic binary polymer brushes onto polydopamine-anchored stainless steel (SS) surfaces. Zwitterionic poly(2-methacryloyloxyethyl phosphorylcholine) (PMPC) was ﬁrst graft polymerized from the functionalized SS surface via thiol−ene “click” reaction. Alkynyl-modiﬁed cationic poly(2-(methacryloyloxy) ethyl trimethylammonium chloride) (a",10,6.38
antifouling-and-bactericidal-zwitterionic-polymer-coatings-with-synergistic-inhibitory-and-killing-properties.pdf,Antifouling and Bactericidal Zwitterionic Polymer Coatings with Synergistic Inhibitory and Killing Properties,10.1021/acsabm.4c01776,2025,,"Polymeric coatings that combine resistance to adhesion (“defend- ing”) and killing (“attacking”) of biocontaminants were proposed to endow the surface with nonadhesive and bactericidal capabilities. In contrast, a zwitterionic copolymer P(GMA-co-DMAPS) with antifouling groups ([2-(methacryloyloxy)- ethyl]dimethyl-(3-sulfopropyl)ammonium hydroxide, DMAPS) and a zwitter- ionic/cationic copolymer P(GMA-co-DMAPS-co-DMC) with bactericidal groups ([2-(methacryloyloxy)ethyl]trimethylammonium chloride, DMC) were synthe- sized, of which the latter exhibited synergistic inhibitory and killing properties",11,9.1
biodegradable-polymer-with-hydrolysis-induced-zwitterions-for-antibiofouling (1).pdf,Biodegradable Polymer with Hydrolysis-Induced Zwitterions for Antibiofouling,10.1021/acsami.8b00962,,,"Persistent protein resistance is critical for marine antibiofouling. We have prepared copolymer of 2- methylene-1,3-dioxepane (MDO), tertiary carboxybetaine ester (TCB), and 7-methacryloyloxy-4-methylcoumarin (MAMC) via radical ring-opening polymerization, where MDO, TCB, and MAMC make the polymer degradable, protein resistible, and photo-cross-linkable, respectively. Our study shows that the polymer can well adhere to the substrate with controlled degradation and water adsorption rate in artiﬁcial seawater (ASW). Particularly, the polymer ﬁlm can generate zwitterions via surface hydrolysis in",8,3.61
biodegradable-polymer-with-hydrolysis-induced-zwitterions-for-antibiofouling (2).pdf,Bioinspired Durable Antibacterial and Antifouling Coatings Based on Borneol Fluorinated Polymers: Demonstrating Direct Evidence of Antiadhesion,10.1021/acsami.1c06030,2021,,"Substituting natural products for traditional poison-killing antifouling agents is an eﬃcient and promising method to alleviate the increasingly serious ecological crisis and aggravate the loss due to marine biofouling. Herein, the successful synthesis of poly(methyl methacrylate-co-ethyl acrylate-co-hexaﬂuorobutyl methacry- late-co-isobornyl methacrylate) copolymer (PBAF) with borneol monomers and ﬂuorine by a free radical polymerization method is reported. The PBA0.09F coating exhibits outstanding antibacterial and antifouling activity, achieving 98.2% and 92.3% resistance to Escherichia col",10,9.51
biodegradable-polymer-with-hydrolysis-induced-zwitterions-for-antibiofouling (3).pdf,Bioinspired Sulfobetaine Borneol Fluorinated Amphiphilic Polymers for Marine Antifouling and Fouling Release Applications,10.1021/acsami.4c06525,2024,,"The development of nontoxic antifouling coatings in static marine environments is urgent. Herein, the successful synthesis of sulfobetaine borneol fluorinated polymers (PEASBF) by a free radical polymerization method is reported. The PEASBF coatings exhibit outstanding antifouling activity, which effectively resists the adhesion of Bovine serum albumin (FITC-BSA adhesion rate: 0.5%), Pseudomonas sp. (Biofilm: 1.3 absorbance) and Navicula sp. (Diatom attachment rate: 33%). More importantly, the PEASBF coatings display outstanding fouling release properties, achieving a release rate of 98% for N",13,14.29
biodegradable-polymer-with-hydrolysis-induced-zwitterions-for-antibiofouling (4).pdf,Antifouling behavior of self-renewal acrylate boron polymers with pyridine-diphenylborane side chains,10.1039/c8nj04298e,2018,,,9,4.02
biodegradable-polymer-with-hydrolysis-induced-zwitterions-for-antibiofouling (5).pdf,Design and Preparation of PU/EP Blend Resin Grafted by Hydrophilic Molecular Segments,10.3390/coatings11111345,2021,,"Film-forming resins, as carriers of antifouling coatings, play an essential role in the func- tional performance of coatings. With the gradual promotion of coatings in the ﬁeld of marine antifouling, the preparation of ﬁlm-forming resins containing hydrophilic chain segments is urgently needed to give full play to the functional and time-sensitive performance of antifouling coatings. In this paper, the single-ended isocyanate group (NCO) polyurethane (PU) prepolymer with hy- drophilic chain segments was prepared and grafted onto an epoxy resin (EP) molecular chain to obtain the PU/EP grafted b",12,4.87
biodegradable-polymer-with-hydrolysis-induced-zwitterions-for-antibiofouling (6).pdf,Synthesis and Properties of Self-Polishing Antifouling Coatings Based on BIT-Acrylate Resins,10.3390/coatings12070891,2022,,"Painting antifouling coatings is one of the most important methods to prevent marine biofouling. Acrylic resin is widely used in marine antifouling because of its excellent stickiness, water resistance, and ﬁlm-forming capabilities. At present, the widely used acrylate antifouling coatings require a high concentration of cuprous oxide as antifoulant. The release and accumulation of copper ions are the main factors affecting the marine environment. In this study, BIT–allyl methacrylate (BM) and zinc acrylate (ZM) were selected as functional monomers copolymerized with methyl methacrylate (MMA) ",13,2.15
biodegradable-polymer-with-hydrolysis-induced-zwitterions-for-antibiofouling (7).pdf,Capsaicin-Modified Fluorosilicone Based Acrylate Coating for Marine Anti-Biofouling,10.3390/coatings12070988,2022,,"Capsaicin has been extensively studied for its excellent antifouling activity and very low environmental toxicity. However, mixing natural capsaicin with coatings can cause rapid capsaicin leakage, severely shortening its antifouling cycle. In this study, we describe the preparation and performance of a new capsaicin-modiﬁed marine antifouling organoﬂuorosilicone, which is based on silicone and ﬂuorine acrylate monomers covalently bound to an organic antimicrobial monomer, HMBA (N-(4-hydroxy-3-methoxybenzyl)-acrylamide) on a polymer network. The chemical grafting of HMBA into the polymer has i",11,4.83
biodegradable-polymer-with-hydrolysis-induced-zwitterions-for-antibiofouling (8).pdf,The Synthesis and Synergistic Effect of Heterocyclic Groups Grafted on Acrylic Polymers by Ester Groups for Marine Antifouling,10.3390/coatings13091643,2023,,"Using a synthetic antifoulant is an alternative technique to using a natural antifoulant for its economical and large-scale production characteristics. In this study, we synthesized allyl 3-oxzo[d]isothiazole-2(3H)-carboxylate (BIT-C) and a series of other heterocyclic compounds, includ- ing triazole, pyridine, and thiazole derivatives. These heterocyclic monomers were used to prepare a new series of acrylic polymers by grafting them onto the side chains. The weight change on the 42nd day was less than −0.091 mg/cm−2, indicating that antifoulants can be released into seawater consistently and ",15,4.39
biodegradable-polymer-with-hydrolysis-induced-zwitterions-for-antibiofouling (9).pdf,Fluoro-Silicon-Modified Polythiourethane Copolymer for Marine Antifouling Coatings,10.3390/coatings15050588,2025,,"Traditional marine antifouling coatings function through releasing toxic an- tifouling agents, causing serious harm to marine ecosystems. To address this challenge, an eco-friendly fluoro-silicon-modified polythiourethane (FSi-PTU) coating has been pre- pared via a polymerization reaction with dihydroxy propyl silicone oil (HO-PDMS-OH), 1H,1H,2H,2H-perfluorohexanol (FTOH), hexamethylene diisocyanate (HDI), and pen- taerythritol tetrakis (3-mercaptopropionate) (PETMP). The FSi-PTU polymer incorporates siloxane segments and fluorinated side chains, which are inhomogeneously distributed on the co",14,5.88
pan-et-al-2020-from-the-nature-for-the-nature-an-eco-friendly-antifouling-coating-consisting-of-poly(lactic-acid)-based.pdf,“From the Nature for the Nature”: An Eco-Friendly Antifouling Coating Consisting of Poly(lactic acid)-Based Polyurethane and Natural Antifoulant,10.1021/acssuschemeng.9b06917,2020,,"“From the nature, for the nature” is an instructive strategy to develop environment-friendly antifouling coatings. In this work, bio-sourced poly(lactic acid)-based polyurethane with hydrolyzable triisopropylsilyl acrylate (TSA) side groups has been prepared via thiol−ene reaction and polyaddition. Such a polymer exhibits high adhesion strength (∼2.0 MPa) and a controlled degradation rate tuned by varying its soft segment and TSA content. An environment-friendly coating is prepared with the polymer and an eco-friendly antifoulant (butenolide) derived from marine bacteria. Our study shows that ",8,1.87
微信图片_20251108164823_478_176.png.pdf,,,,,,1,0.23
水凝胶-骨修复-105.pdf,A natural polymer-based hydrogel with shape controllability and high toughness and its application to efficient osteochondral regeneration,10.1039/d3mh00544e,2023,,,10,3.61
海洋去污微生物.pdf,Recent progress in marine foul-release polymeric nanocomposite coatings,10.1016/j.pmatsci.2017.02.001,2016,,"Progress in materials science is associated with the development of nanomaterials in terms of energy-saving, environmentally friendly, and low-cost methods. Since the use of tribu- tyltin compounds in antifouling coatings was banned in 2003, the search for ecofriendly alternatives has been promoted. Foul-release (FR) nanocoatings have been extensively investigated because of their non-stick, ecological, and economic advantages. Such nanocomposite systems are dynamic non-stick surfaces that deter any fouling attachment through physical anti-adhesion terminology. Instead of biocidal solutions, s",32,7.88
！1-2-4-triazolo-quinazolinones-as-effective-antifoulants-molecular-design-synthesis-and-biological-evaluation.pdf,"1,2,4-Triazolo-quinazolinones as Effective Antifoulants: Molecular Design, Synthesis, and Biological Evaluation",10.1021/acs.langmuir.4c01393,2024,,"A series of 1,2,4-triazolo-quinazolinones and 1,2- benzisothiazolone derivatives (S1−S12) were successfully synthe- sized as environmentally friendly alternatives to copper-based antifouling paints using N-alkylation, cyclocondensation, and one- pot three-component and amide coupling reactions. The monoclinic structure of single-crystal 1,2,4-triazolo-quinazolin- acetic acid (S8) was confirmed by single-crystal X-ray diffraction analysis. All the synthesized molecules were studied for their in silico molecular docking interactions with three target proteins, namely, RbmA, ToxR, and Bap. Follow",11,5.26
！1-s2.0-S0014305719326035-main.pdf,Polymer brushes prepared by surface-initiated atom transfer radical polymerization of poly (N-isopropyl acrylamide) and their antifouling properties,10.1016/j.eurpolymj.2020.109536,,,"Poly (N-isopropyl acrylamide) (PNIPAAm) polymer as a thermo-responsive coating was synthesized by surface- initiated atom transfer radical polymerization (SI-ATRP) on glass substrates. The eﬀects of chain grafting density and polymerization time on the fouling release behavior of a marine diatom were investigated. The PNIPAAm grafting and its thermo-responsiveness were conﬁrmed by diﬀerent analyses such as scanning electron micro- scopy (SEM), attenuated total reﬂectance Fourier transform infrared spectroscopy (ATR-FTIR), energy-dispersive X-ray spectroscopy, and water contact angle (WCA). Thr",6,2.08
！1-s2.0-S0025326X24013249-main.pdf,Developing a novel antibacterial coating system for marine corrosion and fouling control,10.1016/j.marpolbul.2024.117347,2015,,"Microbial-influenced corrosion and marine biofouling have become a thorny problem restricting the effective long-term operation of marine engineering. In this study, a novel antibacterial coating system for marine corrosion and fouling control was developed to integrate and improve the antibacterial performance. The coating system was composed of an epoxy primer and a low surface energy organosilicon/polyurethane topcoat, while quaternary ammonium salt (QAS) was added as an antimicrobial agent. The primer provided excellent corrosion protection. The antifouling performance was significantly im",12,7.08
！1-s2.0-S0167577X20302019-main.pdf,Preparation of a self-healing silicone coating for inhibiting adhesion of benthic diatoms,10.1016/j.matlet.2020.127496,2019,,"This work reports a silicone coating (PDMS-UIa) with marine antifouling and self-healing properties, which was prepared by the ﬁrst synthesis of polydimethylsiloxane polymer containing imine and urea groups and then adding a small amount of eco-friendly antifoulant. The characteristic structure of the polymer was veriﬁed via Fourier transform infrared spectroscopy (FT-IR) and nuclear magnetic resonance (NMR). The PDMS-UIa coating has rapid self-repairing performance, excellent transparency and the abil- ity to control the release of antifouling agents at a certain rate. The adhesion experiment",4,1.44
！1-s2.0-S0169433222005864-main.pdf,Dopamine-assisted sustainable antimicrobial peptide coating with antifouling and anticorrosion properties,10.1016/j.apsusc.2022.153019,2022,,"Surface biofouling will seriously affect the performance of solid–liquid contact surfaces. Antimicrobial peptides (AMPs) are considered as potential agents for surface antifouling due to its broad-spectrum antimicrobial ca­ pacity. In this study, a derived AMP was synthesized by the reaction between a marine originated AMP and monomolecular dopamine, which was then used to modify 304 stainless steel. Mass spectrometry analysis confirmed the synthesis reaction of DP, and the co-culture essays with E11 and 293 T cells proved DP’s excellent compatibility. Fourier transform infrared spectroscopy a",11,12.67
！1-s2.0-S0169433225015764-main.pdf,Repel-kill-release: A self-polishing antifouling coating with synergistic effects of fluorescent antifouling and contact bacteriostasis,10.1016/j.apsusc.2025.163861,,,"Marine antifouling coatings offer an effective solution to the issue of marine fouling; however, maintaining the delicate balance between long-term efficacy and environmental sustainability presents significant challenges. Herein, we have developed a novel self-polishing surface that combines UV fluorescence-responsive antifouling and contact antifouling. This is achieved using a stabilized acrylate polymer as the backbone, with rosin and rosin-derived quaternary ammonium salts (MPA-N+) suspended from the side chains. It exhibits excellent “offensive capabilities” for repelling and killing fou",13,15.75
！1-s2.0-S0300944020304239-main.pdf,Ecofriendly silicon-poly(lactic acid) hybrid antifouling coatings,10.1016/j.porgcoat.2020.105841,,,"Societal and environmental constraints have led to changes in international and European regulations to limit the use of biocides in antifouling paints. In this context, coatings combining fouling release properties and leaching of active molecules are sought. The objectives of this study are to conceive a hybrid system for anti- fouling paint and to observe the inﬂuence of the physio-chemical properties of the binders on its antifouling activity. Poly(lactic acid) (PLA) and poly(dimethylsiloxane) (PDMS) homopolymers have already been used as binders for diﬀerent antifouling strategies. The us",8,2.47
！1-s2.0-S0300944022005227-main.pdf,Polyurethane antifouling coatings with various antifouling strategies in the side chain,10.1016/j.porgcoat.2022.107225,2022,,"Marine fouling is a major barrier to the further development of the marine industry. As science and technology progress, the antifouling coating is still difficult to exhibit feasible and effective strategies against multiple fouling organisms by simple modification. This study reports a polyurethane coating consisting of quaternary ammonium and zwitterions via modifying the imidazole on the side chain, where the former exhibits fouling- degrading performance to kill the bacteria sufficiently, and the latter relies mainly on the formation of the hydrated barrier that could present superior rej",9,7.49
！1-s2.0-S0300944022006476-main.pdf,Non-silicone elastic coating with fouling resistance and fouling release abilities based on degradable hyperbranched polymer,10.1016/j.porgcoat.2022.107350,2023,,"Developing eco-friendly antifouling materials for combating marine biofouling has long been a challenging task. Herein, we report a non‑silicone elastomer coating based on hyperbranched poly (ε-caprolactone) (HPCL) cross- linked with an amphiphilic triblock copolymer of poly(ethylene glycol)-block-poly(propylene glycol)-block-poly (ethylene glycol). The polymer coating is prepared by ring-opening polymerization and self-condensation re­ actions, which can be prepared at a large scale. Such a coating is expected to have a self-renewed surface, fouling resistance and fouling release abilities. Q",7,3.07
！1-s2.0-S0300944023004332-main.pdf,Fabrication of an anti-fouling coating based on epoxy resin with a double antibacterial effect via an in situ polymerization strategy,10.1016/j.porgcoat.2023.107837,2023,,"The hull and subsea equipment are often plagued by widespread marine biofouling, so developing a sustainable environmental protection antifouling paint is urgent. The study designed and developed an antifouling composite coating system (E44-Ag-PGI) with a synergistic antibacterial effect based on the dual strategy of the bacterio­ static effect of stereochemical structure on polymer surface and release sterilization of metal nanoparticles. Firstly, an antifouling agent (PGI) was prepared by simple radical polymerization by combining glycidyl methacrylate with borneol, a complex bicyclic monote",11,7.94
！1-s2.0-S0300944024006167-main.pdf,Degradable polylactic acid-reinforced acrylate polymer coating for marine antifouling,10.1016/j.porgcoat.2024.108824,,,"Marine biofouling is one of the major challenges facing human exploitation of the oceans. Although marine antifouling coatings are effective in dealing with marine fouling, coatings simultaneously exhibiting low cost, long life, and environmental friendliness are lacking. Herein, a degradable acrylate polymer with long-term effectiveness is prepared; the side chain of this polymer consists of polylactic acid (PLA) and natural rosin. PLA can undergo hydrolysis and degradation on the coating surface, resulting in the antimicrobial and anti-algal properties of the coating while promoting the self",11,9.07
！1-s2.0-S0300944024006982-main.pdf,Composite coatings based on silicone-modified polyurethane and marine natural product chlorogentisyl alcohol for marine antifouling,10.1016/j.porgcoat.2024.108906,,,"Marine biofouling has a serious impact on marine facilities, and traditional antifoulants may cause secondary pollution to the ocean. As chlorogentisyl alcohol (3-chloro-2,5-dihydroxybenzyl alcohol, CHBA) is a marine natural product with excellent antifouling properties, CHBA and its analogues are prepared and combined with silicone-modified polyurethane (SiPU) for development of potential green composite coatings for marine anti­ fouling. Lubricant polydimethylsiloxane and antifoulant CHBA endow the composite material with antifouling properties under dynamic and static conditions, respective",10,5.19
！1-s2.0-S0300944024008257-main.pdf,Fabrication of medetomidines/epoxy coatings for marine anticorrosion and antifouling,10.1016/j.porgcoat.2024.109033,,,"Corrosion and biological fouling present notable challenges for the growth of the marine industry. Since medetomidine (MM) has been shown to induce hyperactivity and interfere with barnacle larvae settlement, we synthesized MM and its analogues, 4-(1-(3,4-dimethyl phenyl)ethyl)-1H-imidazole (MM-2), 5-(1-phenylethyl)- 1H-imidazole (MM-3) and 4-(1-(3,4-dichlorophenyl)ethyl)-1H-imidazole (MM-4), to explore their antifouling effectiveness in marine settings. The anticorrosive epoxy resin (EP) was integrated with these antifouling medetomidines to develop coatings that offer both antifouling and an",10,5.87
！1-s2.0-S0300944025001213-main.pdf,Transparent zwitterionic cellulose nanofibers-based coatings for marine antifouling,10.1016/j.porgcoat.2025.109172,2025,,"Marine optical devices face significant biofouling challenges, which compromise their transparency and disrupt their functionality. Existing coatings, typically relying on toxic biocides or dynamic surfaces, harm the marine environment and fail to meet the signal stability required for high-performance equipment. In this study, we introduce a fully bio-based approach to transparent antifouling coatings by developing zwitterionic cellulose nanofibers (ZCNF) modified with lysine, arginine, and histidine. Notably, this innovative modification exhibits enhanced hydrophilicity and antifouling prope",10,9.21
！1-s2.0-S1004954120306595-main.pdf,Synthesis and characterization of caprolactone based polyurethane with degradable and antifouling performance,10.1016/j.cjche.2020.11.007,2020,,"In this work, a degradable polyurethane composed of caprolactone (CL) and L-Lactide (LLA) as soft seg- ments, and 4,40-methylenebis(cyclohexyl isocyanate) (H12MDI) and polytetramethylene ether glycol (PTMEG) as hard segments, was prepared. Hydrolytic degradation experiment revealed that the degrad- able polyurethane (PU) could be degraded in artiﬁcial seawater. It also showed that caprolactone-co- polyurethane (CL-PU) copolymer with higher crystallinity degraded much slower in artiﬁcial seawater. However, the introduction of LLA resulted in an increase in the hydrophilicity and reduction in th",8,2.18
！1-s2.0-S1385894723015000-main.pdf,Strong yet tough cross-linked oligosiloxane elastomer with impact-resistant and antifouling properties,10.1016/j.cej.2023.142769,2023,,"Polyurea with strong hydrogen bond interactions has excellent mechanical strength, toughness, and strain-rate- dependent behavior. However, the too fast polymerization and lack of functions limit its applications. In this study, a high-strength polyurea elastomer with impact resistance and antifouling function was prepared with secondary amine–oligosiloxane nanoclusters and a diisocyanate-terminated polytetrahydrofuran (PTMG)-based prepolymer, where the nanoclusters provide mechanical strength and antifouling ability while the urea segments give elasticity and toughness. Due to the lower react",10,6.93
！1-s2.0-S1385894724050575-main.pdf,A rationally designed polymer brush/lubricant coating system for effective static and dynamic marine antifouling,10.1016/j.cej.2024.153568,2024,,"Bioinspired slippery surfaces have garnered significant attention as promising solutions to mitigate biofouling. Unlike traditional lubricant-infused porous surfaces, recent research has focused on the integration of lubricants within polymer brush-grafted surfaces. The combination of polydimethylsiloxane (PDMS) polymer brush and silicone oil has gradually become the most prevalent choice due to their outstanding chemical affinity. However, this conventional coating system also has the potential for improvement to meet the needs of long-lasting and efficient marine antifouling, including i) pr",10,8.27
！1-s2.0-S1385894724056468-main.pdf,Revolutionizing marine Protection: Innovative designs for In-Situ applicable underwater antifouling superoleophobic coatings,10.1016/j.cej.2024.154157,,,"There is a high demand for underwater antifouling coatings for marine engineering and underwater activities. However, In-situ painting coating in a water environment for various large substrate surfaces is ideal but extremely challenging. In this work, we present a novel approach to achieving a fouling-repellent super- oleophobic coating that can be directly applied underwater. The coating was prepared facilely via one-pot synthesis using epoxy resin E51 and 2-hydroxyethyl methacrylate as main components. This method involves the hydrolytic migration of side chains (Trimethylsilyl Methacrylate",8,6.05
！1-s2.0-S1385894724095081-main.pdf,Synthesis and marine antifouling properties of carbazole amide derivatives with fluorescent properties and their zinc acrylate resins,10.1016/j.cej.2024.158017,,,"Fluorescent antifouling is a method that utilizes substances fluorescent repellent effect to prevent organisms attachment and fouling. It is considered one of the directions for developing environmentally friendly marine antifouling materials. The current fluorescent antifouling materials were characterized by issues such as single functionality, unclear antifouling mechanisms, and suboptimal antifouling performance. In this study, three carbazole derivatives containing carbon–carbon double bonds were synthesized by Friedel-Crafts alkylation reaction, and a series of zinc acrylate resins conta",11,8.56
！Adv Materials Inter - 2015 - Ma - Antifouling on Gecko s Feet Inspired Fibrillar Surfaces  Evolving from Land to Marine and.pdf,Antifouling on Gecko's Feet Inspired Fibrillar Surfaces: Evolving from Land to Marine and from Liquid Repellency to Algae Resistance,10.1002/admi.201500257,2015,,,12,3.1
！Advanced Materials - 2013 - Yang - Synergistic Prevention of Biofouling in Seawater Desalination by Zwitterionic Surfaces.pdf,Synergistic Prevention of Biofouling in Seawater Desalination by Zwitterionic Surfaces and Low‐Level Chlorination,10.1002/adma.201304386,2013,,,8,1.29
！Amphiphilic_Marine_Coatings_Sy.pdf,AMPHIPHILIC MARINE COATINGS SYSTEM OF SELF-LAYERED PDMS-PEG,,2023,,,98,3.83
！Bulletin Korean Chem Soc - 2016 - Kim - Marine Antifouling Surface Coatings Using Tannic Acid and Poly N‐vinylpyrrolidone.pdf,Marine Antifouling Surface Coatings Using Tannic Acid and Poly(N‐vinylpyrrolidone),10.1002/bkcs.10687,2015,,,4,0.19
！Bulletin Korean Chem Soc - 2026 - Han - Surface‐initiated ARGET ATRP of zwitterionic carboxybetaine methacryloyl.pdf,Surface‐initiated ARGET ATRP of zwitterionic carboxybetaine methacryloyl ethylenediamine in formation of ultralow‐biofouling films,10.1002/bkcs.70111,2024,,"Undesired biofouling processes severely compromise the performance and durability of materials, including those used in biomedical and marine environ- ments, strongly demanding effective and robust antifouling coating strategies. This paper presents the design, synthesis, and application of a highly water- soluble zwitterionic monomer, carboxybetaine methacryloyl ethylenediamine (CB-MAEDA), in the fabrication of ultralow-biofouling polymer brushes via surface-initiated, activators regenerated by electron transfer atom transfer radi- cal polymerization (SI-ARGET ATRP). CB-MAEDA is synthesized t",5,1.41
！C3PY00009E.pdf,Stainless steel surfaces with thiol-terminated,10.1039/c3py00009e,,,,11,0.98
！C6TB01642A.pdf,Biomimetics for early stage biofouling prevention: templates from insect cuticles,10.1039/c6tb01642a,2016,,,8,4.25
！D1PY00810B.pdf,UV-curable hyperbranched poly(ester-co-vinyl) by,10.1039/d1py00810b,2021,,,8,1.91
！Development_of_Polymeric_Coati.pdf,UC Santa Barbara dissertation template,,2016,,,170,3.79
！Elastomeric fluorinated polyurethane coatings for nontoxic fouling control.pdf,Elastomeric fluorinated polyurethane coatings for nontoxic fouling control,10.1080/0892701031000061741,2003,,,5,0.26
！Fluorine-free mixed amphiphilic polymers based on PDMS and PEG side chains for fouling release applications.pdf,Fluorine-free mixed amphiphilic polymers based on PDMS and PEG side chains for fouling release appli,10.1080/08927014.2011.587662,2011,,,14,1.55
！J of Applied Polymer Sci - 2015 - Sun - Preparation and properties of crosslinked network coatings based on.pdf,Preparation and properties of crosslinked network coatings based on perfluoropolyether/poly(dimethyl siloxane)/acrylic polyols for marine fouling–release applications,10.1002/app.41860,2015,,"a,x-Triethoxysilane terminated poly(dimethyl siloxane) (PDMS) oligomer, a,x-triethoxysilane terminated perfluoropolyether (PFPE) oligomer, and acrylic polyols were first synthesized via an addition reaction and free-radical polymerization. Then, crosslinked net- work coatings based on PFPE/PDMS/acrylic polyols for marine fouling-release applications were prepared by a condensation reaction. The structure of the crosslinked network coating was characterized by Fourier transform infrared spectroscopy. The chemical composition of the coating surface was characterized by X-ray photoelectron spectr",9,0.85
！J of Applied Polymer Sci - 2024 - Cao - Synthesis and characterization of waterborne polyurethane‐based marine antifouling.pdf,Synthesis and characterization of waterborne polyurethane‐based marine antifouling coating modified via glycerol laurate,10.1002/app.56455,2024,,"Marine biofouling is a major international challenge since it is responsible for several environmental problems and economic losses. Developing a novel anti- fouling coating with good water resistance, adhesion, and controlled degrada- tion performance is crucial to solving the problem. Herein, a series of waterborne polyurethane emulsions were synthesized using the prepolymeri- zation chain expansion and self-emulsification method, with varying contents of glycerol laurate (GL) as the post-chain extender. The findings demonstrated a notable enhancement in the controllable degradation performa",12,4.05
！J of Applied Polymer Sci - 2025 - Hu - Synthesis of E‐54‐Based Quaternary Ammonium Salt and Its Efficacy in Antifouling.pdf,Synthesis of E‐54‐Based Quaternary Ammonium Salt and Its Efficacy in Antifouling Performance of Marine Coating,10.1002/app.57388,2025,,"Marine biofouling poses a threat to marine facilities. In this work, a quaternary ammonium salt (E54-­QAS) was synthesized from triethylammonium hydrochloride and epoxy resin E-­54, which was then incorporated into a polyurethane (PU) prepoly- mer to fabricate an antifouling coating. The coating exhibited a bonding strength as high as 3.12 MPa and impact resistance of 90 kg as well as excellent antibacterial efficiency against Pseudomonas aeruginosa at an E54-­QAS content of 4.2%. Moreover, the antimicrobial efficacy of the coating remained above 99% after 3 months of immersion. The optimized ",10,1.01
！J of Applied Polymer Sci - 2025 - Wang - An Antifouling Coating Based on Tannic Acid  An Eco‐Friendly Strategy for.pdf,An Antifouling Coating Based on Tannic Acid: An Eco‐Friendly Strategy for Antioxidant Removal of Reactive Oxygen Species,10.1002/app.57227,2025,,"As a kind of natural polyphenolic antioxidants, tannic acid (TA) has a wide range of sources and biosafety, excellent antibacterial properties and its special chemical structure makes it easy to bind to the surface, which may provide inspiration for the develop- ment of antifouling materials. In this paper, a TA-­based antifouling coating was designed and prepared. A stable intermediate transition layer was formed by co-­deposited 3,4-­dihydroxy phenyl-­L-­alanine (DOPA) and polyethyleneimine (PEI) on the surface of polyvinyl chloride (PVC), and then TA molecules were grafted on the surface to",10,1.14
！Journal of Polymer Science - 2025 - Liu - Self‐Releasing Vanillin  An Eco‐Friendly Self‐Polishing Coating Designed for.pdf,Self‐Releasing Vanillin: An Eco‐Friendly Self‐Polishing Coating Designed for Marine Antifouling,10.1002/pol.20241081,2025,,"Biological fouling will cause severe damage to the functionality of marine underwater facilities, shorten their service life, im- pede their normal operation, and trigger a biological invasion event. The traditional marine antifouling coatings release heavy metal elements, which cause harm to the marine environment. To overcome this issue, a self-­polishing antifouling resin based on vanillin methacrylate (VMA) was prepared via the free radical polymerization method. In seawater, the VMA-­based coatings achieve self-­polishing through the hydrolysis of the phenolic ester group. The hydrolysis ",9,1.48
！Journal of Polymer Science Part A  Polymer Chemistry - 2015 - He - Efficient and robust coatings using poly.pdf,Efficient and robust coatings using poly(2‐methyl‐2‐oxazoline) and its copolymers for marine and bacterial fouling prevention,10.1002/pola.27912,2015,,"Molecular design, fabrication, and properties of thin- film coatings based on poly(2-methyl-2-oxazoline) (PMOX) and its copolymers were investigated to tackle problem of marine and bacterial fouling prevention. The ultraviolet crosslinkable macromonomer poly(2-methyl-2-oxazoline) dimethylacrylate was synthesized by cationic ring-opening polymerization in a microwave reactor initiated by 1,4-dibromobutane. In order to study the charge effect of the PMOX coatings on the adhesion of fouling organisms, PMOX surfaces with negative, neutral, and positive f-potential values were prepared by copolymer",9,0.63
！MAP-inspired dual crosslinked PVP-phenol sprayable hydrogel coating for stable marine antifouling applications.pdf,MAP-inspired dual crosslinked PVP-phenol sprayable hydrogel,10.26599/FRICT.2025.9440946,2025,,"The application of antifouling paints to the surfaces of marine installations is the most economically efficient means for mitigating damage caused by marine biofouling in the shipping industry. However, conventional antifouling paints currently in widespread use can no longer meet the requirements of green antifouling. Although hydrogel coatings have made great progress in marine antifouling applications, current hydrogel coatings still suffer from construction difficulties and poor mechanical stability under wet conditions. In this paper, we innovatively exploit the phenomenon of the absorpt",16,8.51
！Mahto_2020_IOP_Conf._Ser.__Mater._Sci._Eng._798_012005.pdf,Preparation and characterization of amphiphilic,10.1088/1757-899X/798/1/012005,2020,,,7,0.45
！Polymers for Advanced Techs - 2024 - Zhao - Long lasting marine antifouling polyurethane coating chemically bonded with.pdf,Long lasting marine antifouling polyurethane coating chemically bonded with poly(hexamethylene guanidine),10.1002/pat.6314,2000,,"In order to protect the marine environment, traditional marine antifouling coat- ings such as tributyltin (TBT)-based antifouling coatings have been phased out. There is an urgent need to develop environmentally friendly marine antifouling coatings. In this work, the antibacterial poly(hexamethylene guanidine) (PHMG) was introduced into polyurethane (PU) through chemical bond to prepare a green environmentally friendly marine antifouling coating (PU-PHMG). The mor- phology, antimicrobial properties, mechanical properties and thermostability of the PU-PHMG films were investigated. The antimicro",10,34.16
！Superior mechanical performance polyurethane-silicone coatings for synergistic antimicrobial and antifouling coatings.pdf,Superior mechanical performance polyurethane-silicone coatings for synergistic antimicrobial and ant,10.1080/10601325.2024.2330600,2024,,,12,3.04
！The intermolecular forces induced silicon-polyurea marine anti-fouling coating with ideal mechanical and antibacterial performances.pdf,The intermolecular forces induced silicon-polyurea marine anti-fouling coating with ideal mechanical,10.1080/10601325.2024.2335276,2024,,,13,3.35
！a-new-sight-into-bio-based-polybenzoxazine-from-tunable-thermal-and-mechanical-properties-to-excellent-marine.pdf,A New Sight into Bio-Based Polybenzoxazine: From Tunable Thermal and Mechanical Properties to Excellent Marine Antifouling Performance,10.1021/acsomega.0c00025,2020,,"With the rapid development of bio-based polymers, poly- benzoxazine derived from renewable resources has been widely investigated. However, there are few reports on the functional application of bio-based polybenzoxazine based on the special chemical structures of renewable compounds. In this work, an easy approach to prepare the polybenzoxazines with varied thermomechanical properties and excellent marine antifouling performance from renewable resources is presented. After a variety of main- chain-type benzoxazine polymers (MCBPs) were synthesized from the renewable daidzein, furfurylamine, p",11,4.96
！a-paintable-scalable-and-durable-zwitterionic-hydrogel-coating-for-enhanced-marine-antifouling-applications.pdf,"A Paintable, Scalable, and Durable Zwitterionic Hydrogel Coating for Enhanced Marine Antifouling Applications",10.1021/acs.langmuir.4c04595,2025,,"Marine biofouling has been a severe challenge since the increase of maritime trade, significantly impacting the efficiency of ships by increasing drag, fuel consumption, hull corrosion, and even problems related to navigational safety and biological invasions. Commercial antifouling coatings have been developed for many years, but a satisfactory solution has yet to be found due to problems, such as high toxicity, environmental pollution, or high costs. Zwitterionic materials, with their superhydrophilic properties, demonstrate excellent resistance to nonspecific adhesion alongside good biocomp",11,8.57
！amphiphilic-balance-effect-of-the-hydrophilic-hydrophobic-ratio-on-fouling-release-surfaces.pdf,Amphiphilic Balance: Effect of the Hydrophilic–Hydrophobic Ratio on Fouling-Release Surfaces,10.1021/acs.langmuir.3c03478,2024,,"This study demonstrated the importance of identifying the optimal balance of hydrophilic and hydrophobic moieties in amphiphilic coatings to achieve fouling-release (FR) performance that surpasses that of traditional hydrophobic marine coatings. While there have been many reports on fouling-release properties of amphiphilic surfaces, the offered understanding is often limited. Hence, this work is focused on further understanding of the amphiphilic surfaces. Poly(ethylene glycol) (PEG) and polydimethylsiloxane (PDMS) were used to create a series of noncross- linked amphiphilic additives that we",13,6.32
！amphiphilic-marine-antifouling-coatings-based-on-a-hydrophilic-polyvinylpyrrolidone-and-hydrophobic-fluorine-silicon.pdf,Amphiphilic Marine Antifouling Coatings Based on a Hydrophilic Polyvinylpyrrolidone and Hydrophobic Fluorine–Silicon-Containing Block Copolymer,10.1021/acs.langmuir.0c02329,2020,,"The development of environmentally friendly and highly eﬃcient antifouling coatings is vastly desirable in the marine industry. Herein, we prepared a novel amphiphilic block copolymer that combined hydrophilic polyvinylpyrrolidone (PVP) with hydrophobic poly(1-(1H,1H,2H,2H-perﬂuorodecyloxy)-3-(3,6,9-trioxade- cyloxy)-propan-2-yl acrylate) (PFA) and polydimethylsiloxane (PDMS). The amphiphilic copolymer (PVP−PFA−PDMS) was blended into a cross-linked PDMS matrix to form a set of controlled surface composition and surface-renewal coatings with eﬃcient antifouling and fouling-release properties. T",9,3.09
！amphiphilic-marine-antifouling-coatings-based-on-zwitterion-modified-silicone-polymers.pdf,Amphiphilic Marine Antifouling Coatings Based on Zwitterion-Modified Silicone Polymers,10.1021/acs.langmuir.4c04332,2025,,"Silicone coatings are widely employed in marine antifouling applications due to their low surface energy. However, in static marine environments, pure silicone coatings are ineffective in preventing the adhesion of marine biofilms, which consist of proteins, marine bacteria, and extracellular matrices, ultimately promoting the attachment of macrofouling organisms. To address the limitations in antifouling performance under static conditions, this study introduces a silicone-based antifouling coating modified with zwitterionic polymers. Sulfobetaine (SB) zwitterionic segments were grafted onto ",10,8.88
！amphiphilic-nitroxide-bearing-siloxane-based-block-copolymer-coatings-for-enhanced-marine-fouling-release.pdf,Amphiphilic Nitroxide-Bearing Siloxane-Based Block Copolymer Coatings for Enhanced Marine Fouling Release,10.1021/acsami.1c05266,2021,,"The buildup of organic matter and organisms on surfaces exposed to marine environments, known as biofouling, is a disruptive and costly process aﬀecting maritime operations. Previous research has identiﬁed some of the surface characteristics particularly suited to the creation of antifouling and fouling-release surfaces, but there remains room for improvement against both macrofouling and microfouling organisms. Characterization of their adhesives has shown that many rely on oxidative chemistries. In this work, we explore the incorporation of the stable radical 2,2,6,6-tetramethylpipiderin-1-o",12,4.47
！antifouling-properties-of-poly(methyl-methacrylate)-films-grafted-with-poly(ethylene-glycol)-monoacrylate-immersed-in.pdf,Antifouling Properties of Poly(methyl methacrylate) Films Grafted,10.1021/la801814u,2008,,,10,0.31
！antifouling-property-of-cu2o-free-self-polishing-antifouling-coatings-based-on-amide-derivatives-inspired-by-capsaicin.pdf,Antifouling Property of Cu2O-Free Self-Polishing Antifouling Coatings Based on Amide Derivatives Inspired by Capsaicin,10.1021/acs.langmuir.2c01503,2022,,"The evidence from many studies shows that antifoulants (Cu2O) and organic antifouling agents with broad- spectrum characteristics in antifouling coatings cause varying degrees of damage to the environment. Therefore, this study prepared Cu2O-free self-polishing antifouling coatings based on amide derivatives inspired by capsaicin (ADIC-CSAC) with green and environmentally friendly characteristics. First, the structure of ADIC and the composition of ADIC-CSAC were characterized by IR, 1H NMR, 13C NMR, HRMS, and EDX. Moreover, antibacterial, anti-algal, static raft tests and changes in the mass ",12,10.85
！bioinspired-silicone-epoxy-coatings-combining-cycloaliphatic-resins-and-tetrasulfide-bonds-for-enhanced-anticorrosion.pdf,Bioinspired Silicone-Epoxy Coatings: Combining Cycloaliphatic Resins and Tetrasulfide Bonds for Enhanced Anticorrosion and Antifouling Performance,10.1021/acs.iecr.4c04473,2025,,"Marine biofouling and seawater corrosion present significant economic challenges to the marine industry. While polymer coatings can effectively delay these processes, traditional coatings often release harmful substances, leading to environmental contamination. Silicone-based fouling release coatings (FRCs) improve antifouling performance by minimizing adhesion with marine organisms, but their low mechanical strength and poor substrate adhesion limit their broader application. This study combines the mechanical properties of cycloaliphatic silicone-epoxy resins with the antimicrobial capabilit",13,5.41
！biomimetic-anchors-for-antifouling-and-antibacterial-polymer-brushes-on-stainless-steel.pdf,acs_LA_la-2011-00620s 1..12,10.1021/la200620s,2011,,Barnacle cement (BC) was beneﬁcially applied on stainless steel (SS) to serve as the initiator anchor for surface- initiated polymerization. The amine and hydroxyl moieties of barnacle cement reacted with 2-bromoisobutyryl bromide to provide the alkyl halide initiator for the surface-initiated atom transfer radical polymerization (ATRP) of 2-hydroxyethyl methacrylate (HEMA). The hydroxyl groups of HEMA poly- mer (PHEMA) were then converted to carboxyl groups for coupling of chitosan (CS) to impart the SS surface with both antifouling and antibacterial properties. The surface-functionalized SS ,12,4.41
！bit-triazine-acrylate-resins-as-high-performance-sustainable-coatings-for-marine-antifouling-applications.pdf,BIT-Triazine Acrylate Resins as High-Performance Sustainable Coatings for Marine Antifouling Applications,10.1021/acsapm.5c01800,2025,,"This study presents the rational design and performance evaluation of eco-friendly BIT- triazine acrylic resins for marine antifouling applications. Two monomers were synthesized using cyanuric chloride as a core scaffold, incorporating the effective biocide 1,2-benzisothiazolin-3-one (BIT) and a polymerizable methallyl alcohol group. A total of 22 copolymers were prepared via copolymerization with acrylic esters and laboratory-synthesized functional monomers. Their chemical structures were confirmed by FT-IR and 1H NMR spectroscopy. Hydrolytic degradation tests revealed that polymers containi",14,12.29
！c7ta05241c.pdf,Self-repairing silicone coatings for marine anti-biofouling,10.1039/c7ta05241c,2008,,,7,1.2
！cationic-copolymer-with-amphiphilic-side-chain-and-hydrophobic-siloxane-polycaprolactone-main-chain-for-marine.pdf,Cationic Copolymer with Amphiphilic Side Chain and Hydrophobic Siloxane/Polycaprolactone Main Chain for Marine Antifouling Coating,10.1021/acs.langmuir.5c00179,2025,,"Cationic copolymers formulated with different weight percentages of random copolymerized amphiphilic poly- (carboxybetaine methacrylate ester)-poly(methyl methacrylate)- polyvinylpyrrolidone (PCBMAE−PMMA-PVP) side chain and polycaprolactone (PCL)/siloxane main chain were developed via a one-pot continuous reaction for the preparation of marine antifouling coatings. By tuning the weight percentage of the side chain and main chain, a 30% quaternization degree can be achieved without obvious gelation of the cationic copolymer. The hydro- lyzable PCBMAE in the side chain and degradable PCL in the ",11,7.35
！environmentally-friendly-antifouling-coatings-based-on-biodegradable-polymer-and-natural-antifoulant.pdf,Environmentally Friendly Antifouling Coatings Based on Biodegradable Polymer and Natural Antifoulant,10.1021/acssuschemeng.7b01385,,,"Marine biofouling causes huge economic losses and serious problems to maritime industries. Consequently, there is a great demand for environmentally friendly antibiofouling technology. In the present study, we developed novel antifouling coatings by incorporating butenolide derived from marine bacteria into biodegradable poly(ε-caprolactone) based polyurethane. Measurements of mass loss indicated that the polymer was degraded in seawater and that the degradation rate increased in the presence of marine organisms or enzymes. Moreover, measured release rates indicated that butenolide could be re",6,2.88
！facile-construction-of-robust-multilayered-peg-films-on-polydopamine-coated-solid-substrates-for-marine-antifouling.pdf,Facile Construction of Robust Multilayered PEG Films on Polydopamine-Coated Solid Substrates for Marine Antifouling Applications,10.1021/acsami.7b07199,,,"We report an eﬀective and versatile approach to control marine fouling on artiﬁcial surfaces based on speciﬁc chemical interactions found in marine mussels. The approach consists of mussel-inspired polydopamine coating, spin-coating-assisted deposi- tion of poly(ethylene glycol) (PEG) catechols, and their cross-linking via catechol−Fe3+−catechol interactions. Using this approach, multi- layered PEG ﬁlms that were highly resistant to marine diatom adhesion were successfully constructed on various substrates, such as stainless steel, nylon, titanium oxide, and silicon oxide. We believe that our ",6,1.69
！fchem-13-1666881.pdf,A wear-resistant coating with,10.3389/fchem.2025.1666881,2000,,,15,6.58
！from-the-nature-for-the-nature-an-eco-friendly-antifouling-coating-consisting-of-poly(lactic-acid)-based-polyurethane.pdf,“From the Nature for the Nature”: An Eco-Friendly Antifouling Coating Consisting of Poly(lactic acid)-Based Polyurethane and Natural Antifoulant,10.1021/acssuschemeng.9b06917,2020,,"“From the nature, for the nature” is an instructive strategy to develop environment-friendly antifouling coatings. In this work, bio-sourced poly(lactic acid)-based polyurethane with hydrolyzable triisopropylsilyl acrylate (TSA) side groups has been prepared via thiol−ene reaction and polyaddition. Such a polymer exhibits high adhesion strength (∼2.0 MPa) and a controlled degradation rate tuned by varying its soft segment and TSA content. An environment-friendly coating is prepared with the polymer and an eco-friendly antifoulant (butenolide) derived from marine bacteria. Our study shows that ",8,1.87
！hyperbranched-fluoropolymer-polydimethylsiloxane-poly(ethylene-glycol)-cross-linked-terpolymer-networks-designed-for.pdf,■INTRODUCTION,10.1021/am505296n,,,"Synthesis of terpolymer coatings composed of hyperbranched ﬂuoropolymers cross-linked with bisamino- propyl poly(ethylene glycol) and bisamino-propyl polydime- thylsiloxane (PDMS) was performed to generate antibiofoul- ing surfaces. Nanoscale imaging and surface spectroscopy conﬁrmed that this system possessed complex surface topographies and chemical compositions. Surface complexity was determined to be due to molecular interactions, phase segregation, and compositional gradients arising between the three components. A clear diﬀerence in surface behavior was observable before and after exposu",10,6.43
！inhibition-of-marine-biofouling-by-use-of-degradable-and-hydrolyzable-silyl-acrylate-copolymer.pdf,Inhibition of Marine Biofouling by Use of Degradable and,10.1021/acs.iecr.5b01819,2008,,"Silyl acrylate copolymers are promising materials for marine antibiofouling. However, their structures need optimizing to improve their erosion and mechanical properties. We have prepared copolymer of 2-methylene-1,3-dioxepane (MDO), tributylsilyl methacrylate (TBSM) and methyl methacrylate (MMA) via radical ring-opening copolymerization. Such polymer has a degradable backbone and hydrolyzable side groups. Our study demonstrates that as the ester units in the backbone increase, the degradation rate increases but the swelling decreases in seawater. The degradation is controlled by the polymer c",7,2.32
！investigation-of-n-substituted-morpholine-structures-in-an-amphiphilic-pdms-based-antifouling-and-fouling-release.pdf,Investigation of N-Substituted Morpholine Structures in an Amphiphilic PDMS-Based Antifouling and Fouling-Release Coating,10.1021/acs.biomac.1c01474,2022,,"Biofouling is a major disruptive process aﬀecting the fuel eﬃciency and durability of maritime vessel coatings. Previous research has shown that amphiphilic coatings consisting of a siloxane backbone functionalized with hydrophilic moieties are eﬀective marine antifouling and fouling-release materials. Poly- (ethylene glycol) (PEG) has been the primary hydrophilic component used in such systems. Recently, the morpholine group has emerged as a promising compact alternative in antifouling membranes but is yet to be studied against marine foulants. In this work, the use of morpholine moieties to ",16,6.66
！jmse-13-00568-v2.pdf,Layer-by-Layer Self-Assembly Marine Antifouling Coating of Phenol Absorbed by Polyvinylpyrrolidone Anchored on Stainless Steel Surfaces,10.3390/jmse13030568,2025,,"Marine biofouling is a major problem that contributes to the failure of man- made marine structures. Conventional marine antifouling coatings that release heavy metal ions for antimicrobial purposes are no longer in line with today’s environmental issues. In this paper, a layer-by-layer (LBL) self-assembled marine antifouling coating based on an addition reaction between polyvinylpyrrolidone (PVP) and phenols to anchor pyrogallic (PG) with an antimicrobial effect on stainless steel surfaces is presented. For this purpose, three phenolics were selected, and their antifouling effects were compar",17,7.74
！kill-resist-renew-trinity-hyperbranched-polymer-with-self-regenerating-attack-and-defense-for-antifouling-coatings.pdf,Kill–Resist–Renew Trinity: Hyperbranched Polymer with Self-Regenerating Attack and Defense for Antifouling Coatings,10.1021/acsami.1c02273,2021,,"Traditional antifouling coatings are generally based on a single antifouling mechanism, which can hardly meet the needs of diﬀerent occasions. Here, a single “kill−resist−renew trinity” polymeric coating integrating fouling killing, resistance, and releasing functions is reported. To achieve the design, a novel monomer-tertiary carboxybetaine ester acrylate with the antifoul- ing group N-(2,4,6-trichlorophenyl)maleimide (TCB-TCPM) is synthesized and copolymerized with methacrylic anhydride via reversible addition-fragmentation chain transfer polymerization yielding a degradable hyperbranched p",9,3.68
！metal-free-low-surface-energy-and-self-healing-polyurethane-coating-with-an-excellent-antifouling-property.pdf,"Metal-Free, Low-Surface Energy, and Self-Healing Polyurethane Coating with an Excellent Antifouling Property",10.1021/acsapm.2c01503,2022,,"The prevention and control of water biofouling has always been the focus of antifouling research. Coatings containing metal ions can effectively inhibit biofouling. However, the application of this type of coating has been limited as a result of its toxicity, irreparability, and poor antifouling ability under static conditions. Here, we have synthesized a self- repairing polymer antifouling coating with hydrophobic and multiple self- repairing systems through structural design with polytetrahydrofuran (PTMEG), isophorone diisocyanate (IPDI), perfluorooctyl ethyl acrylate (TEAc-8), triclosan (T",10,8.3
！molecules-27-05059-v2.pdf,A Multiple-Stimuli-Responsive Amphiphilic Copolymer for Antifouling and Antibacterial Functionality via a “Resistance–Kill–Release” Mechanism,10.3390/molecules27165059,2022,,"In recent years, polymers with stimuli-responsive properties have been increasingly re- ported on due to their diverse applications. However, most of the studies have only focused on the performance of polymers under speciﬁc scenarios. The laws of changes in the properties in response to various external stimuli have been less systematically and quantitatively studied. In this paper, we prepared an amphiphilic polymer (PadaMX and PAdaM3QA−X) with temperature-, pH-, ion-, and β- cyclodextrin (β-CD)-responsive properties. According to the cloud point tested by the UV-Vis method, the lower critic",19,6.86
！mucus-inspired-underwater-enhanced-amphiphilic-liquid-like-fluorocarbon-composite-coating-antifouling-and-anti-icing.pdf,Mucus-Inspired Underwater-Enhanced Amphiphilic Liquid-Like Fluorocarbon Composite Coating: Antifouling and Anti-icing Cycle Durability,10.1021/acsami.5c12461,2025,,"The adhesion of marine fouling organisms and wave-induced ice accretion poses significant challenges to marine infrastructure, leading to substantial economic losses. Inspired by the Pacific salmon mucus, which exhibits both antibacterial and antifreeze properties, an amphiphilic liquid-like fluorocarbon composite coating (PFDNK) with antifouling/anti-icing cyclability and durability is fabricated by integrating thiol-modified tungsten carbide (K-WC) as cross-linking sites into a polyurethane/polyurea-modified fluorocarbon polymer. Remarkably, PFDNK (underwater coefficient of friction ∼0.1) si",13,13.68
！new-peptidomimetic-polymers-for-antifouling-surfaces.pdf,,10.1021/ja0522534,2005,,,2,0.05
！oxidation-mediated-zwitterionic-polydopamine-coatings-for-marine-antifouling-applications.pdf,"Oxidation-Mediated, Zwitterionic Polydopamine Coatings for Marine Antifouling Applications",10.1021/acs.langmuir.8b03454,,,"We synthesized a zwitterionic dopamine deriv- ative (ZW-DOPA) containing both catechol and amine groups, and we demonstrated an excellent marine antifouling surface by controlling the oxidation of ZW-DOPA. The oxidation was mediated by the deprotonation of catechol or the addition of an oxidant (ammonium persulfate (AP) or sodium periodate (NaIO4)). The oxidation and subsequent molecular trans- formation of ZW-DOPA was investigated over time by UV−vis spectroscopy. Among the diﬀerent oxidation conditions tested, NaIO4-induced ZW-DOPA coating was the most eﬃcient and successfully formed on vari",8,2.49
！photoinitiated-thiol-ene-click-reaction-for-preparation-of-highly-adhesive-and-mechanically-stable-silicone-coatings.pdf,Photoinitiated Thiol–Ene Click Reaction for Preparation of Highly Adhesive and Mechanically Stable Silicone Coatings for Marine Antifouling and Anticorrosion,10.1021/acsami.4c18569,2025,,"Marine biofouling and corrosion have become the main problems affecting the development of the marine industry. Silicone-based coatings have been widely used for antifouling and anticorrosion due to their low surface energy. However, the poor adhesion and low mechanical stability of these materials limit their application in complex marine environments. In this work, we presented a marine antifouling and anticorrosion coating named POSS-DMA@PDMS-TCM through photoinitiated thiol−ene click reaction combined with (mercaptopropyl) methylsiloxane dime- thylsiloxane (PDMS-SH), dopamine methacrylamid",13,8.01
！polymers-13-02242.pdf,Simple Preparation of Polydimethylsiloxane and Polyurethane Blend Film for Marine Antibiofouling Application,10.3390/polym13142242,2021,,"A key way to prevent undesirable fouling of any structure in the marine environment, without harming any microorganisms, is to use a polymer ﬁlm with high hydrophobicity. The polymer ﬁlm, which was simply prepared from a blend of hydrophobic polydimethylsiloxane elastomer and hydrophilic polyurethane, showed improved properties and economic viability for antifouling ﬁlm for the marine industry. The ﬁeld emission scanning electron microscope and energy dispersive X-ray spectrometer (FESEM and EDX) results from the polymer blend suggested a homogenous morphology and good distribution of the poly",16,10.59
！polymers-14-03804-v2.pdf,Preparation and Properties of Fluorosilicone Fouling-Release Coatings,10.3390/polym14183804,2022,,"To improve the antifouling performance of silicone fouling-release coatings, some ﬂu- orosilicone and silicone fouling-release coatings were prepared and cured at room temperature with hydroxyl-terminated ﬂuoropolysiloxane (FPS) or hydroxy-terminated polydimethylsiloxane (PDMS) as a ﬁlm-forming resin, tetraethyl orthosilicate (TEOS) as a crosslinking agent, and dibutyltin dilaurate (DBTDL) as a catalyst. The chemical structure, surface morphology and roughness, tensile properties, and antifouling properties of the coating were studied by infrared spectroscopy, a laser confocal scanning microsc",14,3.65
！polymers-15-00317-v2.pdf,Anti-Fouling and Anti-Biofilm Performance of Self-Polishing Waterborne Polyurethane with Gemini Quaternary Ammonium Salts,10.3390/polym15020317,2023,,"Bioﬁlms are known to be difﬁcult to eradicate and control, complicating human infec- tions and marine biofouling. In this study, self-polishing and anti-fouling waterborne polyurethane coatings synthesized from gemini quaternary ammonium salts (GQAS), polyethylene glycol (PEG), and polycaprolactone diol (PCL) demonstrate excellent antibioﬁlm efﬁcacy. Their anti-fouling and anti-bioﬁlm performance was conﬁrmed by a culture-based method in broth media, with the bioﬁlm formation factor against Gram-positive (S. aureus) and Gram-negative bacterial strains (E. coli) for 2 days. The results indicate",15,5.97
！polymers-16-01570.pdf,Surface Reconstruction of Silicone-Based Amphiphilic Polymers for Mitigating Marine Biofouling,10.3390/polym16111570,2024,,"Poly(dimethylsiloxane) (PDMS) coatings are considered to be environmentally friendly antifouling coatings. However, the presence of hydrophobic surfaces can enhance the adhesion rate of proteins, bacteria and microalgae, posing a challenge for biofouling removal. In this study, hydrophilic polymer chains were synthesised from methyl methacrylate (MMA), Poly(ethylene glycol) methyl ether methacrylate (PEG-MA) and 3-(trimethoxysilyl) propyl methacrylate (TPMA). The crosslinking reaction between TPMA and PDMS results in the formation of a silicone-based amphiphilic co-network with surface reconst",13,6.96
！role-of-backbone-chemistry-and-monomer-sequence-in-amphiphilic-oligopeptide-and-oligopeptoid-functionalized-pdms-and.pdf,■INTRODUCTION,10.1021/acs.macromol.6b02505,,,"Poly(dimethylsiloxane) (PDMS)- and poly(ethylene oxide) (PEO)-based block copolymer coatings functionalized with amphiphilic, surface-active, and sequence-controlled oligomer side chains were studied to directly compare the eﬀects of hydrophilicity, hydrogen bonding, and monomer sequence on antifouling performance. Utilizing a modular coating architecture, structurally similar copolymers were used to make direct and meaningful comparisons. Amphiphilic character was imparted with non- natural oligopeptide and oligopeptoid pendant chains made from oligo-PEO and surface-segregating ﬂuoroalkyl mon",12,2.08
！s10118-025-3382-y.pdf,Polydimethylsiloxane-based Antifouling Polymers with Tunable,10.1007/s10118-025-3382-y,2025,,"Development of polymers with underwater self-healing and antifouling properties is crucial, particularly in harsh marine environ- ments. In this study, polydimethylsiloxane (PDMS)-based antifouling polymers with tunable self-healing capabilities in aqueous conditions were fabricated by incorporating amphiphilic segments and Fe3+-catechol dynamic coordination crosslinking. The microphase formed within the PDMS matrix imparted static antifouling properties to the coatings. The mechanical properties of the damaged sample were restored at room temperature in an aqueous environment for 24 h, achiev",9,0.9
！s10853-025-10725-9.pdf,Synthesis and antifouling properties of carbazole amide derivatives with fluorescent functional structure,10.1007/s10853-025-10725-9,2025,,"Tin-free self-polishing antifouling coatings are prevalent today. However, its high ­Cu2O content endangers the marine environment. Leveraging the fluorescent properties of coating to prevent fouling is an environmentally friendly antifouling coating development. In this paper, four unreported fluorescent structural carba- zole amide derivatives (FSCAD) were synthesized by Friedel–Crafts alkylation reaction. Their fluorescence, antibacterial, and algal inhibition properties were examined. The fluorescent properties test results showed that the four FSCAD exhibited high fluorescence properties.",16,3.59
！s10904-025-04025-7.pdf,Anti-fouling System Based on PDMS and Polyhexamethylene,10.1007/s10904-025-04025-7,2017,,"In this study, compositions based on PDMS and MQ resin containing the well-known biocide polyhexamethylene guani­ dine (PHMG) were used to produce polymer films on the way to protect the surface of the steel plates. Due to the good solubility of PHMG in water, PHMG was covalently bonded to the siloxane backbone to avoid their leaching out of the film during prolonged exposure in water. The finished biocidal coatings exhibited high homogeneity on primed steel, trans­ parency, and high adhesion. The resulting coated steel plate samples were exposed to tropical waters, then extracted and treated ",12,3.05
！s11998-018-0144-6.pdf,Advances in design and manufacturing of environmentally friendly and biocide-free antifouling/foul-release coatings: replacement of fluorinate species,10.1007/s11998-018-0144-6,2018,,"Amphiphilic coatings are nowadays de- scribed as the most promising strategy for the achieve- ment of an effective and eco-friendly antifouling marine paint, based on a physical principle. Neverthe- less, most of the preparations imply the introduction of ﬂuorinate chemicals for the formation of the hydropho- bic moieties, which are potentially toxic for the marine environment in the case of an accidental release. The present work evaluates the possibility of removing ﬂuorinate species for the implementation of such coatings and their replacement with analogous long- alkyls. In particular, thi",20,2.82
！s11998-019-00294-3.pdf,Chemistry and application of emerging ecofriendly antifouling paints: a review,10.1007/s11998-019-00294-3,2020,,"There has been a global concern about the use of tributyltin-based coatings in combating biofoul- ing in the marine industry. Although there have been alternatives to tributyltin in preventing biofouling, the emphasis is now on the use of nontoxic and/or ecofriendly natural materials which do not negatively affect the environment upon application. Natural materials are ecofriendly, biodegradable, cost-effec- tive, and can be employed as precursors in the synthe- sis and formulation of biodegradable antifouling coatings. Consequently, many researchers are investing time into the synthesis and f",18,1.37
！s11998-019-00313-3.pdf,Degradable polyurethane based on triblock polyols composed of polypropylene glycol and ε-caprolactone for marine antifouling applications,10.1007/s11998-019-00313-3,2020,,"Marine antifouling coatings require supe- rior mechanical properties and effective antifouling. Degradable polyurethane (PU) coatings have a repu- tation for high performance. Degradable PU ﬁlms were prepared by mixing triblock polyols [composed of polyether (polypropylene glycol or polyethylene gly- col) and e-caprolactone] and crosslinker agent (toly- lene diisocyanate trimer). The hydrolytic degradation and water absorption experiments of PU ﬁlms demon- strated that the PU ﬁlms could erode in artiﬁcial sea water, which were mainly controlled by the hydrophilic property of the polyether. Mar",10,1.66
！s42114-024-01094-z.pdf,Bio-inspired design of antifouling polymeric coatings with natural extracts: key evidence for resistance to fouling adhesion,10.1007/s42114-024-01094-z,2024,,"Marine environmentally friendly antifouling materials are emerging as a viable and promising alternative to the conven- tional toxic antifouling agents. Within this field, the exploration of natural antifouling substances has become a significant research focus, representing an auspicious avenue for innovation in eco-friendly technologies. In this study, we delve into the development of eco-friendly antifouling coatings through a novel chemical modification process. By incorporating natural antifouling agents onto an acrylic acid substrate through a grafting process, we have successfully synth",12,1.86
！seawater-induced-healable-underwater-superoleophobic-antifouling-coatings.pdf,Seawater-Induced Healable Underwater Superoleophobic Antifouling Coatings,10.1021/acsami.8b16464,,,"Creating an artiﬁcial surface, mimicking a live ﬁsh scale that repels oil underwater and with self-healing properties, would be signiﬁcant for the development of nontoxic marine antifouling coatings. Here, we report a seawater-induced strategy to create in situ an underwater superoleophobic surface, starting from the coatings of a self- polishing polymer and seawater-responsive polymer-grafted SiO2 nanoparticles. The coatings’ surfaces were able to renew in artiﬁcial seawater through the hydrolysis of the superﬁcial self-polishing polymer and its subsequent dissolution. Particularly, the graft",10,6.63
！self-renewing-antifouling-coating-based-on-integrated-offensive-and-defense-strategies-inspired-by-coral.pdf,Self-Renewing Antifouling Coating Based on Integrated Offensive and Defense Strategies Inspired by Coral,10.1021/acsami.5c24167,2026,,"Silane acrylate self-polishing antifouling coatings play a crucial role in environmentally friendly biological fouling prevention. However, they still face challenges related to static fouling conditions and limited service life. In this study, inspired by the dual antifouling mechanism of coral, mucus is “self-renewing” and actively releases antifouling substances. A surface self-renewing antifouling coating (MEIPT-x) was prepared based on two hydrolyzable silane side chains that accelerate surface self-renewal, along with an eco-friendly antifouling agent, 5-chloro-2-benzothiazolinone (TL), ",14,5.21
！studying-the-effect-of-pre-polymer-composition-and-incorporation-of-surface-modifying-amphiphilic-additives-on-the.pdf,Studying the Effect of Pre-Polymer Composition and Incorporation of Surface-Modifying Amphiphilic Additives on the Fouling-Release Performance of Amphiphilic Siloxane-Polyurethane Coatings,10.1021/acsami.2c10983,2022,,"Combining amphiphilic fouling-release (FR) coatings with the surface-active nature of amphiphilic additives can improve the antifouling/fouling-release (AF/FR) properties needed to offer broad- spectrum resistance to marine biofoulants. This work is focused on further tuning the amphiphilic character of a previously developed amphiphilic siloxane-polyurethane (SiPU) coating by varying the amount of PDMS and PEG in the base system. Furthermore, surface- modifying amphiphilic additives (SMAAs) were incorporated into these amphiphilic FR SiPU coatings in varying amounts. ATR-FTIR, contact angle a",19,9.83
