MW,LogP,TPSA,HBD,HBA,RotBonds,RingCount,AromaticRings,HeavyAtoms,FractionCSP3,NumF,NumCl,NumBr,NumN,NumO,NumS,NumSi,NumP,HasCu,HasZn,HasAg,HasTi,ChargeDensity,HydrophilicLipophilicBalance,SurfaceEnergyEstimate,ElasticModulusEstimate,RoughnessPotential,CrosslinkPotential,SMILES,material_class,material_name,antifouling_efficiency_pct,fouling_release_pct,antibacterial_rate_pct,diatom_removal_pct,is_original
236.536,3.391200000000002,18.46,0.0,2.0,4.0,0.0,0.0,13.0,1.0,0.0,0.0,0.0,0.0,2.0,0.0,3.0,0.0,0.0,0.0,0.0,0.0,0.0,2.8618053911455346,26.9132,0.7199999999999999,0.065,0.1538461538461538,C[Si](C)(C)O[Si](C)(C)O[Si](C)(C)C,silicone,PDMS低聚体(MW~300),68.0,80.0,40.0,72.0,True
384.8460000000001,4.828000000000005,36.92,0.0,4.0,8.0,0.0,0.0,21.0,1.0,0.0,0.0,0.0,0.0,4.0,0.0,5.0,0.0,0.0,0.0,0.0,0.0,0.0,3.517874682340468,19.757999999999992,-0.16,0.105,0.1904761904761904,C[Si](C)(C)O[Si](C)(C)O[Si](C)(C)O[Si](C)(C)O[Si](C)(C)C,silicone,PDMS中聚体(MW~500),72.0,85.0,42.0,76.0,True
278.617,4.561500000000004,18.46,0.0,2.0,7.0,0.0,0.0,16.0,1.0,0.0,0.0,0.0,0.0,2.0,0.0,3.0,0.0,0.0,0.0,0.0,0.0,0.0,2.4295717777450774,25.157749999999997,0.6599999999999998,0.08,0.125,C[Si](C)(C)O[Si](C)(C)O[Si](C)(CCCC)C,silicone,PDMS+甲基硅油,78.0,90.0,46.0,80.0,True
334.72500000000014,6.121900000000007,18.46,0.0,2.0,11.0,0.0,0.0,20.0,1.0,0.0,0.0,0.0,0.0,2.0,0.0,3.0,0.0,0.0,0.0,0.0,0.0,0.0,2.022316827246246,22.81714999999999,0.5799999999999998,0.1,0.1,C[Si](C)(C)O[Si](C)(C)O[Si](C)(CCCCCCCC)C,silicone,PDMS+辛基硅油,80.0,91.0,48.0,82.0,True
224.452,2.950200000000001,9.23,0.0,1.0,3.0,1.0,1.0,14.0,0.4545454545454545,0.0,0.0,0.0,0.0,1.0,0.0,2.0,0.0,0.0,0.0,0.0,0.0,0.0,1.5079393366955969,30.0747,1.5399999999999998,0.17,0.0714285714285714,C[Si](C)(C)O[Si](C)(c1ccccc1)C,silicone,PDMS+苯基硅油,80.0,91.0,46.0,83.0,True
244.40499999999992,3.995400000000004,9.23,0.0,1.0,4.0,0.0,0.0,14.0,1.0,3.0,0.0,0.0,0.0,1.0,0.0,2.0,0.0,0.0,0.0,0.0,0.0,0.0,1.3848325525255218,21.006899999999995,1.12,0.07,0.0714285714285714,C[Si](C)(C)O[Si](C)(CCC(F)(F)F)C,silicone,PDMS+三氟丙基改性,85.0,92.0,55.0,88.0,True
294.4119999999999,4.630700000000004,9.23,0.0,1.0,5.0,0.0,0.0,17.0,1.0,5.0,0.0,0.0,0.0,1.0,0.0,2.0,0.0,0.0,0.0,0.0,0.0,0.0,1.1496134668423843,15.053949999999997,1.1,0.085,0.0588235294117647,C[Si](C)(C)O[Si](C)(CCC(F)(F)C(F)(F)F)C,silicone,PDMS+全氟己基改性,88.0,94.0,58.0,90.0,True
316.36500000000007,4.4151000000000025,9.23,0.0,1.0,4.0,0.0,0.0,18.0,1.0,7.0,0.0,0.0,0.0,1.0,0.0,2.0,0.0,0.0,0.0,0.0,0.0,0.0,1.0698402162059646,10.377349999999996,1.12,0.09,0.0555555555555555,FC(F)(F)C(F)(F)C(F)(F)[Si](C)(C)O[Si](C)(C)C,silicone,氟硅嵌段共聚物,86.0,93.0,56.0,89.0,True
280.513,2.0685,47.92,1.0,4.0,10.0,0.0,0.0,17.0,1.0,0.0,0.0,0.0,0.0,4.0,0.0,2.0,0.0,0.0,0.0,0.0,0.0,0.0,4.904728123117289,32.89725,1.0,0.085,0.2352941176470588,C[Si](C)(CCOCCOCCO)O[Si](C)(C)C,silicone,PDMS-g-PEG200,82.0,88.0,65.0,84.0,True
368.619,2.1016999999999992,66.38000000000001,1.0,6.0,16.0,0.0,0.0,23.0,1.0,0.0,0.0,0.0,0.0,6.0,0.0,2.0,0.0,0.0,0.0,0.0,0.0,0.0,5.568785114169373,33.84745,0.8799999999999999,0.115,0.2608695652173913,C[Si](C)(CCOCCOCCOCCOCCO)O[Si](C)(C)C,silicone,PDMS-g-PEG400,84.0,89.0,68.0,86.0,True
330.5930000000002,2.789600000000001,79.17999999999999,4.0,3.0,14.0,0.0,0.0,22.0,0.9375,0.0,0.0,0.0,4.0,1.0,0.0,1.0,0.0,0.0,0.0,0.0,0.0,0.0,4.834827113701739,36.5156,1.32,0.11,0.2272727272727272,C[Si](C)(C)NCCCCCCNC(=O)NCCCCCCN,silicone,PDMS-PUa自修复涂层,80.0,88.0,60.0,85.0,True
350.5640000000001,3.0939000000000005,96.89,3.0,4.0,10.0,0.0,0.0,22.0,0.8461538461538461,0.0,0.0,0.0,2.0,5.0,0.0,2.0,0.0,0.0,0.0,0.0,0.0,0.0,6.714266153969031,33.45915,1.0,0.11,0.3181818181818182,C[Si](C)(C)O[Si](C)(C)OC(=O)NCCCCCCNC(=O)O,silicone,硅氧烷-聚氨酯,75.0,82.0,50.0,76.0,True
222.465,2.0544,43.370000000000005,0.0,3.0,2.0,0.0,0.0,12.0,1.0,0.0,0.0,0.0,0.0,3.0,0.0,3.0,0.0,0.0,0.0,0.0,0.0,0.0,4.705189580383432,29.4184,0.7599999999999998,0.06,0.25,C[Si](C)(C)O[Si](C)(C)C.[Si](=O)(=O),silicone,PDMS/SiO2纳米复合,76.0,86.0,52.0,80.0,True
227.771,2.670300000000001,9.23,0.0,1.0,2.0,0.0,0.0,10.0,1.0,0.0,0.0,0.0,0.0,1.0,0.0,2.0,0.0,0.0,1.0,0.0,0.0,0.0,1.4859661677737732,30.49455,1.16,0.35,0.1,C[Si](C)(C)O[Si](C)(C)C.[Zn],silicone,PDMS/ZnO纳米复合,78.0,84.0,72.0,80.0,True
288.03099999999995,4.0169,0.0,0.0,0.0,2.0,0.0,0.0,17.0,1.0,12.0,0.0,0.0,0.0,0.0,0.0,0.0,0.0,0.0,0.0,0.0,0.0,0.0,0.0,10.0,1.96,0.085,0.0,FC(F)(F)C(F)(F)C(F)(F)C(F)(F)C(F)(F)F,fluoropolymer,全氟戊烷,70.0,75.0,35.0,68.0,True
320.941,4.5555,0.0,0.0,0.0,2.0,0.0,0.0,17.0,1.0,10.0,2.0,0.0,0.0,0.0,0.0,0.0,0.0,0.0,0.0,0.0,0.0,0.0,0.0,10.0,1.96,0.085,0.0,FC(F)(F)C(F)(Cl)C(F)(F)C(F)(Cl)C(F)(F)F,fluoropolymer,PCTFE类,72.0,78.0,38.0,70.0,True
100.014,1.991,0.0,0.0,0.0,0.0,0.0,0.0,6.0,0.0,4.0,0.0,0.0,0.0,0.0,0.0,0.0,0.0,0.0,0.0,0.0,0.0,0.0,0.0,27.0135,2.0,0.03,0.0,FC(F)=C(F)F,fluoropolymer,PTFE单体单元,65.0,70.0,32.0,62.0,True
142.07600000000002,1.4135,37.3,1.0,1.0,2.0,0.0,0.0,9.0,0.75,3.0,0.0,0.0,0.0,2.0,0.0,0.0,0.0,0.0,0.0,0.0,0.0,0.0,5.029702412793151,31.37975,1.96,0.045,0.2222222222222222,OC(=O)CCC(F)(F)F,fluoropolymer,含氟丙烯酸酯单体,82.0,88.0,55.0,84.0,True
214.036,1.9039,37.3,1.0,1.0,2.0,0.0,0.0,13.0,0.75,7.0,0.0,0.0,0.0,2.0,0.0,0.0,0.0,0.0,0.0,0.0,0.0,0.0,3.338690687547889,20.64415,1.96,0.065,0.1538461538461538,OC(=O)C(F)(F)C(F)(F)C(F)(F)F,fluoropolymer,全氟丙烯酸酯,84.0,90.0,58.0,86.0,True
256.117,2.9301000000000013,37.3,1.0,1.0,4.0,0.0,0.0,16.0,0.8571428571428571,7.0,0.0,0.0,0.0,2.0,0.0,0.0,0.0,0.0,0.0,0.0,0.0,0.0,2.790131072908085,19.10485,1.92,0.08,0.125,OC(=O)C(C)CC(F)(F)C(F)(F)C(F)(F)F,fluoropolymer,含氟甲基丙烯酸酯,86.0,91.0,56.0,87.0,True
254.154,2.9678000000000013,37.3,1.0,1.0,3.0,1.0,1.0,17.0,0.3,5.0,0.0,0.0,0.0,2.0,0.0,0.0,0.0,0.0,0.0,0.0,0.0,0.0,2.8116811067305645,24.0483,2.34,0.185,0.1176470588235294,FC(F)(F)C(F)(F)c1ccc(CC(=O)O)cc1,fluoropolymer,含氟芳香聚氨酯前体,83.0,89.0,52.0,85.0,True
325.40200000000004,3.7477000000000023,46.53,1.0,2.0,4.0,0.0,0.0,19.0,0.8888888888888888,5.0,0.0,0.0,0.0,3.0,0.0,2.0,0.0,0.0,0.0,0.0,0.0,0.0,3.2361817075494304,17.378449999999994,1.12,0.095,0.1578947368421052,OC(=O)CC(F)(F)C(F)(F)F.[Si](C)(C)O[Si](C)(C)C,fluoropolymer,氟硅共聚物,88.0,94.0,62.0,90.0,True
438.052,5.922800000000002,0.0,0.0,0.0,5.0,0.0,0.0,26.0,1.0,18.0,0.0,0.0,0.0,0.0,0.0,0.0,0.0,0.0,0.0,0.0,0.0,0.0,0.0,10.0,1.9,0.13,0.0,FC(F)(F)C(F)(F)C(F)(F)C(F)(F)C(F)(F)C(F)(F)C(F)(F)C(F)(F)F,fluoropolymer,全氟辛基链,74.0,78.0,40.0,72.0,True
140.113,1.5239,37.3,1.0,1.0,1.0,1.0,1.0,10.0,0.0,1.0,0.0,0.0,0.0,2.0,0.0,0.0,0.0,0.0,0.0,0.0,0.0,0.0,5.100169149186727,36.21415,2.38,0.15,0.2,OC(=O)c1ccc(F)cc1,fluoropolymer,对氟苯甲酸酯,78.0,84.0,50.0,80.0,True
304.259,1.9967,58.2,2.0,2.0,10.0,0.0,0.0,20.0,0.8181818181818182,5.0,0.0,0.0,2.0,2.0,0.0,0.0,0.0,0.0,0.0,0.0,0.0,0.0,4.326577028124064,27.10495,1.8,0.1,0.2,FC(F)(F)C(F)(F)CC(=O)NCCCCCCNC(=O),fluoropolymer,含氟聚氨酯,82.0,88.0,58.0,84.0,True
238.108,0.0803999999999997,66.76,2.0,4.0,4.0,0.0,0.0,15.0,0.8333333333333334,5.0,0.0,0.0,0.0,4.0,0.0,0.0,0.0,0.0,0.0,0.0,0.0,0.0,5.936465805432829,29.3794,1.92,0.075,0.2666666666666666,FC(F)(F)C(F)(F)C(=O)OCC(O)CO,fluoropolymer,含氟甘油酯,80.0,86.0,54.0,82.0,True
106.077,-1.5758,77.76,3.0,3.0,2.0,0.0,0.0,7.0,0.6666666666666666,0.0,0.0,0.0,0.0,4.0,0.0,0.0,0.0,0.0,0.0,0.0,0.0,0.0,13.532811071202994,44.3637,1.96,0.035,0.5714285714285714,OC(=O)C(O)CO,hydrogel,PVA单体单元,72.0,58.0,68.0,62.0,True
150.174,-0.9958000000000002,58.92,2.0,4.0,7.0,0.0,0.0,10.0,1.0,0.0,0.0,0.0,0.0,4.0,0.0,0.0,0.0,0.0,0.0,0.0,0.0,0.0,9.308135895694328,43.4937,1.86,0.05,0.4,OCCOCCOCCO,hydrogel,PEG200,78.0,64.0,72.0,70.0,True
326.3860000000001,-0.929399999999996,95.84000000000002,2.0,8.0,19.0,0.0,0.0,22.0,1.0,0.0,0.0,0.0,0.0,8.0,0.0,0.0,0.0,0.0,0.0,0.0,0.0,0.0,8.43075377007592,45.3941,1.62,0.11,0.3636363636363636,OCCOCCOCCOCCOCCOCCOCCO,hydrogel,PEG600,80.0,66.0,75.0,72.0,True
182.172,-3.5854000000000004,121.38,6.0,6.0,5.0,0.0,0.0,12.0,1.0,0.0,0.0,0.0,0.0,6.0,0.0,0.0,0.0,0.0,0.0,0.0,0.0,0.0,11.872076938278113,48.3781,1.9,0.06,0.5,OCC(O)C(O)C(O)C(O)CO,hydrogel,山梨醇(水凝胶交联剂),70.0,55.0,65.0,58.0,True
72.06300000000002,0.257,37.3,1.0,1.0,1.0,0.0,0.0,5.0,0.0,0.0,0.0,0.0,0.0,2.0,0.0,0.0,0.0,0.0,0.0,0.0,0.0,0.0,9.91632321718496,40.6145,1.98,0.025,0.4,OC(=O)C=C,hydrogel,丙烯酸(水凝胶单体),74.0,60.0,70.0,64.0,True
134.08700000000002,-1.0934,94.83,3.0,3.0,3.0,0.0,0.0,9.0,0.5,0.0,0.0,0.0,0.0,5.0,0.0,0.0,0.0,0.0,0.0,0.0,0.0,0.0,13.347006048311917,44.1401,1.94,0.045,0.5555555555555556,OC(=O)C(O)CC(=O)O,hydrogel,柠檬酸(交联剂),68.0,52.0,62.0,56.0,True
133.103,-1.1270000000000002,100.62,3.0,3.0,3.0,0.0,0.0,9.0,0.5,0.0,0.0,0.0,1.0,4.0,0.0,0.0,0.0,0.0,0.0,0.0,0.0,0.0,13.232158553901863,44.4905,1.94,0.045,0.5555555555555556,OC(=O)C(N)CC(=O)O,hydrogel,天冬氨酸,72.0,58.0,68.0,62.0,True
114.104,-1.4868,86.18,2.0,2.0,2.0,0.0,0.0,8.0,0.0,0.0,0.0,0.0,2.0,2.0,0.0,0.0,0.0,0.0,0.0,0.0,0.0,0.0,12.027273364649792,44.830200000000005,1.96,0.04,0.5,NC(=O)C=CC(=O)N,hydrogel,双丙烯酰胺(交联剂),70.0,56.0,66.0,60.0,True
150.08599999999998,-2.1226,115.06000000000002,4.0,4.0,3.0,0.0,0.0,10.0,0.5,0.0,0.0,0.0,0.0,6.0,0.0,0.0,0.0,0.0,0.0,0.0,0.0,0.0,14.325919805977907,46.1839,1.94,0.05,0.6,OC(=O)C(O)C(O)C(=O)O,hydrogel,酒石酸,66.0,50.0,60.0,54.0,True
152.146,-2.9463000000000004,101.15,5.0,5.0,4.0,0.0,0.0,10.0,1.0,0.0,0.0,0.0,0.0,5.0,0.0,0.0,0.0,0.0,0.0,0.0,0.0,0.0,11.84585858320298,46.91945,1.92,0.05,0.5,OC[C@@H](O)[C@@H](O)[C@@H](O)CO,hydrogel,D-山梨糖醇,72.0,58.0,68.0,62.0,True
179.17200000000005,-3.2549999999999994,116.17,5.0,6.0,1.0,1.0,0.0,12.0,1.0,0.0,0.0,0.0,1.0,5.0,0.0,0.0,0.0,0.0,0.0,0.0,0.0,0.0,11.789453709284931,48.1825,2.08,0.16,0.5,OC[C@H]1OC(O)[C@H](N)[C@@H](O)[C@@H]1O,hydrogel,壳聚糖单体单元,76.0,58.0,82.0,66.0,True
180.156,-3.2214000000000005,110.38,5.0,6.0,1.0,1.0,0.0,12.0,1.0,0.0,0.0,0.0,0.0,6.0,0.0,0.0,0.0,0.0,0.0,0.0,0.0,0.0,11.882812673460776,47.8321,2.08,0.16,0.5,OC[C@H]1OC(O)[C@H](O)[C@@H](O)[C@@H]1O,hydrogel,海藻酸钠单体,70.0,52.0,65.0,58.0,True
181.257,-0.3721000000000001,57.2,0.0,3.0,4.0,0.0,0.0,11.0,1.0,0.0,0.0,0.0,1.0,3.0,1.0,0.0,0.0,0.0,0.0,0.0,0.0,0.1818181818181818,7.472263140182173,45.58542272727272,2.0109090909090908,0.055,0.2727272727272727,C[N+](C)(C)CCCS([O-])(=O)=O,zwitterionic,SBMA单体(磺酸甜菜碱),85.0,78.0,82.0,80.0,True
117.14799999999998,-1.5574999999999983,40.13,0.0,2.0,2.0,0.0,0.0,8.0,0.8,0.0,0.0,0.0,1.0,2.0,0.0,0.0,0.0,0.0,0.0,0.0,0.0,0.25,8.538430020145459,47.88625,2.085,0.04,0.25,C[N+](C)(C)CC(=O)[O-],zwitterionic,CBMA单体(羧酸甜菜碱),88.0,82.0,85.0,84.0,True
183.144,-0.8301000000000003,69.59,1.0,3.0,4.0,0.0,0.0,11.0,1.0,0.0,0.0,0.0,1.0,4.0,0.0,0.0,1.0,0.0,0.0,0.0,0.0,0.1818181818181818,9.277836019744027,46.772422727272726,2.0109090909090908,0.055,0.3636363636363636,C[N+](C)(C)CCOP([O-])(=O)O,zwitterionic,磷酸胆碱(MPC),86.0,80.0,84.0,82.0,True
204.251,-0.7521000000000002,66.00999999999999,0.0,3.0,4.0,1.0,1.0,13.0,0.5714285714285714,0.0,0.0,0.0,2.0,3.0,1.0,0.0,0.0,0.0,0.0,0.0,0.0,0.1538461538461538,8.088185614758311,46.53584230769231,2.396923076923077,0.165,0.2307692307692307,C[N+]1=CC=CN1CCCS([O-])(=O)=O,zwitterionic,SBVI(磺酸甜菜碱乙烯基咪唑),87.0,81.0,83.0,83.0,True
181.257,-0.3721000000000001,57.2,0.0,3.0,4.0,0.0,0.0,11.0,1.0,0.0,0.0,0.0,1.0,3.0,1.0,0.0,0.0,0.0,0.0,0.0,0.0,0.1818181818181818,7.472263140182173,45.58542272727272,2.0109090909090908,0.055,0.2727272727272727,C[N+](C)(C)CCCS([O-])(=O)=O,zwitterionic,DMAPS,85.0,78.0,82.0,80.0,True
133.10299999999998,-1.127,100.62000000000002,3.0,3.0,3.0,0.0,0.0,9.0,0.5,0.0,0.0,0.0,1.0,4.0,0.0,0.0,0.0,0.0,0.0,0.0,0.0,0.0,13.232158553901868,44.4905,1.94,0.045,0.5555555555555556,N[C@@H](CC(=O)O)C(=O)O,zwitterionic,天冬氨酸两性离子,82.0,75.0,78.0,76.0,True
146.19,-2.5241999999999987,93.79,2.0,3.0,5.0,0.0,0.0,10.0,0.8333333333333334,0.0,0.0,0.0,2.0,2.0,0.0,0.0,0.0,0.0,0.0,0.0,0.0,0.2,9.491620493877832,49.3863,2.0,0.05,0.4,N[C@@H](CCCC[NH3+])C(=O)[O-],zwitterionic,赖氨酸两性离子,80.0,72.0,76.0,74.0,True
147.13,-0.7368999999999997,100.62000000000002,3.0,3.0,4.0,0.0,0.0,10.0,0.6,0.0,0.0,0.0,1.0,4.0,0.0,0.0,0.0,0.0,0.0,0.0,0.0,0.0,11.970638211105824,43.90535,1.92,0.05,0.5,N[C@@H](CCC(=O)O)C(=O)O,zwitterionic,谷氨酸两性离子,82.0,74.0,78.0,76.0,True
105.093,-1.6093999999999995,83.55,3.0,3.0,2.0,0.0,0.0,7.0,0.6666666666666666,0.0,0.0,0.0,1.0,3.0,0.0,0.0,0.0,0.0,0.0,0.0,0.0,0.0,13.3890934695936,44.7141,1.96,0.035,0.5714285714285714,N[C@@H](CO)C(=O)O,zwitterionic,丝氨酸两性离子,80.0,72.0,76.0,74.0,True
132.163,-2.914299999999999,93.79,2.0,3.0,4.0,0.0,0.0,9.0,0.8,0.0,0.0,0.0,2.0,2.0,0.0,0.0,0.0,0.0,0.0,0.0,0.0,0.2222222222222222,10.499005016532616,50.0,2.031111111111111,0.045,0.4444444444444444,N[C@@H](CCC[NH3+])C(=O)[O-],zwitterionic,鸟氨酸两性离子,81.0,73.0,77.0,75.0,True
92.163,-0.8179000000000001,23.06,0.0,1.0,1.0,0.0,0.0,5.0,1.0,0.0,0.0,0.0,0.0,1.0,1.0,0.0,0.0,0.0,0.0,0.0,0.0,0.4,3.972526935972137,47.72685,2.18,0.025,0.2,C[S+](C)C[O-],zwitterionic,硫叶立德两性离子,88.0,84.0,86.0,86.0,True
313.4920000000001,0.7043000000000013,75.66,0.0,5.0,7.0,0.0,0.0,19.0,0.8181818181818182,0.0,0.0,0.0,1.0,5.0,1.0,1.0,0.0,0.0,0.0,0.0,0.0,0.1052631578947368,6.479654983221262,40.82249736842105,1.5126315789473683,0.095,0.2631578947368421,C[N+](C)(C)CCCS([O-])(=O)=O.C[Si](OC)(OC)C=C,zwitterionic,SBMA-VTMO杂化,90.0,85.0,88.0,88.0,True
194.653,-0.9893,77.42999999999999,1.0,3.0,1.0,0.0,0.0,10.0,0.2,0.0,0.0,0.0,0.0,4.0,0.0,0.0,0.0,1.0,0.0,0.0,0.0,0.2,7.37137367520665,46.48395,2.08,0.05,0.4,OC(=O)C=C.CC(=O)[O-].[Cu+2],self_polishing,丙烯酸铜SPC,88.0,70.0,92.0,75.0,True
196.497,-0.9893,77.42999999999999,1.0,3.0,1.0,0.0,0.0,10.0,0.2,0.0,0.0,0.0,0.0,4.0,0.0,0.0,0.0,0.0,1.0,0.0,0.0,0.2,7.30219799793381,46.48395,2.08,0.35,0.4,OC(=O)C=C.CC(=O)[O-].[Zn+2],self_polishing,丙烯酸锌SPC,85.0,68.0,88.0,72.0,True
149.636,0.6446000000000001,37.3,1.0,1.0,1.0,0.0,0.0,7.0,0.25,0.0,0.0,0.0,0.0,2.0,0.0,0.0,0.0,1.0,0.0,0.0,0.0,0.1428571428571428,4.775588762062605,42.17595714285714,2.051428571428572,0.035,0.2857142857142857,CC(=C)C(=O)O.[Cu+2],self_polishing,甲基丙烯酸铜SPC,86.0,72.0,90.0,74.0,True
146.142,0.4362999999999999,63.6,1.0,3.0,3.0,0.0,0.0,10.0,0.3333333333333333,0.0,0.0,0.0,0.0,4.0,0.0,0.0,0.0,0.0,0.0,0.0,0.0,0.0,9.62899098137428,41.34555,1.94,0.05,0.4,OC(=O)C=C.C(=O)OCC,self_polishing,丙烯酸乙酯水解型SPC,82.0,65.0,85.0,68.0,True
208.286,0.7512999999999999,64.99000000000001,1.0,4.0,4.0,0.0,0.0,13.0,0.5714285714285714,0.0,0.0,0.0,0.0,5.0,0.0,1.0,0.0,0.0,0.0,0.0,0.0,0.0,8.305791075732406,38.37305,1.52,0.065,0.3846153846153846,OC(=O)C=C.[Si](OC)(OC)(OC)C,self_polishing,硅基自抛光丙烯酸酯,90.0,75.0,85.0,80.0,True
140.07,-4.3729,77.42999999999999,1.0,3.0,1.0,0.0,0.0,9.0,0.0,0.0,0.0,0.0,0.0,4.0,0.0,0.0,0.0,0.0,0.0,0.0,0.0,0.2222222222222222,10.243878060969514,50.0,2.091111111111111,0.045,0.4444444444444444,OC(=O)C=C.C(=O)[O-].[Na+],self_polishing,丙烯酸钠离子交换型,84.0,68.0,82.0,72.0,True
210.317,3.169500000000002,37.3,1.0,1.0,2.0,2.0,0.0,15.0,0.9230769230769232,0.0,0.0,0.0,0.0,2.0,0.0,0.0,0.0,0.0,0.0,0.0,0.0,0.0,3.397728191254154,36.24575,2.16,0.275,0.1333333333333333,OC(=O)C1CC2CCC(C(C)C)C2CC1,self_polishing,松香改性SPC,80.0,62.0,78.0,66.0,True
139.15399999999997,0.5564999999999998,66.48,3.0,3.0,1.0,1.0,1.0,10.0,0.1428571428571428,0.0,0.0,0.0,1.0,2.0,0.0,0.0,0.0,0.0,0.0,0.0,0.0,0.0,7.5668683616712435,40.96525,2.38,0.15,0.3,NCc1ccc(O)c(O)c1,bioinspired,多巴胺(仿贻贝),78.0,72.0,75.0,74.0,True
85.10600000000001,-0.1036,29.1,1.0,1.0,0.0,1.0,0.0,6.0,0.75,0.0,0.0,0.0,1.0,1.0,0.0,0.0,0.0,0.0,0.0,0.0,0.0,0.0,7.73388480248161,41.4554,2.1,0.13,0.3333333333333333,O=C1CCCN1,bioinspired,PVP单体(聚乙烯吡咯烷酮),76.0,70.0,72.0,70.0,True
170.11999999999998,0.5015999999999998,97.99,4.0,4.0,1.0,1.0,1.0,12.0,0.0,0.0,0.0,0.0,0.0,5.0,0.0,0.0,0.0,0.0,0.0,0.0,0.0,0.0,10.557136139195864,41.7476,2.38,0.16,0.4166666666666667,OC(=O)c1cc(O)c(O)c(O)c1,bioinspired,没食子酸(仿贻贝粘附),74.0,68.0,70.0,68.0,True
255.22599999999997,0.3979999999999998,127.09,5.0,5.0,1.0,2.0,1.0,18.0,0.2727272727272727,0.0,0.0,0.0,1.0,6.0,0.0,0.0,0.0,0.0,0.0,0.0,0.0,0.0,9.615713132674577,43.203,2.48,0.29,0.3888888888888889,OC(=O)c1cc(O)c(O)c(O)c1.O=C1CCCN1,bioinspired,丹宁酸-PVP复合,82.0,76.0,80.0,78.0,True
301.34200000000004,2.776600000000001,71.28,2.0,5.0,6.0,2.0,2.0,22.0,0.2352941176470588,0.0,0.0,0.0,1.0,4.0,0.0,0.0,0.0,0.0,0.0,0.0,0.0,0.0,5.649925997703605,38.6351,2.68,0.31,0.2272727272727272,COc1ccc(CCN=Cc2ccc(O)c(OC)c2)cc1O,bioinspired,辣椒素(天然防污),80.0,65.0,82.0,70.0,True
81.389,-0.1213,17.07,0.0,1.0,0.0,0.0,0.0,2.0,0.0,0.0,0.0,0.0,0.0,1.0,0.0,0.0,0.0,0.0,1.0,0.0,0.0,0.0,4.351202250918429,40.68195,2.0,0.31,0.5,[Zn]=O,nanocomposite,ZnO纳米粒子,72.0,60.0,88.0,68.0,True
143.091,-0.0734,9.23,0.0,1.0,0.0,0.0,0.0,3.0,0.0,0.0,0.0,0.0,0.0,1.0,0.0,0.0,0.0,1.0,0.0,0.0,0.0,0.0,2.365347925446045,40.6101,2.0,0.015,0.3333333333333333,[Cu]O[Cu],nanocomposite,Cu2O纳米粒子,78.0,65.0,92.0,72.0,True
107.868,-0.0025,0.0,0.0,0.0,0.0,0.0,0.0,1.0,0.0,0.0,0.0,0.0,0.0,0.0,0.0,0.0,0.0,0.0,0.0,1.0,0.0,0.0,0.0,40.00375,2.0,0.005,0.0,[Ag],nanocomposite,Ag纳米粒子,75.0,58.0,95.0,68.0,True
79.865,-0.2401,34.14,0.0,2.0,0.0,0.0,0.0,3.0,0.0,0.0,0.0,0.0,0.0,2.0,0.0,0.0,0.0,0.0,0.0,0.0,1.0,0.0,8.86846553559131,41.36015,2.0,0.315,0.6666666666666666,O=[Ti]=O,nanocomposite,TiO2纳米粒子,76.0,62.0,85.0,72.0,True
60.084,-0.6184000000000001,34.14,0.0,2.0,0.0,0.0,0.0,3.0,0.0,0.0,0.0,0.0,0.0,2.0,0.0,1.0,0.0,0.0,0.0,0.0,0.0,0.0,11.78816323813328,38.9276,1.6,0.015,0.6666666666666666,[Si](=O)(=O),nanocomposite,SiO2纳米粒子,70.0,68.0,55.0,64.0,True
63.546,-0.0025,0.0,0.0,0.0,0.0,0.0,0.0,1.0,0.0,0.0,0.0,0.0,0.0,0.0,0.0,0.0,0.0,1.0,0.0,0.0,0.0,0.0,0.0,40.00375,2.0,0.005,0.0,[Cu],nanocomposite,Cu纳米粒子,74.0,60.0,90.0,66.0,True
243.76999999999995,2.5515000000000008,26.3,0.0,2.0,2.0,0.0,0.0,11.0,1.0,0.0,0.0,0.0,0.0,2.0,0.0,2.0,0.0,0.0,1.0,0.0,0.0,0.0,2.841202773105797,31.17275,1.16,0.355,0.1818181818181818,[Zn]=O.C[Si](C)(C)O[Si](C)(C)C,nanocomposite,ZnO/PDMS复合,80.0,82.0,88.0,80.0,True
305.47200000000004,2.599400000000001,18.46,0.0,2.0,2.0,0.0,0.0,12.0,1.0,0.0,0.0,0.0,0.0,2.0,0.0,2.0,0.0,1.0,0.0,0.0,0.0,0.0,2.21598051539912,31.1009,1.16,0.06,0.1666666666666666,[Cu]O[Cu].C[Si](C)(C)O[Si](C)(C)C,nanocomposite,Cu2O/PDMS复合,84.0,78.0,92.0,78.0,True
270.249,2.670300000000001,9.23,0.0,1.0,2.0,0.0,0.0,10.0,1.0,0.0,0.0,0.0,0.0,1.0,0.0,2.0,0.0,0.0,0.0,1.0,0.0,0.0,1.2524005639243811,30.49455,1.16,0.05,0.1,[Ag].C[Si](C)(C)O[Si](C)(C)C,nanocomposite,Ag/PDMS复合,82.0,80.0,95.0,78.0,True
242.24599999999995,2.4327000000000005,43.370000000000005,0.0,3.0,2.0,0.0,0.0,12.0,1.0,0.0,0.0,0.0,0.0,3.0,0.0,2.0,0.0,0.0,0.0,0.0,1.0,0.0,4.320979500177506,31.85095,1.16,0.36,0.25,O=[Ti]=O.C[Si](C)(C)O[Si](C)(C)C,nanocomposite,TiO2/PDMS复合,80.0,82.0,88.0,80.0,True
219.39899999999997,1.9897,17.07,0.0,1.0,0.0,0.0,0.0,10.0,1.0,6.0,0.0,0.0,0.0,1.0,0.0,0.0,0.0,0.0,1.0,0.0,0.0,0.0,1.6141368009881545,22.51545,2.0,0.35,0.1,[Zn]=O.FC(F)(F)C(F)(F)F,nanocomposite,ZnO/氟碳复合,82.0,85.0,86.0,82.0,True
281.10099999999994,2.0376,9.23,0.0,1.0,0.0,0.0,0.0,11.0,1.0,6.0,0.0,0.0,0.0,1.0,0.0,0.0,0.0,1.0,0.0,0.0,0.0,0.0,1.204051212909239,22.4436,2.0,0.055,0.0909090909090909,[Cu]O[Cu].FC(F)(F)C(F)(F)F,nanocomposite,Cu2O/氟碳复合,86.0,82.0,92.0,80.0,True
162.14399999999998,1.6675000000000002,57.53,2.0,3.0,0.0,2.0,1.0,12.0,0.0,0.0,0.0,0.0,0.0,3.0,0.0,0.0,0.0,0.0,0.0,0.0,0.0,0.0,6.630279257943557,38.99875,2.5,0.26,0.25,C1=CC=C2C(=C1)C(=O)C(=C2O)O,nanocomposite,氧化石墨烯片,76.0,60.0,85.0,68.0,True
78.11399999999999,1.6866,0.0,0.0,0.0,0.0,1.0,1.0,6.0,0.0,0.0,0.0,0.0,0.0,0.0,0.0,0.0,0.0,0.0,0.0,0.0,0.0,0.0,0.0,37.4701,2.4,0.13,0.0,C1=CC=CC=C1,nanocomposite,碳纳米管(苯环近似),72.0,65.0,60.0,62.0,True
156.115,-0.1188,17.07,0.0,1.0,0.0,0.0,0.0,2.0,0.0,0.0,0.0,0.0,0.0,1.0,0.0,0.0,0.0,0.0,0.0,0.0,0.0,0.0,2.2684559459372897,40.6782,2.0,0.01,0.5,[Ce]=O,nanocomposite,CeO2纳米酶,78.0,72.0,82.0,74.0,True
113.15999999999998,0.6969999999999998,29.1,1.0,1.0,2.0,0.0,0.0,8.0,0.5,0.0,0.0,0.0,1.0,1.0,0.0,0.0,0.0,0.0,0.0,0.0,0.0,0.0,5.816542948038176,40.2545,1.96,0.04,0.25,CC(C)NC(=O)C=C,smart,NIPAM单体(温度响应),78.0,72.0,72.0,74.0,True
72.06300000000002,0.257,37.3,1.0,1.0,1.0,0.0,0.0,5.0,0.0,0.0,0.0,0.0,0.0,2.0,0.0,0.0,0.0,0.0,0.0,0.0,0.0,0.0,9.91632321718496,40.6145,1.98,0.025,0.4,OC(=O)C=C,smart,丙烯酸(pH响应),74.0,68.0,70.0,68.0,True
182.22600000000003,4.102000000000002,24.72,0.0,2.0,2.0,2.0,2.0,14.0,0.0,0.0,0.0,0.0,2.0,0.0,0.0,0.0,0.0,0.0,0.0,0.0,0.0,0.0,3.3444184693731955,35.447,2.76,0.27,0.1428571428571428,c1ccc(N=Nc2ccccc2)cc1,smart,偶氮苯(光响应),80.0,75.0,68.0,76.0,True
370.036,4.5154000000000005,18.46,0.0,2.0,5.0,0.0,0.0,22.0,1.0,14.0,0.0,0.0,0.0,2.0,0.0,0.0,0.0,0.0,0.0,0.0,0.0,0.0,1.829335524111168,10.0,1.9,0.11,0.0909090909090909,FC(F)(F)C(F)(F)OC(F)(F)C(F)(F)OC(F)(F)C(F)(F)F,smart,全氟聚醚(SLIPS润滑液),92.0,96.0,60.0,94.0,True
121.93199999999996,-0.6336000000000004,40.46,2.0,2.0,1.0,1.0,1.0,9.0,0.0,0.0,0.0,0.0,0.0,2.0,0.0,0.0,0.0,0.0,0.0,0.0,0.0,0.0,5.912475806187056,41.9504,2.38,0.145,0.2222222222222222,OB(O)c1ccccc1,smart,苯硼酸(动态键),82.0,85.0,72.0,80.0,True
319.26699999999994,1.7389,57.2,0.0,3.0,4.0,0.0,0.0,19.0,1.0,6.0,0.0,0.0,1.0,3.0,1.0,0.0,0.0,0.0,0.0,0.0,0.0,0.1052631578947368,4.2422173290694,26.27059736842105,1.9726315789473683,0.095,0.1578947368421052,C[N+](C)(C)CCCS([O-])(=O)=O.FC(F)(F)C(F)(F)F,smart,两性离子-氟硅协同,90.0,92.0,78.0,90.0,True
69.723,-0.3808,0.0,0.0,0.0,0.0,0.0,0.0,1.0,0.0,0.0,0.0,0.0,0.0,0.0,0.0,0.0,0.0,0.0,0.0,0.0,0.0,0.0,0.0,40.5712,2.0,0.005,0.0,[Ga],smart,镓(液态金属),85.0,90.0,65.0,86.0,True
231.522,1.0805,74.6,2.0,2.0,2.0,1.0,1.0,13.0,0.0,0.0,0.0,0.0,0.0,4.0,0.0,0.0,0.0,0.0,1.0,0.0,0.0,0.0,6.173063466970741,40.37925,2.36,0.4649999999999999,0.3076923076923077,O=C(O)c1ccccc1C(=O)O.[Zn],smart,MOF-5基(Zn-BDC),82.0,78.0,80.0,78.0,True
109.761,0.4558,0.0,0.0,0.0,0.0,0.0,0.0,3.0,1.0,0.0,0.0,0.0,0.0,0.0,0.0,0.0,0.0,0.0,0.0,0.0,1.0,0.0,0.0,39.3163,2.0,0.315,0.0,[Ti]C[Ti],smart,MXene(Ti3C2Tx近似),80.0,75.0,78.0,76.0,True
269.8375372918575,5.246438925514623,10.12299074119212,1.0,0.0,5.0,0.0,0.0,18.0,0.3960299664951365,5.0,0.0,0.0,0.0,1.0,0.0,2.0,0.0,0.0,0.0,1.0,0.0,-0.2625614255650045,2.435841244403554,9.464069828251947,1.8444167016886217,0.4845310233475687,-0.5014409172015328,C[Si](C)(C)O[Si](C)(CCC(F)(F)C(F)(F)F)C,silicone,PDMS+全氟己基改性_变体1,98.0,98.0,58.828493942091725,91.18446832574917,True
311.18203586553784,6.164816930026666,53.69545414489364,1.0,4.0,9.0,0.0,0.0,24.0,0.6502079199190762,0.0,0.0,0.0,0.0,5.0,0.0,6.0,0.0,0.0,0.0,0.0,1.0,-0.0888660606353275,3.0961314702449205,23.84418350313981,-0.6306609602747754,0.5355457374680934,0.347230065050075,C[Si](C)(C)O[Si](C)(C)O[Si](C)(C)O[Si](C)(C)O[Si](C)(C)C,silicone,PDMS中聚体(MW~500)_变体2,69.46441861888364,85.23491536365951,45.00319352866988,78.73353134074588,True
325.11720992762554,1.4137092727478122,64.80586744417747,0.0,6.0,16.0,1.0,0.0,20.0,1.2755629953641072,0.0,1.0,1.0,0.0,6.0,0.0,2.0,0.0,0.0,0.0,0.0,0.0,-0.3870214653732519,5.088366964537556,37.88574737354188,0.7183567494419483,0.5546217428012503,-0.4461052347527719,C[Si](C)(CCOCCOCCOCCOCCO)O[Si](C)(C)C,silicone,PDMS-g-PEG400_变体3,74.94621144954584,82.32577139168868,58.88998259741759,90.9652660373813,False
224.2049946095602,2.5819589640815392,17.93275700856382,0.0,4.0,4.0,0.0,0.0,8.0,0.982765980958009,0.0,1.0,0.0,0.0,2.0,0.0,4.0,0.0,0.0,0.0,1.0,0.0,0.2934285469001351,4.897331861901733,22.41915650360857,0.3756909804015145,0.1157972833534251,-0.1095103421530888,C[Si](C)(C)O[Si](C)(C)O[Si](C)(C)C,silicone,PDMS低聚体(MW~300)_变体4,64.63843145499732,81.23802632297466,43.68507061409693,74.19503034082298,True
251.936073223936,0.900064148783617,20.035589805400463,0.0,1.0,5.0,1.0,0.0,11.0,0.6604000383038211,0.0,0.0,0.0,0.0,2.0,0.0,4.0,0.0,0.0,0.0,0.0,0.0,0.3265241555248804,3.8865006638883592,18.520681070144622,1.4305277960179243,-0.4372983710848191,-0.4183688293588941,C[Si](C)(C)O[Si](C)(C)O[Si](C)(C)C,silicone,PDMS低聚体(MW~300)_变体5,62.60128878451056,80.1821945769042,43.24581377664469,72.79382576015891,True
402.8353810853045,5.080102086294179,15.32210444761964,1.0,3.0,18.0,0.0,0.0,21.0,1.0385328346345772,0.0,0.0,0.0,0.0,3.0,1.0,3.0,0.0,1.0,0.0,0.0,0.0,0.3034878547843125,1.7420279259147524,25.194736371134976,-0.561262771531015,0.27324536334992,0.1260743526213106,C[Si](C)(C)O[Si](C)(C)O[Si](C)(CCCCCCCC)C,silicone,PDMS+辛基硅油_变体6,79.25026088372044,89.49633340634458,53.59738504430548,79.50101579777944,False
287.67157037831385,3.0862649947798,19.026128446607515,0.0,1.0,7.0,0.0,0.0,17.0,1.3645099421393525,1.0,1.0,0.0,0.0,2.0,0.0,3.0,2.0,0.0,1.0,0.0,0.0,-0.1576346223201728,3.0856519177348547,21.85495586157632,0.5181456545627345,-0.168506136488501,0.1674722098066548,C[Si](C)(C)O[Si](C)(C)O[Si](C)(CCCC)C,silicone,PDMS+甲基硅油_变体7,86.51649776923237,85.65622207759422,52.16869453829633,76.10536562795815,False
257.5754975977354,1.9283535683882231,11.05116572771702,0.0,2.0,4.0,0.0,0.0,12.0,1.274503945081642,2.0,0.0,0.0,0.0,2.0,0.0,1.0,0.0,0.0,0.0,1.0,0.0,0.8277308126894606,1.0572087124138942,21.32295481862535,0.723954334716483,-0.2771422125672096,-0.0630965564857858,C[Si](C)(C)O[Si](C)(CCC(F)(F)F)C,silicone,PDMS+三氟丙基改性_变体8,85.99655796466486,91.65889031405662,66.0802964974374,92.3935023177366,True
158.61436039693257,1.4994178374672364,12.137910989928445,1.0,1.0,2.0,0.0,1.0,11.0,1.5913298137238812,0.0,0.0,0.0,0.0,0.0,1.0,2.0,1.0,0.0,1.0,0.0,0.0,-0.2432163830261803,1.6360378973305192,34.9851531412654,0.8469069494132917,0.0062139663892807,-0.0830766500719252,C[Si](C)(C)O[Si](C)(C)C.[Zn],silicone,PDMS/ZnO纳米复合_变体9,75.86345671090737,84.36358948588095,76.01589181750808,78.74839645972754,False
226.18580943737496,3.416375236095274,12.392766733261247,0.0,2.0,4.0,1.0,1.0,17.0,0.5846468966980342,0.0,0.0,1.0,0.0,1.0,0.0,2.0,2.0,0.0,0.0,0.0,0.0,-0.1001024478655348,2.978273301503993,25.79883951215958,1.5295609196275757,0.276102360667369,-0.3395619498778426,C[Si](C)(C)O[Si](C)(c1ccccc1)C,silicone,PDMS+苯基硅油_变体10,75.27862202749975,91.48841715789378,52.25364182486028,83.9740968317047,False
397.75537566798505,3.5721480862895683,97.72544402141712,3.0,2.0,9.0,0.0,0.0,22.0,0.1088123887991592,0.0,0.0,0.0,2.0,3.0,1.0,2.0,1.0,1.0,0.0,0.0,0.0,-0.7932318092131672,6.077986078980771,41.427006772486486,-0.2446897902461895,0.5500293174971597,0.739022292017059,C[Si](C)(C)O[Si](C)(C)OC(=O)NCCCCCCNC(=O)O,silicone,硅氧烷-聚氨酯_变体11,68.45057499642763,77.62871738523846,42.6507947536798,73.35661349214683,False
218.96333648255475,1.3845169623994131,45.28146889277959,1.0,4.0,12.0,0.0,0.0,24.0,1.2640473452824534,0.0,1.0,1.0,1.0,4.0,0.0,1.0,0.0,0.0,0.0,1.0,0.0,-0.9563532585321096,5.35264362474049,36.00228803777808,1.630840483008587,0.4654415367254833,1.0257407936123308,C[Si](C)(CCOCCOCCO)O[Si](C)(C)C,silicone,PDMS-g-PEG200_变体12,78.59958484119822,83.20218645306139,60.14202295151128,79.85265002170493,False
248.79147298745568,3.377302452081091,22.94630301691295,0.0,3.0,4.0,0.0,0.0,14.0,2.2424942442311284,0.0,0.0,1.0,0.0,1.0,1.0,2.0,0.0,0.0,0.0,0.0,0.0,-1.739084606818278,2.6125163586309297,24.56344245365495,1.262837821493704,-0.2221210771919201,1.4820733061718516,C[Si](C)(C)O[Si](C)(C)O[Si](C)(C)C,silicone,PDMS低聚体(MW~300)_变体13,72.40865950948326,79.00489184550868,27.207646247149547,73.70660240197635,False
341.6831427467788,2.529701015821518,7.000149332881348,0.0,1.0,6.0,1.0,0.0,22.0,0.1029340521603205,3.0,0.0,0.0,0.0,0.0,0.0,1.0,0.0,0.0,0.0,0.0,0.0,-0.0313395486365859,1.7918912982528998,12.33522638454728,1.4351909328193664,-0.186889593820469,-0.3446088234746633,C[Si](C)(C)O[Si](C)(CCC(F)(F)C(F)(F)F)C,silicone,PDMS+全氟己基改性_变体14,94.01129572786267,95.96018247892296,55.472007292245415,90.20579840686926,True
185.53126456653365,1.625375100118854,9.151555738386293,0.0,1.0,4.0,0.0,0.0,10.0,0.496099334116003,0.0,0.0,0.0,0.0,1.0,1.0,2.0,0.0,0.0,1.0,0.0,0.0,-0.4356234405574646,1.322050157495574,26.581916170186823,1.548341680043522,1.0072538791598236,0.2150181217286229,C[Si](C)(C)O[Si](C)(C)C.[Zn],silicone,PDMS/ZnO纳米复合_变体15,77.43483975269416,80.74220752955104,69.8335611259447,75.94564480202868,True
325.4457750734068,2.59812350110348,41.20088696939858,1.0,7.0,12.0,0.0,1.0,16.0,0.5655387206028757,1.0,0.0,0.0,0.0,4.0,0.0,2.0,0.0,0.0,0.0,0.0,0.0,-0.4142918855093677,4.231057517878333,19.295784388068544,1.4450174310108594,0.2851023636711061,0.1898429190757603,C[Si](C)(CCOCCOCCO)O[Si](C)(C)C,silicone,PDMS-g-PEG200_变体16,85.56408096024497,91.10241845418848,57.96107395848913,84.11352377691823,True
302.5689682869822,5.546559879598259,12.751797864736568,1.0,2.0,8.0,0.0,0.0,21.0,1.172870925080381,0.0,0.0,0.0,0.0,3.0,0.0,2.0,0.0,1.0,1.0,0.0,0.0,1.194939136109162,1.9070942849598225,24.24657469701265,0.7555605100327025,0.3111761623137125,0.4589725996341152,C[Si](C)(C)O[Si](C)(C)O[Si](C)(CCCC)C,silicone,PDMS+甲基硅油_变体17,80.42859756391702,89.86779786513323,70.62179516811847,79.65840461240917,False
264.1714306525214,4.76090575704035,10.20263705100466,0.0,1.0,3.0,0.0,0.0,16.0,-0.1097301511579391,3.0,1.0,0.0,0.0,1.0,1.0,4.0,0.0,0.0,0.0,0.0,0.0,0.1210075720338982,0.3016746632547871,14.189133124612455,0.609119353513759,0.5377054310911589,0.6282924870435403,C[Si](C)(C)O[Si](C)(CCC(F)(F)F)C,silicone,PDMS+三氟丙基改性_变体18,95.52290801570685,96.22735599737968,59.52268968189941,94.27294494576525,False
406.2158597812247,3.1588445478542964,74.87866161609213,5.0,4.0,13.0,0.0,0.0,26.0,1.5611852398175796,1.0,1.0,0.0,4.0,0.0,0.0,1.0,0.0,0.0,0.0,0.0,1.0,-0.1014231098350762,4.892309033719162,47.16819788362045,1.732011684105128,0.2220087256016876,0.4634032189742412,C[Si](C)(C)NCCCCCCNC(=O)NCCCCCCN,silicone,PDMS-PUa自修复涂层_变体19,69.66663285591072,75.7134575620817,53.61998827045045,84.01002497128657,False
201.21447924085592,1.6540462294326832,46.304179513855686,0.0,2.0,1.0,0.0,0.0,15.0,0.5512404652038625,0.0,0.0,0.0,0.0,4.0,0.0,3.0,0.0,0.0,0.0,0.0,0.0,-0.0954557456941714,5.082567064000557,23.55123601780926,0.9301894897262702,-0.305616438830911,0.7369145911761453,C[Si](C)(C)O[Si](C)(C)C.[Si](=O)(=O),silicone,PDMS/SiO2纳米复合_变体20,74.70697844298383,84.61417629130351,52.827037840705245,80.47726486110581,True
269.06453966668147,1.1719097192943428,67.70399016738493,1.0,4.0,10.0,0.0,0.0,15.0,0.6445416881937451,0.0,0.0,0.0,0.0,4.0,1.0,0.0,1.0,1.0,0.0,0.0,0.0,-0.7037558473589106,3.943572871983316,26.86172839242948,2.1389757882253546,0.5647690960863607,0.915950080261579,C[Si](C)(CCOCCOCCO)O[Si](C)(C)C,silicone,PDMS-g-PEG200_变体21,83.23415199591497,83.86815332937653,60.8643604612918,84.90960516595491,False
298.3020334599516,3.835995785679827,22.545613589155263,0.0,2.0,3.0,0.0,0.0,16.0,1.5004477130442813,0.0,0.0,0.0,0.0,1.0,1.0,3.0,1.0,1.0,0.0,0.0,0.0,-0.1775161638233621,3.1010677520575127,28.203846447610417,0.7434393213333421,-0.615153315929649,0.0903202193466532,C[Si](C)(C)O[Si](C)(C)O[Si](C)(C)C,silicone,PDMS低聚体(MW~300)_变体22,73.23351296076001,70.36644873454976,46.70380012268003,74.2102208657858,False
253.9937549641818,1.729689153118137,38.014416544425686,1.0,2.0,11.0,1.0,0.0,16.0,1.3425093182106638,1.0,1.0,0.0,0.0,4.0,0.0,2.0,0.0,0.0,0.0,0.0,0.0,-0.7620076208635151,3.918089631839552,40.18672699240336,0.4255444372382254,0.3793015583306591,-0.7033835784099443,C[Si](C)(CCOCCOCCO)O[Si](C)(C)C,silicone,PDMS-g-PEG200_变体23,80.65058047409374,81.01164828757688,57.76120701915572,79.98109229192589,False
247.24953293214423,1.656733377349519,19.386951332827078,0.0,2.0,3.0,0.0,0.0,10.0,-0.1573618440868136,0.0,1.0,0.0,0.0,2.0,0.0,4.0,1.0,0.0,0.0,1.0,0.0,0.4188487192002442,4.133034204043729,33.06010545015398,1.3454147192242638,0.1388818471847069,-0.0462218860550018,C[Si](C)(C)O[Si](C)(C)O[Si](C)(C)C,silicone,PDMS低聚体(MW~300)_变体24,64.28038057086258,75.1727377618683,41.37853969995971,68.7434711675537,False
196.45953805389823,3.530523967350056,8.860633041423828,0.0,1.0,4.0,1.0,1.0,20.0,0.6477656991620631,0.0,1.0,0.0,1.0,1.0,1.0,0.0,0.0,1.0,0.0,1.0,0.0,0.0726481198705198,2.7523211761715887,35.13670358120354,1.3965330633290325,-0.4049517048119339,-1.139789428790949,C[Si](C)(C)O[Si](C)(c1ccccc1)C,silicone,PDMS+苯基硅油_变体25,73.61865119999011,83.38631328185447,67.11729977164273,78.00787609342885,False
261.28524076843263,1.3984610830906428,83.77130746341791,4.0,4.0,8.0,0.0,0.0,15.0,0.0892095363140037,0.0,0.0,0.0,1.0,8.0,0.0,3.0,1.0,0.0,0.0,0.0,0.0,0.277688408403454,5.775513161891277,30.721960069377616,0.8907253178435591,-0.082860722116498,-0.324614590658914,C[Si](C)(C)O[Si](C)(C)OC(=O)NCCCCCCNC(=O)O,silicone,硅氧烷-聚氨酯_变体26,74.52673947985362,82.85680878777175,54.151358442175415,73.15375402611991,False
295.6227247663252,4.746872645557007,8.979252039437371,1.0,0.0,3.0,0.0,0.0,15.0,0.8695365835807656,2.0,0.0,0.0,0.0,1.0,0.0,2.0,1.0,0.0,0.0,0.0,1.0,0.2047067089345651,1.8363421104228008,25.02908722078572,1.1624966636467131,-0.2556240058803795,-0.1707243503594796,C[Si](C)(C)O[Si](C)(CCC(F)(F)F)C,silicone,PDMS+三氟丙基改性_变体27,83.59193561309968,89.13737220709555,58.31828776615319,86.10272418961704,True
341.692603553612,3.2353444643850704,115.0280525480034,2.0,4.0,9.0,0.0,1.0,23.0,0.8752659898055856,0.0,0.0,0.0,4.0,5.0,0.0,2.0,1.0,0.0,0.0,0.0,0.0,-0.2232168072752641,7.006786930939364,39.38438673942797,0.3327650553828108,0.1786788366968614,-0.0652934463644108,C[Si](C)(C)O[Si](C)(C)OC(=O)NCCCCCCNC(=O)O,silicone,硅氧烷-聚氨酯_变体28,71.39294651706054,71.67668458987748,45.532144538161006,72.81631960336517,True
201.15848957400144,1.9181798848174387,40.2233829376228,1.0,2.0,3.0,0.0,0.0,15.0,1.0699919153222934,0.0,0.0,0.0,0.0,3.0,0.0,3.0,1.0,0.0,0.0,0.0,0.0,0.1768813894959339,4.357983000310227,31.88667933940149,1.8165898024313936,1.3404130198079809,-0.6403223666928965,C[Si](C)(C)O[Si](C)(C)C.[Si](=O)(=O),silicone,PDMS/SiO2纳米复合_变体29,71.29989997255362,81.80000847528488,60.27489178175807,70.49011123848395,False
252.23479053112763,5.016851004599885,11.584120730830255,0.0,0.0,5.0,0.0,0.0,13.0,0.7945363855162575,4.0,0.0,0.0,0.0,1.0,0.0,2.0,0.0,0.0,0.0,1.0,0.0,0.5117607612328301,0.4142114091922186,16.080322798788607,1.418449989014671,0.072603254992934,-0.231717107346018,C[Si](C)(C)O[Si](C)(CCC(F)(F)C(F)(F)F)C,silicone,PDMS+全氟己基改性_变体30,91.6698728927638,96.3580023745652,77.72571273967013,92.60809389202896,True
394.7344573263204,5.184828820405635,21.804648598122544,0.0,1.0,9.0,0.0,0.0,20.0,0.8218793207388353,0.0,0.0,1.0,1.0,2.0,0.0,3.0,0.0,0.0,1.0,1.0,0.0,1.0779424544122311,2.964032323767137,22.421664511331723,1.4596575604138016,0.96810887523087,-0.1370521537598311,C[Si](C)(C)O[Si](C)(C)O[Si](C)(CCCCCCCC)C,silicone,PDMS+辛基硅油_变体31,86.48581350179109,95.2565826585752,78.25366105603908,81.50138490060199,False
300.7290460195157,3.88211011283584,18.38038483789885,1.0,3.0,8.0,0.0,0.0,18.0,0.3351848326210364,0.0,0.0,0.0,0.0,2.0,1.0,2.0,0.0,0.0,1.0,1.0,0.0,0.5393404167156478,2.3962836793892626,24.41999918176666,1.1893123025545167,0.4139893137476709,-0.6927534314355794,C[Si](C)(C)O[Si](C)(C)O[Si](C)(CCCC)C,silicone,PDMS+甲基硅油_变体32,82.71962145829436,94.3722743897357,58.89115336111836,81.36141084578223,False
395.8254678175752,2.624725292316892,6.618864904523374,1.0,0.0,4.0,0.0,0.0,17.0,0.4491097294916234,9.0,1.0,0.0,0.0,0.0,1.0,3.0,0.0,0.0,0.0,0.0,1.0,-0.3834766194412154,0.5677798408098208,10.067996151264154,1.785026455022002,-0.2136342009497578,-0.9368052653245286,FC(F)(F)C(F)(F)C(F)(F)[Si](C)(C)O[Si](C)(C)C,silicone,氟硅嵌段共聚物_变体33,90.80500774217931,98.0,60.92423495682459,89.69984125550128,False
306.0585353890036,3.5958647578707232,109.62456229661002,4.0,5.0,10.0,0.0,1.0,21.0,1.084212955658616,0.0,0.0,0.0,1.0,5.0,0.0,2.0,0.0,0.0,0.0,0.0,0.0,-0.0667899206526079,8.350818668943509,21.864446670801705,2.909539350659053,-0.3399405891253774,0.5391295355189379,C[Si](C)(C)O[Si](C)(C)OC(=O)NCCCCCCNC(=O)O,silicone,硅氧烷-聚氨酯_变体34,73.7523729339816,85.18702581020722,50.43837740385363,74.98852538672422,False
237.31909897583336,4.234426131815205,10.869642638482958,0.0,1.0,4.0,1.0,0.0,15.0,1.682925357404948,4.0,1.0,0.0,0.0,2.0,0.0,2.0,0.0,0.0,0.0,0.0,0.0,0.8068556345293235,1.7058100629460344,20.1154755790716,1.7640102284166224,0.677224684596029,-0.5555282770163925,C[Si](C)(C)O[Si](C)(CCC(F)(F)F)C,silicone,PDMS+三氟丙基改性_变体35,89.23446242001378,96.05732799530404,61.87830233185326,93.59247776621338,False
257.00834734127113,1.963773995296248,62.58827747593458,5.0,4.0,18.0,0.0,1.0,30.0,1.6498671291599445,0.0,1.0,0.0,4.0,1.0,0.0,1.0,1.0,0.0,0.0,0.0,0.0,-0.0749939456998627,2.832449135811993,42.62707720238162,-0.2056259167677889,0.5515560460740967,0.7503671856727375,C[Si](C)(C)NCCCCCCNC(=O)NCCCCCCN,silicone,PDMS-PUa自修复涂层_变体36,75.14275524599077,81.20974660853277,62.91657440763149,79.23263691818985,False
215.81828594952063,3.319751431778962,8.874024191870157,0.0,1.0,2.0,0.0,0.0,17.0,0.1037235156482397,0.0,0.0,1.0,0.0,1.0,0.0,2.0,0.0,0.0,0.0,1.0,0.0,0.0802381034994228,0.8273328559350379,37.07743154704965,1.4850696140618775,-0.1342451906045367,0.1039551439006467,C[Si](C)(C)O[Si](C)(c1ccccc1)C,silicone,PDMS+苯基硅油_变体37,75.377168226215,86.58667360711485,56.626994617676594,80.52868519352569,False
293.6529918883726,4.459323287696781,7.233575530129391,0.0,1.0,4.0,0.0,1.0,12.0,0.3121052567765675,4.0,0.0,1.0,0.0,1.0,0.0,1.0,0.0,0.0,0.0,1.0,0.0,-0.2737451784994054,0.7211424294338125,18.449901991762747,0.6904771867147731,-0.607137760641516,0.4558443115924488,C[Si](C)(C)O[Si](C)(CCC(F)(F)F)C,silicone,PDMS+三氟丙基改性_变体38,86.63376311195732,95.11075921006088,55.52324516736496,87.89238816561254,False
258.5184471802494,6.588797131367515,12.391627184127053,0.0,1.0,7.0,0.0,0.0,15.0,0.3404081250496364,4.0,0.0,0.0,0.0,1.0,0.0,2.0,0.0,0.0,0.0,1.0,0.0,0.8362861934188517,1.431379455929931,13.109462088221646,1.0629135633576254,0.3712821243955132,0.0974968609245505,C[Si](C)(C)O[Si](C)(CCC(F)(F)C(F)(F)F)C,silicone,PDMS+全氟己基改性_变体39,95.56153693322828,95.99419438547324,72.04030523033283,89.32601788281856,True
271.0732722856397,2.400051883677481,9.192274384185424,0.0,0.0,2.0,0.0,0.0,12.0,0.2491331617587192,0.0,0.0,0.0,0.0,1.0,1.0,2.0,0.0,0.0,0.0,0.0,0.0,0.6550365472189263,1.51427755548665,31.475545086964885,1.0951117902717868,0.5518287986445383,0.8220671558171893,C[Si](C)(C)O[Si](C)(C)C.[Zn],silicone,PDMS/ZnO纳米复合_变体40,68.78043494771345,85.0647939119702,68.49021166204923,78.14194460847632,True
228.1067704750741,5.277528273064879,10.301227076289724,0.0,1.0,4.0,0.0,0.0,11.0,1.8534945351326648,3.0,0.0,0.0,0.0,3.0,0.0,1.0,0.0,0.0,0.0,0.0,0.0,0.2538788351557501,1.423041499646884,14.426241994426848,0.6881182798434515,-1.4044624502508858,0.2212053997181818,C[Si](C)(C)O[Si](C)(CCC(F)(F)F)C,silicone,PDMS+三氟丙基改性_变体41,91.13677725810705,93.84965752072824,59.69923919829001,87.32463153830737,True
280.9021737410377,1.5873679613467533,76.87695691123302,3.0,4.0,7.0,0.0,1.0,20.0,-0.2453078567347882,0.0,0.0,0.0,1.0,7.0,1.0,1.0,0.0,0.0,0.0,0.0,0.0,0.4385393846752938,7.729423072071145,42.92140628716001,0.3113993965240587,0.3064551809432927,-0.8724793698921867,C[Si](C)(C)O[Si](C)(C)OC(=O)NCCCCCCNC(=O)O,silicone,硅氧烷-聚氨酯_变体42,62.08843013412943,74.60687732733145,56.058220297771086,70.31813088776329,False
268.6640077848233,1.5354279225922318,8.200602337268197,0.0,0.0,5.0,0.0,0.0,17.0,0.3675051884269888,6.0,0.0,0.0,0.0,1.0,0.0,2.0,1.0,0.0,0.0,1.0,0.0,-0.3345363693299583,1.84888907546988,13.3836063219683,2.3142964595087125,0.4326064905292102,-0.1894372753211957,C[Si](C)(C)O[Si](C)(CCC(F)(F)C(F)(F)F)C,silicone,PDMS+全氟己基改性_变体43,98.0,96.82941270220266,62.62301779473765,94.382795844629,False
333.9383617955277,4.116450789269292,11.134969891980733,0.0,1.0,4.0,1.0,0.0,10.0,1.1207488698564014,7.0,0.0,0.0,1.0,2.0,0.0,1.0,0.0,0.0,0.0,0.0,0.0,-0.1056680427754962,0.9922997625473184,10.32149589796509,1.5036380384801071,-0.0684402204594897,0.4047533559845601,FC(F)(F)C(F)(F)C(F)(F)[Si](C)(C)O[Si](C)(C)C,silicone,氟硅嵌段共聚物_变体44,93.12004514579624,95.67035188156032,54.79621434946325,90.35791102117484,True
362.7710398819248,2.218219540067832,93.30400742689076,2.0,2.0,12.0,0.0,0.0,23.0,1.1674516423542587,0.0,0.0,0.0,2.0,5.0,0.0,1.0,0.0,0.0,0.0,0.0,0.0,-0.4142313844838641,8.084768798923895,43.00619872067277,1.1951249056901263,0.27656645464501,-0.0555492768083092,C[Si](C)(C)O[Si](C)(C)OC(=O)NCCCCCCNC(=O)O,silicone,硅氧烷-聚氨酯_变体45,62.40860894419047,74.67830379731237,41.962687563329055,65.2803099988507,True
232.6780064861295,5.40236438560845,10.295702927192645,0.0,1.0,3.0,2.0,1.0,14.0,-0.2410785433462305,0.0,0.0,0.0,0.0,2.0,0.0,1.0,0.0,1.0,0.0,0.0,0.0,-0.39244915654112,1.9787146887280125,29.46860403295594,1.8466782164960367,-0.2963771394350035,-0.1519876319508846,C[Si](C)(C)O[Si](C)(c1ccccc1)C,silicone,PDMS+苯基硅油_变体46,79.93284205700535,88.09405893054232,53.98336383952242,80.46051023326942,False
294.3951553124122,3.999337839149839,8.487542120856588,0.0,0.0,2.0,0.0,1.0,16.0,1.1972390881006294,8.0,0.0,0.0,0.0,2.0,1.0,1.0,0.0,1.0,0.0,0.0,1.0,-0.4522573444947164,0.8696545908343605,8.572388405416405,1.6427056544600152,-0.2091840349527683,-0.0314961086249629,FC(F)(F)C(F)(F)C(F)(F)[Si](C)(C)O[Si](C)(C)C,silicone,氟硅嵌段共聚物_变体47,96.06681690208904,98.0,52.84892117003184,97.09824932969346,False
303.52451681874675,2.3051641601059973,17.31711776142336,0.0,3.0,4.0,1.0,0.0,10.0,1.2266188238172435,0.0,0.0,0.0,0.0,0.0,0.0,4.0,0.0,0.0,0.0,0.0,1.0,-0.5557065060672175,2.8138139853121027,27.84639496946912,0.4898999364773524,-1.398636337442566,0.0696805096358068,C[Si](C)(C)O[Si](C)(C)O[Si](C)(C)C,silicone,PDMS低聚体(MW~300)_变体48,69.27733347600284,81.1957695705904,35.86204886800863,67.85249443411159,False
389.2345339156608,2.9257876488502603,92.09419824187142,3.0,5.0,9.0,0.0,0.0,26.0,0.6961331745449797,0.0,0.0,1.0,4.0,3.0,0.0,2.0,0.0,0.0,0.0,0.0,0.0,-0.1292003601035842,8.110964367281257,36.14882661543282,1.3609965759615923,0.0560353845963484,1.6083973688975854,C[Si](C)(C)O[Si](C)(C)OC(=O)NCCCCCCNC(=O)O,silicone,硅氧烷-聚氨酯_变体49,66.91234274750231,79.3728988550912,43.629236450671726,69.4349489821518,False
169.26649914050373,4.048001783756519,7.845662173524077,0.0,1.0,4.0,0.0,1.0,15.0,0.8483554586722408,0.0,0.0,0.0,0.0,0.0,0.0,2.0,0.0,0.0,0.0,0.0,1.0,0.0103968538377039,0.9792702252346038,29.15816843985322,2.545034662397323,-0.1694541761299432,-0.3367302033963795,C[Si](C)(C)O[Si](C)(c1ccccc1)C,silicone,PDMS+苯基硅油_变体50,76.47268521352728,86.47674679928258,46.59464980235622,86.62658484345272,True
333.5147819498126,3.4419133402609026,8.292463778235515,0.0,1.0,5.0,0.0,1.0,15.0,1.0746648783002737,5.0,0.0,1.0,0.0,0.0,0.0,1.0,0.0,0.0,0.0,1.0,0.0,-0.4716915246849678,0.3275302345276453,8.029195112921771,1.4777657345214703,0.1149913963894465,0.541957802520639,FC(F)(F)C(F)(F)C(F)(F)[Si](C)(C)O[Si](C)(C)C,silicone,氟硅嵌段共聚物_变体51,98.0,94.29714855910385,57.803399586917415,90.73538346282278,False
213.47099498302543,2.445085142474697,39.54144244776892,0.0,3.0,3.0,0.0,0.0,10.0,1.132386855180514,0.0,0.0,0.0,0.0,3.0,0.0,4.0,1.0,0.0,0.0,0.0,0.0,0.8964612956654365,4.975230025569253,25.46180150294015,1.1262155964902518,0.1979260402727121,0.4135036942599641,C[Si](C)(C)O[Si](C)(C)C.[Si](=O)(=O),silicone,PDMS/SiO2纳米复合_变体52,81.1927277249275,86.86763492608836,59.74996686115838,73.99563027018765,True
237.9261814280884,2.5079079395720645,116.38836751572644,3.0,3.0,9.0,0.0,0.0,21.0,0.6161831572084844,0.0,0.0,1.0,2.0,7.0,1.0,3.0,0.0,0.0,0.0,0.0,0.0,-0.5895198955799013,8.50426517615693,30.89498637491557,1.1307537763173456,0.2563181856535824,0.1763725030393576,C[Si](C)(C)O[Si](C)(C)OC(=O)NCCCCCCNC(=O)O,silicone,硅氧烷-聚氨酯_变体53,73.81258821696804,78.21729448016619,47.58999023402997,70.19356504678508,False
317.68789904394305,6.735632481217361,16.517016328800253,0.0,2.0,14.0,0.0,0.0,22.0,0.6138125250963238,0.0,0.0,0.0,0.0,2.0,0.0,3.0,0.0,0.0,1.0,0.0,0.0,0.194121323892672,1.462849710876735,26.12550377614323,0.8706900034838536,0.1200157644550103,0.1794726532912969,C[Si](C)(C)O[Si](C)(C)O[Si](C)(CCCCCCCC)C,silicone,PDMS+辛基硅油_变体54,85.56248584361694,93.37673512034632,63.739319763572055,83.25843944703439,True
351.9413550813487,5.206012179962421,15.482909202401393,0.0,0.0,10.0,0.0,0.0,24.0,0.4384317060764761,0.0,0.0,0.0,0.0,3.0,0.0,3.0,0.0,0.0,0.0,0.0,1.0,0.1325777636494437,2.5380101331434117,25.379700610101363,2.157582672664115,-0.8321666876853784,-0.2542859414211466,C[Si](C)(C)O[Si](C)(C)O[Si](C)(CCCCCCCC)C,silicone,PDMS+辛基硅油_变体55,84.23231785241356,89.79208053139904,52.868990186901314,82.5761183882581,False
270.9722447186434,1.834964779886884,53.18866877416363,1.0,3.0,2.0,0.0,0.0,13.0,0.9871395451102724,0.0,0.0,0.0,0.0,3.0,0.0,1.0,0.0,1.0,0.0,0.0,0.0,1.242233684320717,3.857530401483862,35.112363734520954,0.8343664509790438,-0.1868482220869763,0.6668019405351623,C[Si](C)(C)O[Si](C)(C)C.[Si](=O)(=O),silicone,PDMS/SiO2纳米复合_变体56,63.79074810667066,77.6316566466218,67.45293279464892,72.93757768483488,False
238.45434521714688,4.733410859442765,9.631769045913924,0.0,1.0,3.0,1.0,0.0,19.0,0.9605704710204964,2.0,0.0,0.0,0.0,1.0,0.0,1.0,0.0,0.0,0.0,1.0,0.0,-0.1342653239529161,0.7541136391709652,13.15054665620766,0.6396055827460634,-0.0377819869215379,-0.4327381156522117,C[Si](C)(C)O[Si](C)(CCC(F)(F)F)C,silicone,PDMS+三氟丙基改性_变体57,90.53095577061926,96.97033698639324,57.75792283323853,89.60482826066733,True
374.0028254255982,3.358225050470498,10.754533203079644,0.0,1.0,8.0,0.0,0.0,21.0,1.4951724557564092,7.0,0.0,0.0,1.0,0.0,0.0,3.0,0.0,0.0,0.0,1.0,0.0,-0.0842948104053745,0.7140808225049349,14.237618488028966,1.8205980430870732,0.1265649869481726,-0.3507746598262936,C[Si](C)(C)O[Si](C)(CCC(F)(F)C(F)(F)F)C,silicone,PDMS+全氟己基改性_变体58,94.1682778969565,98.0,59.90950924175654,89.24289879480462,True
201.67382846155076,3.7406108295159552,12.459235198174005,1.0,3.0,8.0,0.0,1.0,15.0,0.21060146751077,0.0,0.0,0.0,0.0,1.0,1.0,3.0,0.0,1.0,0.0,0.0,1.0,0.9456939247751694,2.0301194515908083,24.961289701039785,-0.0268521639980213,0.0828121857246173,-0.1217721055605584,C[Si](C)(C)O[Si](C)(C)O[Si](C)(CCCC)C,silicone,PDMS+甲基硅油_变体59,77.71296982937511,91.24325928237582,56.0643573356283,78.92617907199036,False
336.04042704379924,4.284922471610228,30.301609176631544,0.0,4.0,10.0,0.0,0.0,21.0,0.9907712841326296,0.0,0.0,0.0,0.0,7.0,0.0,4.0,0.0,0.0,1.0,0.0,0.0,0.015247752376799,2.1591780635920044,15.897064314203805,0.2310400867124944,0.193106551606658,0.8565858194035765,C[Si](C)(C)O[Si](C)(C)O[Si](C)(C)O[Si](C)(C)O[Si](C)(C)C,silicone,PDMS中聚体(MW~500)_变体60,77.4312541526385,85.09212929432209,45.064870267035374,80.42532315478765,True
259.75422759749284,3.637058078602915,34.7563903160636,0.0,3.0,2.0,1.0,0.0,13.0,1.3040005616475316,1.0,0.0,0.0,0.0,3.0,0.0,4.0,0.0,0.0,0.0,1.0,0.0,-0.8865162341034407,6.226787315203622,24.96875458161416,0.3585874680696244,-0.2431915986681375,0.9887604750793144,C[Si](C)(C)O[Si](C)(C)C.[Si](=O)(=O),silicone,PDMS/SiO2纳米复合_变体61,69.60860006725684,95.42574376833431,52.3590648952298,80.67909036790323,False
151.52006469621125,1.1281712086877458,12.089766645530869,1.0,1.0,3.0,0.0,0.0,8.0,0.4475522953023799,0.0,0.0,1.0,0.0,2.0,0.0,3.0,0.0,1.0,1.0,1.0,0.0,0.0902916033041815,1.5909584990728705,27.35243116603945,1.371042091249656,1.2006327835208368,-0.2585184648660074,C[Si](C)(C)O[Si](C)(C)C.[Zn],silicone,PDMS/ZnO纳米复合_变体62,79.70934748559509,79.67675836514469,96.34069441161164,81.64807160549829,False
223.48755441511116,2.5462521906150237,40.124569331118046,0.0,4.0,2.0,0.0,0.0,12.0,0.538778009580404,0.0,0.0,0.0,0.0,3.0,0.0,3.0,0.0,0.0,0.0,0.0,0.0,-0.826459348919442,6.155876866800897,25.21959694286222,0.9657127949111548,0.0640538198674912,0.7894938690482393,C[Si](C)(C)O[Si](C)(C)C.[Si](=O)(=O),silicone,PDMS/SiO2纳米复合_变体63,82.45266801669152,82.0410677692266,41.13975098571559,80.50139839865848,True
431.8422467221411,3.6361847423217935,39.796248211372856,0.0,5.0,13.0,0.0,0.0,21.0,-0.149899338177927,0.0,0.0,0.0,0.0,3.0,1.0,5.0,0.0,0.0,0.0,0.0,0.0,-0.3290582445376283,3.2057411519019494,15.09630688236582,-0.5892911184940649,-0.1406109155306579,0.6526533288529179,C[Si](C)(C)O[Si](C)(C)O[Si](C)(C)O[Si](C)(C)O[Si](C)(C)C,silicone,PDMS中聚体(MW~500)_变体64,77.73953054582287,89.5422469811563,42.11300940329561,78.55899257009206,True
313.22168090371866,6.718351027365532,12.18636327943182,0.0,1.0,3.0,0.0,0.0,15.0,1.688014953294711,7.0,0.0,0.0,0.0,1.0,0.0,0.0,0.0,0.0,0.0,0.0,0.0,0.617560910974264,0.8584271346188681,9.56157361045484,1.442326064617499,-0.100298233597704,1.1249903190536554,FC(F)(F)C(F)(F)C(F)(F)[Si](C)(C)O[Si](C)(C)C,silicone,氟硅嵌段共聚物_变体65,92.90015391259452,98.0,66.05937443525009,98.0,True
424.0260784288947,4.626721393587181,39.16715449872852,0.0,4.0,11.0,0.0,0.0,21.0,0.7980095933424806,0.0,0.0,0.0,0.0,3.0,0.0,5.0,0.0,0.0,0.0,0.0,0.0,0.7059382594472637,2.951713615863846,13.882944563222786,-0.3321522920344715,-0.1229450977338583,0.0128370835111711,C[Si](C)(C)O[Si](C)(C)O[Si](C)(C)O[Si](C)(C)O[Si](C)(C)C,silicone,PDMS中聚体(MW~500)_变体66,78.25347176484055,92.74034925737573,48.29255893888409,77.26026392157645,True
265.43902635229955,1.6037248234659631,48.70307119797416,2.0,3.0,7.0,0.0,0.0,18.0,1.1585695786405252,0.0,1.0,0.0,0.0,4.0,0.0,2.0,1.0,0.0,0.0,0.0,0.0,-0.1875981901619685,4.512124649209287,39.86245534778004,1.362499189471331,-0.4849000674194632,0.3672466755136025,C[Si](C)(CCOCCOCCO)O[Si](C)(C)C,silicone,PDMS-g-PEG200_变体67,76.06343757160033,85.47546497645179,69.44618084465381,76.49598082018238,True
392.8627530274583,1.9640940155812256,70.44894675372403,4.0,4.0,17.0,0.0,0.0,16.0,0.4766856313232552,0.0,1.0,0.0,4.0,1.0,1.0,1.0,0.0,1.0,0.0,0.0,0.0,-0.4193447618519466,5.328373981105224,36.576419857345584,1.4490897134463376,0.9449586602116452,-0.3595342776941014,C[Si](C)(C)NCCCCCCNC(=O)NCCCCCCN,silicone,PDMS-PUa自修复涂层_变体68,75.06954605275516,80.91244198658575,50.444368489000304,81.38017847572966,False
332.9953384696976,3.094378677771152,73.93491935550772,2.0,2.0,14.0,0.0,0.0,24.0,0.5652033146335832,0.0,0.0,0.0,3.0,0.0,0.0,2.0,1.0,0.0,0.0,0.0,1.0,0.3092441902282377,4.580620659536455,40.27310674927112,0.4339621457823081,-0.2493142666585963,-0.3517840383869234,C[Si](C)(C)NCCCCCCNC(=O)NCCCCCCN,silicone,PDMS-PUa自修复涂层_变体69,73.77216208040974,84.03306779945183,62.47713779348891,77.79927894499997,False
318.14511426636136,1.8920435105274136,47.864646047963895,1.0,1.0,14.0,0.0,0.0,12.0,0.7253482782367255,1.0,0.0,1.0,0.0,5.0,0.0,2.0,0.0,0.0,0.0,0.0,1.0,-0.9122204433382312,3.963555255694416,31.90937635787756,1.1126719254138102,0.5357976485605022,0.1538223634556019,C[Si](C)(CCOCCOCCO)O[Si](C)(C)C,silicone,PDMS-g-PEG200_变体70,77.59743564172427,88.5456415750582,58.5257778348709,83.54412101974002,False
261.1376947270981,6.104754426604166,14.365925830213516,0.0,3.0,10.0,0.0,0.0,22.0,1.2627915907251035,1.0,0.0,0.0,1.0,1.0,0.0,3.0,0.0,0.0,0.0,0.0,0.0,-0.5436229694314013,1.1500218983649533,25.48204095695989,-0.0943420986381312,0.4431509379682441,0.3382345158197848,C[Si](C)(C)O[Si](C)(C)O[Si](C)(CCCCCCCC)C,silicone,PDMS+辛基硅油_变体71,74.58155933514827,88.77448966020907,47.34020791787548,78.91189111949299,True
299.707900278168,2.444104360941187,62.14021647211257,3.0,3.0,18.0,0.0,0.0,28.0,0.6142710949929231,0.0,0.0,0.0,7.0,1.0,0.0,0.0,0.0,1.0,0.0,0.0,0.0,-0.0243034474364077,5.3844786846835,34.39479583344985,1.055949898565674,-0.1057832653735142,0.7305135581860909,C[Si](C)(C)NCCCCCCNC(=O)NCCCCCCN,silicone,PDMS-PUa自修复涂层_变体72,74.1979262575518,82.86288947249739,60.98870191938646,83.54360265511535,True
274.6107128318605,4.336898144065505,20.531276126142394,0.0,0.0,4.0,0.0,0.0,11.0,1.9388732522999,0.0,0.0,0.0,0.0,2.0,1.0,5.0,0.0,0.0,0.0,0.0,1.0,-0.4981958445835336,2.601727502038554,21.844752142787808,0.104646309435073,0.2569586042171686,0.5774641017793677,C[Si](C)(C)O[Si](C)(C)O[Si](C)(C)C,silicone,PDMS低聚体(MW~300)_变体73,67.62944884737486,83.57838350981075,39.46435618269253,78.75069235246383,False
277.91941826241384,4.801992580029394,5.8826847036031165,0.0,0.0,3.0,0.0,1.0,15.0,1.9969230114457248,4.0,0.0,0.0,1.0,1.0,0.0,2.0,0.0,1.0,1.0,0.0,0.0,-0.206732580561638,1.324637016462464,12.395813733810456,0.4634946415947963,0.2612772362647038,0.0340680681715057,C[Si](C)(C)O[Si](C)(CCC(F)(F)C(F)(F)F)C,silicone,PDMS+全氟己基改性_变体74,94.40048411932952,96.7661885023756,65.01107133756055,91.00855644705194,False
236.10756982014527,1.7366746923683305,9.411403433132175,0.0,1.0,2.0,2.0,1.0,16.0,1.653904907400159,0.0,0.0,0.0,0.0,2.0,0.0,1.0,0.0,1.0,0.0,0.0,1.0,-0.8275314961665934,3.0594891344216144,34.366549929945364,2.8291604886449107,-0.6959179059558104,0.1579649350461969,C[Si](C)(C)O[Si](C)(c1ccccc1)C,silicone,PDMS+苯基硅油_变体75,74.91505825533017,84.23244160768193,37.5405905573285,81.71127879729504,False
269.5278930592975,4.889285722527244,23.900652593769436,0.0,1.0,10.0,0.0,0.0,15.0,-0.0553109047150366,0.0,0.0,0.0,0.0,1.0,0.0,3.0,0.0,0.0,0.0,1.0,0.0,0.0079037720559197,2.354577004006984,31.859877448703944,1.4329305051946073,0.4934558719072305,-0.3798694500620019,C[Si](C)(C)O[Si](C)(C)O[Si](C)(CCCC)C,silicone,PDMS+甲基硅油_变体76,75.64761042322426,88.95987424974382,48.28461837817498,75.33048544784576,True
380.9344164231253,3.9517666213306217,41.0382303727728,1.0,3.0,8.0,0.0,0.0,21.0,1.4827435719338196,0.0,0.0,0.0,0.0,3.0,0.0,6.0,0.0,1.0,1.0,0.0,0.0,0.1519092978024378,4.259410905179953,18.958348140913863,0.601508587580222,-0.5853859412072656,0.5567331769357564,C[Si](C)(C)O[Si](C)(C)O[Si](C)(C)O[Si](C)(C)O[Si](C)(C)C,silicone,PDMS中聚体(MW~500)_变体77,73.20324346726639,92.57479446225634,61.48915439069685,75.51252579437579,False
210.9066598671533,4.266564240790029,12.05493033558069,0.0,0.0,3.0,0.0,2.0,13.0,0.4371760435127868,0.0,0.0,0.0,0.0,1.0,0.0,3.0,0.0,0.0,1.0,0.0,0.0,-0.8114637904150488,1.7645976158953935,28.71425071212079,1.653686893373102,0.2281636041721366,0.1356252663261025,C[Si](C)(C)O[Si](C)(c1ccccc1)C,silicone,PDMS+苯基硅油_变体78,79.98997683202727,87.81877882033375,45.16167913399208,85.58329943571749,False
261.9970415796008,3.4003166379712364,21.941082060739788,0.0,1.0,4.0,0.0,0.0,13.0,1.10702585098307,0.0,1.0,0.0,0.0,1.0,0.0,2.0,0.0,0.0,1.0,0.0,0.0,-0.3898281402303548,2.594274824238868,27.392983273249435,-0.2085497128625955,-0.6576338004506876,0.4676187106832605,C[Si](C)(C)O[Si](C)(C)O[Si](C)(C)C,silicone,PDMS低聚体(MW~300)_变体79,66.36524789878025,77.26402709155617,38.15377387602943,69.18663863085408,True
364.28753243412535,3.130760281390448,119.41160460641296,3.0,4.0,12.0,1.0,0.0,20.0,0.1804988007865823,1.0,1.0,0.0,4.0,5.0,0.0,2.0,0.0,0.0,0.0,1.0,0.0,0.5138472967507393,7.196893329695557,28.455906410131924,2.1111009432625067,-0.0256102946375753,0.517591258829518,C[Si](C)(C)O[Si](C)(C)OC(=O)NCCCCCCNC(=O)O,silicone,硅氧烷-聚氨酯_变体80,75.17819087140084,81.68990258460009,63.800141052428486,78.1833618439099,False
334.20922491249405,4.867406112552988,9.129894129388436,1.0,2.0,3.0,0.0,0.0,15.0,0.9587090265000192,9.0,0.0,0.0,0.0,2.0,0.0,2.0,0.0,1.0,0.0,0.0,0.0,-0.3176811944128146,0.2840939012946449,9.093319710652306,0.9967370610858924,-0.2205363852403722,-1.0656071901364712,FC(F)(F)C(F)(F)C(F)(F)[Si](C)(C)O[Si](C)(C)C,silicone,氟硅嵌段共聚物_变体81,96.64453873533525,98.0,60.42927602122988,90.35894707552984,True
288.57066254239044,1.9902528671367,18.79977604883275,0.0,3.0,2.0,0.0,0.0,16.0,1.5026153088560823,0.0,1.0,0.0,1.0,1.0,0.0,4.0,0.0,1.0,0.0,0.0,1.0,-0.3965626725835749,3.847588583222225,34.35626800046726,0.3214079696236158,0.7630453661059611,-0.7670718800648385,C[Si](C)(C)O[Si](C)(C)O[Si](C)(C)C,silicone,PDMS低聚体(MW~300)_变体82,64.49066718415007,72.57169725270167,44.80464746830901,71.77448774512644,False
199.1058875016793,3.6337117647697488,12.516172021263326,0.0,2.0,5.0,1.0,1.0,16.0,1.4726577338587186,0.0,0.0,0.0,1.0,3.0,0.0,4.0,0.0,0.0,0.0,0.0,0.0,-0.3207293827157026,3.284636675923128,26.053918034332703,-0.1842381915897158,-0.221279186110704,-0.6640838354114532,C[Si](C)(C)O[Si](C)(C)O[Si](C)(C)C,silicone,PDMS低聚体(MW~300)_变体83,70.41332158804397,80.64610091892987,35.37074372801919,75.94538861956615,True
216.3504783452169,3.329382503393304,9.86141685580902,0.0,1.0,1.0,0.0,0.0,8.0,0.8413476921117692,0.0,0.0,0.0,1.0,2.0,0.0,2.0,1.0,0.0,1.0,1.0,1.0,0.1246542978208644,2.2414553220391893,31.229737307163163,1.17611065117406,0.1558436347681627,0.9051578797985356,C[Si](C)(C)O[Si](C)(C)C.[Zn],silicone,PDMS/ZnO纳米复合_变体84,72.42984534859241,86.10520825116907,85.24599947317013,73.93316028344523,False
245.05935717145525,2.7896495612415206,12.088686225205942,1.0,0.0,3.0,1.0,0.0,20.0,0.9597307150362372,8.0,0.0,0.0,1.0,1.0,0.0,2.0,0.0,1.0,0.0,0.0,1.0,-0.6604118869394786,2.546851969273774,10.008910160514995,0.2729665094679044,1.0687008824329596,-0.17988798108978,FC(F)(F)C(F)(F)C(F)(F)[Si](C)(C)O[Si](C)(C)C,silicone,氟硅嵌段共聚物_变体85,94.2252786293094,98.0,59.13257124124579,94.3966506430102,False
393.6446923207389,5.764851415846144,26.41952171939143,1.0,3.0,8.0,0.0,0.0,22.0,1.5194662329385096,0.0,0.0,0.0,0.0,3.0,0.0,5.0,0.0,1.0,0.0,0.0,0.0,0.1715335044629676,3.834863060535917,17.45019141469383,-0.2531116440074217,-0.2351898699887944,-0.1820971351119973,C[Si](C)(C)O[Si](C)(C)O[Si](C)(C)O[Si](C)(C)O[Si](C)(C)C,silicone,PDMS中聚体(MW~500)_变体86,70.58521079747256,87.3271926730778,41.90648198030963,76.87649551657331,True
342.4186557019003,2.9995499959378487,8.384393626350622,1.0,0.0,3.0,0.0,0.0,16.0,0.8190186262847474,8.0,0.0,0.0,0.0,2.0,0.0,1.0,0.0,0.0,1.0,0.0,0.0,-0.4981708410869019,1.7191658498471671,8.0211857183949,0.782996348506549,0.4134612816607719,-0.98115545609041,FC(F)(F)C(F)(F)C(F)(F)[Si](C)(C)O[Si](C)(C)C,silicone,氟硅嵌段共聚物_变体87,95.01129058985968,96.6743050134667,56.08448918476744,93.03747746134572,True
220.69007436005373,3.431589914017038,52.105099913178485,0.0,4.0,2.0,0.0,0.0,16.0,0.8219044968109522,0.0,0.0,1.0,1.0,5.0,0.0,3.0,0.0,1.0,0.0,0.0,0.0,-0.294433413369348,3.695636594865349,26.432054734362268,0.4289786602665269,-0.2190688166168642,0.6979169775819151,C[Si](C)(C)O[Si](C)(C)C.[Si](=O)(=O),silicone,PDMS/SiO2纳米复合_变体88,71.96938425363132,86.0888023872967,58.92750247552876,78.03079448615114,False
265.7260578038665,5.436542173696711,20.158619669242466,1.0,4.0,11.0,1.0,0.0,20.0,2.079936658923457,0.0,0.0,0.0,0.0,1.0,0.0,2.0,0.0,0.0,0.0,0.0,1.0,0.4322649542703976,3.742551664255372,25.49954254661448,1.625462564196125,0.2641852233510194,0.2125163729431365,C[Si](C)(C)O[Si](C)(C)O[Si](C)(CCCC)C,silicone,PDMS+甲基硅油_变体89,82.13480734552226,87.18372194377433,58.41705181287388,79.0038371759038,False
206.99357090280432,1.670691833355989,13.771736679807743,0.0,1.0,3.0,0.0,0.0,10.0,0.6671052739737133,1.0,0.0,0.0,0.0,1.0,0.0,1.0,0.0,1.0,1.0,1.0,0.0,0.1625070681282709,1.163379603187781,34.32090562623243,0.4062832198230017,0.7604298624664204,0.1586427411594871,C[Si](C)(C)O[Si](C)(C)C.[Zn],silicone,PDMS/ZnO纳米复合_变体90,71.41957173655143,79.77297329537657,94.7604904454114,77.61726182677262,True
207.8410604354579,3.7838374544318576,14.429531058803978,0.0,2.0,6.0,1.0,1.0,14.0,0.4040684028686653,1.0,1.0,0.0,0.0,2.0,0.0,5.0,0.0,0.0,0.0,1.0,0.0,-0.3525187400698305,2.05158910842734,28.79124079480748,0.3877778961702965,0.2483252737755368,0.1394227625400939,C[Si](C)(C)O[Si](C)(C)O[Si](C)(CCCC)C,silicone,PDMS+甲基硅油_变体91,75.87824076532796,90.58738066233371,45.56049299984492,77.57086808101093,False
263.83532354641784,4.7619103995493886,9.12597892748544,0.0,0.0,4.0,1.0,0.0,21.0,1.530404451703375,8.0,0.0,0.0,0.0,1.0,0.0,1.0,0.0,0.0,0.0,0.0,0.0,-0.2511375872539431,0.7443872093568518,8.657810262006521,-0.1390372878228707,0.2077528049511912,0.9261616429151616,FC(F)(F)C(F)(F)C(F)(F)[Si](C)(C)O[Si](C)(C)C,silicone,氟硅嵌段共聚物_变体92,93.98310129839903,93.98498097011284,56.60999537392635,89.02826295108908,True
267.7069173988036,4.311245136533558,6.20975680501398,0.0,1.0,2.0,1.0,0.0,13.0,-0.3319305261948402,0.0,0.0,0.0,0.0,0.0,0.0,2.0,0.0,0.0,1.0,0.0,0.0,0.1464941041674896,1.758941778068053,32.48666219857416,2.231999254236701,0.0960285301596652,-0.6857539901498964,C[Si](C)(C)O[Si](C)(C)C.[Zn],silicone,PDMS/ZnO纳米复合_变体93,72.16304759486526,83.27713592117655,78.5582590762636,76.35120331894277,True
265.0869315225178,2.5272917562728017,10.145935387407537,0.0,2.0,3.0,0.0,1.0,11.0,0.0918731796765556,2.0,1.0,0.0,0.0,1.0,0.0,3.0,0.0,0.0,1.0,0.0,0.0,0.0952119449625288,1.7027558194339498,19.14557791992582,1.143006595819502,-1.200291113917331,-0.2647482962990725,C[Si](C)(C)O[Si](C)(CCC(F)(F)F)C,silicone,PDMS+三氟丙基改性_变体94,89.28773717770049,91.39488672926564,61.18805633598368,91.09694412643034,False
212.5193996655329,3.1653290626628854,9.373072246812002,0.0,2.0,3.0,0.0,0.0,9.0,-0.2075179098825124,1.0,0.0,1.0,1.0,0.0,0.0,2.0,0.0,0.0,1.0,1.0,0.0,-0.142383488768598,1.0294690591957192,35.03112082087751,0.8252169046709048,0.3222186566647187,-0.2291486140730616,C[Si](C)(C)O[Si](C)(C)C.[Zn],silicone,PDMS/ZnO纳米复合_变体95,68.43182819351506,76.99944628854101,78.56827828285525,76.20089926294585,False
318.3495069165285,4.381194605056903,12.29491387448254,0.0,1.0,4.0,0.0,1.0,13.0,1.7569997437017315,4.0,0.0,0.0,0.0,3.0,0.0,3.0,0.0,0.0,0.0,1.0,0.0,0.654005957830889,0.5505546838868136,25.923638294869345,0.8031372448084801,0.1074883220725911,-0.1003648172313849,C[Si](C)(C)O[Si](C)(CCC(F)(F)F)C,silicone,PDMS+三氟丙基改性_变体96,88.38527127491214,94.8937642117535,68.31406646064698,84.26730335777889,False
239.84812729000464,1.1878420055007506,7.04061834614715,0.0,1.0,2.0,1.0,1.0,13.0,0.0251184658191119,1.0,1.0,0.0,0.0,1.0,0.0,2.0,0.0,0.0,1.0,0.0,0.0,-0.0446170771107244,1.4806558761854185,21.399295372170272,2.632799844268315,0.19171661975821,0.2976760880499094,C[Si](C)(C)O[Si](C)(c1ccccc1)C,silicone,PDMS+苯基硅油_变体97,84.655001625637,89.37679447845099,52.44771682503367,83.27728811565254,False
266.265305020799,4.714237852172547,11.51070387670521,0.0,1.0,6.0,0.0,0.0,11.0,0.6034850646260685,6.0,0.0,0.0,0.0,0.0,0.0,3.0,0.0,0.0,0.0,0.0,0.0,-0.085973967455638,1.0355214674173867,12.82992709274859,0.2051870389301974,0.9556971377226215,-0.3813451673547209,C[Si](C)(C)O[Si](C)(CCC(F)(F)C(F)(F)F)C,silicone,PDMS+全氟己基改性_变体98,98.0,96.28952904350004,59.241021886794535,90.23760039321452,True
178.64366031573468,1.0570326635310696,38.20833565337109,0.0,3.0,1.0,0.0,0.0,12.0,0.2663950519417482,0.0,1.0,0.0,0.0,4.0,0.0,5.0,0.0,0.0,0.0,1.0,1.0,1.113009442883345,4.71836208952397,29.14068225012764,0.5250106616146455,-0.2750697328009434,0.0390691144789241,C[Si](C)(C)O[Si](C)(C)C.[Si](=O)(=O),silicone,PDMS/SiO2纳米复合_变体99,74.58204887190827,81.81202473921265,61.45293704133752,79.23742522700424,False
202.27127569446577,2.7083285437396505,15.934176273409676,0.0,3.0,4.0,1.0,0.0,17.0,1.990105104112968,0.0,1.0,0.0,0.0,1.0,0.0,2.0,0.0,1.0,0.0,0.0,0.0,-0.4234254830626823,4.023039761802175,30.44909084373841,0.6962761322184531,-0.1480293909541627,-0.9058071951659512,C[Si](C)(C)O[Si](C)(C)O[Si](C)(C)C,silicone,PDMS低聚体(MW~300)_变体100,62.06289732207748,83.5546209239238,35.64392288536331,70.93371221054171,False
389.0411884610356,3.2575785151801777,94.7251768361764,4.0,2.0,15.0,0.0,0.0,27.0,1.04457355846306,0.0,0.0,0.0,5.0,2.0,0.0,2.0,1.0,0.0,0.0,0.0,0.0,-0.2821886070092604,4.747722717719552,40.29592365191919,1.5223868036433943,0.2144822976235181,0.0984485313567403,C[Si](C)(C)NCCCCCCNC(=O)NCCCCCCN,silicone,PDMS-PUa自修复涂层_变体101,72.13050039254675,84.27135706181933,49.13028181990813,80.37705167898805,True
407.48698747902233,2.186226087788645,74.5070060176263,4.0,2.0,12.0,0.0,0.0,24.0,2.7094556905001554,0.0,0.0,1.0,2.0,0.0,0.0,1.0,0.0,0.0,0.0,1.0,0.0,-0.2809731238475507,6.077995060693892,31.62783657829926,0.1804432835102485,0.7328762832476959,0.8371261648422234,C[Si](C)(C)NCCCCCCNC(=O)NCCCCCCN,silicone,PDMS-PUa自修复涂层_变体102,74.30918653423805,84.15156880721752,58.52255858020477,83.99152167920563,False
340.0880545267616,1.8778047519824987,88.84415255005557,3.0,3.0,14.0,1.0,0.0,22.0,-0.3127483583616604,0.0,0.0,0.0,2.0,0.0,0.0,0.0,0.0,0.0,1.0,0.0,0.0,-0.0371233329921802,4.633640292718305,36.75827089546809,1.848036251632429,-0.238081925085836,-0.5873641377528991,C[Si](C)(C)NCCCCCCNC(=O)NCCCCCCN,silicone,PDMS-PUa自修复涂层_变体103,79.19089435307724,86.56495741528292,60.21421518508061,81.87941475768743,False
282.82937017317647,5.766184580466209,9.318384116043203,0.0,1.0,4.0,0.0,0.0,14.0,1.706781936715377,8.0,0.0,0.0,1.0,0.0,0.0,2.0,1.0,0.0,0.0,0.0,0.0,-0.4054255670703403,2.535002918434257,8.38018705200824,-0.3782941905399424,0.9022024201303864,-0.2410892095383736,FC(F)(F)C(F)(F)C(F)(F)[Si](C)(C)O[Si](C)(C)C,silicone,氟硅嵌段共聚物_变体104,93.4195866910988,98.0,49.66713859266329,91.6873664706072,False
194.06205955740216,1.647445677279432,41.95207286864312,0.0,4.0,3.0,0.0,0.0,11.0,0.6658008642615165,0.0,0.0,0.0,1.0,3.0,0.0,3.0,1.0,0.0,0.0,0.0,1.0,-0.164331007581148,2.322570848905656,22.378714005461035,0.7673239377636962,0.5831919858565626,-0.100723662976139,C[Si](C)(C)O[Si](C)(C)C.[Si](=O)(=O),silicone,PDMS/SiO2纳米复合_变体105,76.61784564764349,89.1030426098103,46.49575952067469,78.95257760077723,True
237.23137744851917,0.007940003768859,48.14823781263377,0.0,3.0,4.0,0.0,0.0,17.0,0.4591601518475932,0.0,0.0,0.0,0.0,2.0,0.0,2.0,0.0,0.0,0.0,0.0,1.0,0.1262844229983117,6.374628468787252,31.60063977438052,1.436212296049758,0.2974715635281146,0.9735963439589772,C[Si](C)(C)O[Si](C)(C)C.[Si](=O)(=O),silicone,PDMS/SiO2纳米复合_变体106,74.26643202086308,83.06599835091907,62.35258311177064,80.68691943452552,True
349.7710871506382,2.7710775996838857,104.39306643393412,4.0,5.0,9.0,0.0,0.0,24.0,0.4478748786006436,0.0,0.0,1.0,2.0,4.0,0.0,2.0,0.0,0.0,0.0,0.0,0.0,-0.3237864977871995,5.511281197663334,36.81664186462989,1.3408119233986384,0.1395109274407925,0.8243888802355421,C[Si](C)(C)O[Si](C)(C)OC(=O)NCCCCCCNC(=O)O,silicone,硅氧烷-聚氨酯_变体107,63.20769609918215,75.58015932962793,42.13686657278943,79.2238242360246,True
177.61432002794194,3.511838392947057,19.50333498831072,0.0,2.0,3.0,0.0,0.0,10.0,2.150608950170727,0.0,0.0,0.0,0.0,1.0,1.0,2.0,0.0,0.0,1.0,0.0,1.0,-0.4487457815836048,1.6424325191282865,29.194007409677425,0.5082375802224739,-0.1878626663171347,0.4654138147287763,C[Si](C)(C)O[Si](C)(C)O[Si](C)(C)C,silicone,PDMS低聚体(MW~300)_变体108,61.32110922387786,73.21599383620493,38.12284872359104,73.97550299545675,False
336.3188688432634,3.530175983644749,9.968429430031112,0.0,1.0,8.0,1.0,1.0,15.0,1.0674523439202834,7.0,0.0,0.0,1.0,0.0,0.0,1.0,0.0,1.0,0.0,0.0,1.0,-0.0889690874959693,1.4991914884392212,17.10407360965135,0.2877057830607339,-0.2310859400531119,-0.4518629106447699,C[Si](C)(C)O[Si](C)(CCC(F)(F)C(F)(F)F)C,silicone,PDMS+全氟己基改性_变体109,90.33779386492525,98.0,59.729522201271145,92.26331823630916,False
374.6420762026796,1.8000947158541196,96.21689656189182,4.0,4.0,18.0,0.0,0.0,20.0,-0.0669099443747451,0.0,1.0,0.0,4.0,1.0,0.0,1.0,0.0,0.0,0.0,0.0,1.0,0.4791929099210212,4.898123385867267,37.884857296799474,2.069873972875462,0.2258714327258796,0.7101002849293383,C[Si](C)(C)NCCCCCCNC(=O)NCCCCCCN,silicone,PDMS-PUa自修复涂层_变体110,72.66512474897871,86.78200829700205,66.07507200294094,81.71669864177778,False
202.56346303707224,2.9011200234603485,20.151451861550363,0.0,1.0,2.0,1.0,1.0,14.0,0.4732505986237598,0.0,0.0,0.0,0.0,3.0,0.0,4.0,0.0,0.0,0.0,0.0,0.0,0.8856944871945079,3.318265943028339,31.742736963467,1.0619199213029402,0.0962107734176708,0.1929489383758691,C[Si](C)(C)O[Si](C)(C)O[Si](C)(C)C,silicone,PDMS低聚体(MW~300)_变体111,63.43609360153691,76.3555580852927,43.22453137669351,73.2226573640807,True
263.7886805189124,0.9641669545478488,53.29406813239299,1.0,4.0,9.0,0.0,0.0,21.0,1.31238916341034,0.0,0.0,0.0,0.0,4.0,0.0,2.0,0.0,1.0,0.0,0.0,1.0,-0.1874021922475358,4.347891248348238,38.5213081802227,0.0768728487668617,0.5062007585996837,0.259712323930944,C[Si](C)(CCOCCOCCO)O[Si](C)(C)C,silicone,PDMS-g-PEG200_变体112,76.6337523023846,83.9295695936673,65.6140477315941,83.09715888638291,True
264.2746540478579,4.999735624229383,18.055517868753896,0.0,2.0,7.0,0.0,0.0,14.0,0.2758698073947043,0.0,0.0,0.0,0.0,2.0,0.0,3.0,0.0,0.0,0.0,0.0,0.0,0.08024481198674,4.342162743049377,23.619063678585853,0.2238818183846624,0.2711544625722358,0.2870461966795341,C[Si](C)(C)O[Si](C)(C)O[Si](C)(CCCC)C,silicone,PDMS+甲基硅油_变体113,82.26867365695631,86.778770060839,49.72796913016737,82.18554708017864,True
382.7645630736157,5.1229661476051,15.974994282828344,0.0,3.0,14.0,0.0,1.0,20.0,0.9725766947006524,0.0,0.0,1.0,1.0,3.0,0.0,3.0,0.0,0.0,0.0,0.0,0.0,-0.2163005532783829,1.3867499514496031,24.04896181382003,-0.0137047558948336,-0.4559229891051731,-0.5192443439963752,C[Si](C)(C)O[Si](C)(C)O[Si](C)(CCCCCCCC)C,silicone,PDMS+辛基硅油_变体114,79.86399630087404,89.6334925658737,44.30004239336149,83.85073767591018,False
319.1636893583641,4.966392473808106,18.170435148250505,0.0,1.0,7.0,0.0,0.0,14.0,0.9159905823308632,0.0,0.0,1.0,0.0,0.0,1.0,4.0,0.0,0.0,0.0,0.0,0.0,-0.4198101366275241,3.3785251763135227,23.134332679014268,1.0677786834446843,-0.3280329013539963,1.4987246926096212,C[Si](C)(C)O[Si](C)(C)O[Si](C)(CCCC)C,silicone,PDMS+甲基硅油_变体115,81.01940370738863,98.0,45.11230653902895,78.87530712568967,False
233.3601717767867,2.1902192127901454,36.39848731037616,0.0,1.0,2.0,1.0,0.0,11.0,1.213919406161584,1.0,0.0,0.0,0.0,3.0,1.0,3.0,0.0,0.0,0.0,0.0,0.0,0.1128807615558772,4.726427259771498,24.626660795828503,1.5603538702079418,0.3983336973745529,-0.0471949500849248,C[Si](C)(C)O[Si](C)(C)C.[Si](=O)(=O),silicone,PDMS/SiO2纳米复合_变体116,79.19214416313156,84.65662316651299,50.00079364551462,77.8328924088106,True
304.9248634149432,3.0469001317713618,7.988101764111168,0.0,2.0,5.0,0.0,0.0,15.0,0.7972084443787973,4.0,0.0,0.0,0.0,1.0,0.0,1.0,0.0,0.0,0.0,0.0,0.0,-0.1014587315052224,1.2977872960355905,19.383786843850334,1.1456436372044303,-0.2427654702963876,-0.3944820672528709,C[Si](C)(C)O[Si](C)(CCC(F)(F)C(F)(F)F)C,silicone,PDMS+全氟己基改性_变体117,88.25150168411008,91.85818634112653,60.71638711833009,84.9850274887776,True
367.7477570874942,5.530983339307343,8.7869044263112,0.0,1.0,6.0,1.0,0.0,16.0,0.3864880162251495,4.0,0.0,0.0,0.0,2.0,0.0,2.0,0.0,1.0,0.0,1.0,0.0,-1.16667392092358,-0.4493699611342288,16.774861654979418,1.964828611299985,-0.3169078736184538,1.1278509637954328,C[Si](C)(C)O[Si](C)(CCC(F)(F)C(F)(F)F)C,silicone,PDMS+全氟己基改性_变体118,97.1015659834926,97.92169562833168,58.49107656018872,95.15113215567172,False
320.4487741167613,2.3043908604628545,92.0036568569995,2.0,2.0,13.0,1.0,0.0,18.0,0.738709126237796,0.0,0.0,0.0,2.0,2.0,0.0,2.0,0.0,0.0,0.0,0.0,0.0,0.6480315308906981,3.4783119357510834,34.33084674262049,1.2143931442776994,-0.6109251229324185,0.5431069813936911,C[Si](C)(C)NCCCCCCNC(=O)NCCCCCCN,silicone,PDMS-PUa自修复涂层_变体119,73.16260563346194,83.68149024942073,64.67251782125948,79.83273046005483,True
312.7554625904153,3.537116831224218,-0.7182713670221172,0.0,0.0,3.0,0.0,0.0,22.0,1.407218760981863,11.0,0.0,0.0,0.0,0.0,0.0,0.0,0.0,0.0,0.0,1.0,0.0,-0.3113265992306857,0.0551844283584575,9.982863423978468,0.3807027901220938,0.294358113617496,-0.1552790453392909,FC(F)(F)C(F)(F)C(F)(F)C(F)(F)C(F)(F)F,fluoropolymer,全氟戊烷_变体120,77.4284946425292,78.38614902873694,32.5110770868442,75.1417879750334,True
262.8622913156084,0.8196656109645035,0.349160407878101,0.0,1.0,2.0,0.0,1.0,21.0,0.8576293206708894,15.0,0.0,0.0,0.0,0.0,0.0,0.0,1.0,0.0,0.0,0.0,1.0,-0.3709917140459723,0.6458176133802234,7.729066608379661,2.347396923388904,0.2373295397519256,0.810613439863114,FC(F)(F)C(F)(F)C(F)(F)C(F)(F)C(F)(F)F,fluoropolymer,全氟戊烷_变体121,76.67226101030462,79.11638070276697,30.82404134615235,78.17568550520745,False
98.65856878976328,2.4289154705464004,0.4747972856822441,0.0,1.0,0.0,0.0,0.0,6.0,-0.1681934727055681,5.0,0.0,0.0,0.0,0.0,1.0,0.0,0.0,0.0,0.0,1.0,0.0,-0.1747196636084779,-0.3862843743781203,28.739414475269285,2.98417774052063,-0.2711735276507817,-1.195152183734719,FC(F)=C(F)F,fluoropolymer,PTFE单体单元_变体122,61.89363052729195,71.24465540594451,37.40332297571474,62.162734400850944,False
340.5520089768209,1.5631782332481596,65.79808156785535,3.0,2.0,6.0,0.0,0.0,21.0,0.9400333939211092,4.0,1.0,0.0,1.0,3.0,0.0,0.0,0.0,0.0,1.0,1.0,1.0,0.092282176272689,5.348223382856473,23.29569133954732,2.249251093443512,0.0209536635359818,-0.8916966433264111,FC(F)(F)C(F)(F)CC(=O)NCCCCCCNC(=O),fluoropolymer,含氟聚氨酯_变体123,78.09384935376045,86.69278712391342,70.58343770012172,82.5250532331339,False
197.01902165012544,2.3020953265785797,36.52666204754712,0.0,1.0,4.0,0.0,0.0,14.0,0.6307605443057267,7.0,0.0,1.0,0.0,2.0,0.0,0.0,0.0,0.0,0.0,0.0,1.0,1.195383082383862,3.716085813678018,20.28459644059048,0.6930644118535916,-0.3226231773538477,0.0875534582042951,OC(=O)C(F)(F)C(F)(F)C(F)(F)F,fluoropolymer,全氟丙烯酸酯_变体124,84.21251211779247,90.05645913514805,76.25538872006328,87.5009935090383,False
118.9189521614516,1.6686552747560974,36.81808455133552,1.0,1.0,1.0,1.0,1.0,14.0,-0.7118413184419615,0.0,0.0,0.0,0.0,1.0,0.0,1.0,0.0,0.0,0.0,0.0,0.0,-0.404690410541377,6.310422953799472,39.28074005736752,2.19016313365003,0.1383481017573173,-0.165109337564965,OC(=O)c1ccc(F)cc1,fluoropolymer,对氟苯甲酸酯_变体125,71.4739066185216,80.58533881549484,39.48954874494434,76.6147210463018,True
102.99908801174824,2.905262263686377,-0.4702301448928786,0.0,1.0,0.0,0.0,0.0,6.0,0.354892145291844,4.0,0.0,0.0,1.0,0.0,0.0,0.0,0.0,0.0,0.0,0.0,1.0,-0.4571406553983209,-0.287972405711864,26.270489218032207,3.295859683986119,0.3141018371323868,-0.6620434149329434,FC(F)=C(F)F,fluoropolymer,PTFE单体单元_变体126,64.0858070162154,68.7541680455358,22.73551522200107,61.30447748390616,True
285.94934085879595,2.371467796308992,56.9360900551352,2.0,2.0,12.0,0.0,0.0,25.0,1.750839530444002,5.0,0.0,1.0,2.0,2.0,0.0,0.0,0.0,0.0,0.0,0.0,0.0,-0.7161243276099465,3.6825181577783694,22.512481630649155,0.483831534625895,0.4354426813618198,-0.4991038465870326,FC(F)(F)C(F)(F)CC(=O)NCCCCCCNC(=O),fluoropolymer,含氟聚氨酯_变体127,86.19552722896763,90.17722247808074,52.01612147437413,89.74218264898553,False
513.9281345773289,4.843481883010249,0.779394592248447,0.0,1.0,5.0,0.0,0.0,24.0,0.3241257548325252,16.0,0.0,0.0,0.0,0.0,0.0,0.0,1.0,0.0,1.0,0.0,0.0,0.5351825801149649,0.6359462109693282,9.778374879441824,1.595229202985592,0.1009493269927103,0.1689787641160591,FC(F)(F)C(F)(F)C(F)(F)C(F)(F)C(F)(F)C(F)(F)C(F)(F)C(F)(F)F,fluoropolymer,全氟辛基链_变体128,84.28472362088836,84.10133962520572,52.82737099324227,81.48156673298028,False
234.17820127779316,-0.1065818980455204,61.78470798079446,2.0,2.0,10.0,0.0,1.0,20.0,0.3530523179335775,6.0,0.0,0.0,2.0,1.0,0.0,0.0,0.0,0.0,0.0,0.0,0.0,-0.1486880396215532,4.043485811452217,31.60849113401624,1.2517806150106296,-0.6945436573950934,0.114865506651488,FC(F)(F)C(F)(F)CC(=O)NCCCCCCNC(=O),fluoropolymer,含氟聚氨酯_变体129,77.24323257924567,82.45786458713374,55.8116057801897,83.49196960153547,True
97.5062015800368,1.1583478458023933,36.86398069246679,1.0,0.0,0.0,1.0,2.0,13.0,0.3268134439934825,1.0,0.0,0.0,0.0,1.0,0.0,1.0,1.0,0.0,0.0,0.0,0.0,0.3394219352630993,5.075886290892916,36.60874454962332,1.8383239304907903,-0.0129687861743891,0.4720131862120469,OC(=O)c1ccc(F)cc1,fluoropolymer,对氟苯甲酸酯_变体130,66.17017657675784,78.4046364831592,56.14581922461464,81.43956345812961,False
123.03313505201004,1.6327186880449491,36.049133008322336,0.0,0.0,1.0,1.0,1.0,10.0,0.2150328435876592,2.0,0.0,0.0,0.0,2.0,0.0,1.0,0.0,1.0,1.0,0.0,0.0,1.2557697984350713,5.048871591609653,37.662838989742895,1.0763916313977455,0.2285258099988645,1.2239283986223173,OC(=O)c1ccc(F)cc1,fluoropolymer,对氟苯甲酸酯_变体131,75.52845793543915,77.1049105395472,70.97243251807704,72.80844742559434,False
244.53199952967256,-0.9948610872900852,60.45292299133103,3.0,3.0,5.0,0.0,0.0,14.0,0.6229292056050297,5.0,0.0,0.0,1.0,4.0,0.0,0.0,0.0,0.0,1.0,0.0,0.0,0.8193959656669629,6.784734141146215,30.642586214509823,1.15504059723879,0.485433574761509,1.8307867136473293,FC(F)(F)C(F)(F)C(=O)OCC(O)CO,fluoropolymer,含氟甘油酯_变体132,79.8202298843807,85.23123100307377,70.07833084261401,79.32287813614143,False
415.8326751467488,4.876307732069532,0.4697897061775895,0.0,0.0,1.0,0.0,0.0,14.0,0.6188655541186592,7.0,0.0,0.0,0.0,0.0,0.0,0.0,1.0,0.0,0.0,0.0,0.0,-0.4121417788393758,0.3416301947516629,9.721899360425605,2.916845948839323,-0.1418523877346405,-0.1705872903350054,FC(F)(F)C(F)(Cl)C(F)(F)C(F)(Cl)C(F)(F)F,fluoropolymer,PCTFE类_变体133,77.93951733409278,80.75068993976814,37.13628180607261,81.14056518571479,True
147.65600279386194,1.0663508711872811,42.841551763608585,0.0,0.0,2.0,0.0,0.0,11.0,0.1471625050439984,2.0,0.0,0.0,0.0,1.0,0.0,0.0,0.0,0.0,0.0,0.0,1.0,0.5701567075013041,8.16442000409327,19.56320505241653,1.2261091958176067,0.964249152509748,-0.7381512805920897,OC(=O)CCC(F)(F)F,fluoropolymer,含氟丙烯酸酯单体_变体134,90.09219266630384,90.61677179846312,61.43809816710321,81.79164452591662,False
127.81356069287554,1.432947809288721,37.01127556799166,0.0,0.0,2.0,0.0,0.0,9.0,-0.2746475145533393,3.0,0.0,0.0,0.0,2.0,0.0,0.0,0.0,0.0,1.0,0.0,1.0,-0.2628154669926922,5.070355564441464,27.87814271980486,2.137277043720687,-0.8378708427429257,-0.0690000704800291,OC(=O)CCC(F)(F)F,fluoropolymer,含氟丙烯酸酯单体_变体135,77.28456503905187,87.25475795575493,61.34963483210871,85.0745757454022,False
296.40012805987794,3.0317557769119894,1.546320639231341,0.0,0.0,3.0,0.0,0.0,18.0,0.6215003668447316,9.0,1.0,0.0,0.0,0.0,0.0,0.0,0.0,0.0,0.0,0.0,0.0,-0.1114078498598411,0.1211511373319238,7.2528872161357425,0.0440838056677488,0.3252618671188938,0.6582730860923448,FC(F)(F)C(F)(F)C(F)(F)C(F)(F)C(F)(F)F,fluoropolymer,全氟戊烷_变体136,73.65535047612191,78.94140488255647,36.89522107351134,74.40080311499983,True
74.38000468537228,2.2023338465650792,0.3797980954428683,0.0,0.0,0.0,1.0,0.0,6.0,0.5698064702867219,3.0,0.0,0.0,0.0,1.0,0.0,0.0,1.0,0.0,0.0,1.0,0.0,0.2145664307611474,-0.3583544144585106,32.021918324447455,1.985651615539888,0.0338311403982635,0.8644399436983431,FC(F)=C(F)F,fluoropolymer,PTFE单体单元_变体137,58.26091249943033,67.83869108987682,38.42515978322019,61.49065845079486,False
228.7266058537294,4.262934053216251,0.275942985911077,0.0,0.0,1.0,0.0,0.0,18.0,1.972861764839888,11.0,0.0,1.0,0.0,1.0,0.0,0.0,0.0,0.0,0.0,1.0,1.0,0.42155266616162,0.5814192887674929,8.83996733469263,1.0418058415053777,0.5208781776971004,0.2088403761197003,FC(F)(F)C(F)(F)C(F)(F)C(F)(F)C(F)(F)F,fluoropolymer,全氟戊烷_变体138,78.40234945567636,82.62612750802191,45.508268591449024,76.6994603791529,False
297.658252640486,3.4503093852776887,37.098615640913366,2.0,1.0,4.0,0.0,0.0,18.0,0.4589449382142998,6.0,0.0,0.0,0.0,2.0,0.0,0.0,0.0,0.0,0.0,0.0,0.0,0.5126932822719809,2.36769072108772,22.072024825543657,1.9088728711164549,-0.001240834805377,0.7746654313927773,OC(=O)C(C)CC(F)(F)C(F)(F)C(F)(F)F,fluoropolymer,含氟甲基丙烯酸酯_变体139,89.12529297567447,91.11391730459135,63.0821060848264,84.08125459582814,True
183.7720334083581,1.7513824541171203,37.8660572891143,0.0,0.0,2.0,0.0,1.0,10.0,2.3990818849337696,2.0,0.0,0.0,0.0,3.0,0.0,0.0,0.0,0.0,0.0,0.0,0.0,-0.3583249549099783,4.166090878802214,33.58166429708784,-0.2427308197319426,-0.0703511282574237,-0.3578747785978702,OC(=O)CCC(F)(F)F,fluoropolymer,含氟丙烯酸酯单体_变体140,74.55450979278024,82.99037415891368,51.35939161100759,80.78226512575357,False
320.4799069579457,3.313937419297277,0.1083415594821431,0.0,0.0,3.0,0.0,1.0,11.0,0.611516005884343,13.0,0.0,0.0,0.0,0.0,0.0,1.0,0.0,0.0,0.0,0.0,0.0,-0.5028006878447329,0.1800820919728834,8.924708484440368,2.480390640901088,-0.4637407238740685,0.8595203064209105,FC(F)(F)C(F)(F)C(F)(F)C(F)(F)C(F)(F)F,fluoropolymer,全氟戊烷_变体141,75.34864778200362,82.08802361782516,33.13943036310494,71.11066616406755,True
552.64787297865,4.763538209662024,-0.1052556682998704,0.0,0.0,7.0,0.0,0.0,19.0,1.0730477733678518,16.0,0.0,0.0,0.0,0.0,0.0,1.0,0.0,0.0,0.0,0.0,0.0,-0.4012135972114048,-0.5297527179226934,8.534944632345455,1.877798120764917,0.2168120881313471,0.0191970041193254,FC(F)(F)C(F)(F)C(F)(F)C(F)(F)C(F)(F)C(F)(F)C(F)(F)C(F)(F)F,fluoropolymer,全氟辛基链_变体142,86.12871800974789,82.44115159677364,31.64121606377028,76.93981367585182,True
261.6764114406699,2.9395119893965447,45.50009870429096,1.0,2.0,4.0,0.0,0.0,21.0,-0.0712664851976405,5.0,1.0,0.0,0.0,1.0,1.0,0.0,0.0,0.0,1.0,0.0,0.0,-0.5856080866886348,4.878790624742807,18.29844752412408,1.9269056260896693,0.9272342317314776,-0.1793365016708273,OC(=O)C(C)CC(F)(F)C(F)(F)C(F)(F)F,fluoropolymer,含氟甲基丙烯酸酯_变体143,94.35292326675382,92.44620746793647,57.83071186839869,87.29242082228488,False
129.5649265156866,0.7480055795187178,32.78776440629395,1.0,2.0,2.0,1.0,1.0,9.0,0.065133309434512,1.0,0.0,0.0,0.0,2.0,0.0,0.0,1.0,0.0,0.0,0.0,0.0,0.0912579982906778,5.832639216562249,35.6098831798185,3.1802205009741598,-0.5397993982224772,0.1092433530788242,OC(=O)c1ccc(F)cc1,fluoropolymer,对氟苯甲酸酯_变体144,71.94415553132708,79.4257206753044,55.58430663472241,76.50250837375816,True
289.72958795201504,6.526152557921865,-0.428084920330875,0.0,0.0,1.0,0.0,0.0,20.0,0.3742768422526654,11.0,3.0,0.0,0.0,0.0,0.0,1.0,0.0,0.0,0.0,0.0,0.0,-0.7218021310848824,-0.2414549197302588,9.834569952207014,2.153014831762595,0.5727822767645602,0.2634489618328968,FC(F)(F)C(F)(Cl)C(F)(F)C(F)(Cl)C(F)(F)F,fluoropolymer,PCTFE类_变体145,79.01009836523696,83.47158498997803,32.82260856481191,78.3673395031236,True
301.64482665840444,3.0404263583448468,0.12555329950076,0.0,0.0,2.0,0.0,0.0,18.0,0.6237697208229682,10.0,1.0,0.0,0.0,0.0,0.0,0.0,1.0,0.0,0.0,0.0,1.0,0.4345476431226621,-0.5227201331874034,6.63924721615935,2.7973013961073763,0.5239631492564362,0.2875303837752205,FC(F)(F)C(F)(F)C(F)(F)C(F)(F)C(F)(F)F,fluoropolymer,全氟戊烷_变体146,76.74173929922215,83.43415728318818,36.45209575625276,75.49657149321507,False
464.9805309525875,4.5872998196160175,0.0673537340514022,0.0,0.0,5.0,0.0,0.0,27.0,0.5767831169408543,20.0,0.0,0.0,0.0,0.0,0.0,1.0,1.0,0.0,0.0,0.0,0.0,0.1958882611734712,-0.3304303811134271,10.501384832045504,1.2626002904496212,0.7452196496283467,-0.2949888453763062,FC(F)(F)C(F)(F)C(F)(F)C(F)(F)C(F)(F)C(F)(F)C(F)(F)C(F)(F)F,fluoropolymer,全氟辛基链_变体147,83.23261519118215,80.00514421762524,45.08357803817748,73.45043234258175,True
302.2668794722686,5.058662488395371,42.43853211457325,1.0,2.0,2.0,0.0,0.0,20.0,1.5891266119149263,2.0,0.0,0.0,0.0,4.0,0.0,3.0,0.0,0.0,0.0,1.0,1.0,0.0661738497543734,3.486876147342488,19.350948527458183,2.7175586204222943,0.2918136535795883,0.1819629469148295,OC(=O)CC(F)(F)C(F)(F)F.[Si](C)(C)O[Si](C)(C)C,fluoropolymer,氟硅共聚物_变体148,89.80873054642595,96.96436633157504,65.31365122413891,93.18299245599316,False
285.7640894630387,3.8665904746020967,1.0747766318664047,1.0,0.0,0.0,0.0,0.0,14.0,0.4728658379482801,16.0,0.0,0.0,0.0,0.0,0.0,0.0,1.0,0.0,0.0,0.0,0.0,-0.1707883161091787,0.4335965309594696,8.120594803495697,2.8790972341901977,0.0702314183056903,-0.6642512645075618,FC(F)(F)C(F)(F)C(F)(F)C(F)(F)C(F)(F)F,fluoropolymer,全氟戊烷_变体149,80.48034896596063,81.15521284804876,26.46076513435004,74.0612258102279,True
74.53412795809261,1.2150998691354429,28.60441041863203,1.0,1.0,0.0,1.0,1.0,13.0,0.3432087502233648,1.0,0.0,0.0,0.0,2.0,0.0,0.0,0.0,1.0,0.0,0.0,1.0,0.1606881595407282,4.4948060574970405,39.293290695546816,1.542304236143503,0.4353520645436304,-0.220553122917715,OC(=O)c1ccc(F)cc1,fluoropolymer,对氟苯甲酸酯_变体150,76.91443325863838,78.46298430350048,59.206173803698576,73.35381749237953,False
98.73280618800422,3.6679720448235056,0.2744859585307335,0.0,0.0,0.0,0.0,0.0,4.0,0.5062192184147477,2.0,0.0,0.0,0.0,0.0,0.0,1.0,0.0,0.0,1.0,0.0,0.0,-0.3579003813707194,-0.1220699581546652,25.225749706152865,1.812503901444104,0.0191903036449484,-0.0142039311465821,FC(F)=C(F)F,fluoropolymer,PTFE单体单元_变体151,62.02066565510999,71.01769318100725,33.90518398581554,63.42202009980392,True
283.1051706299459,2.8033910600005387,33.07427100563402,1.0,0.0,1.0,1.0,1.0,16.0,-0.2268694403887252,7.0,0.0,0.0,0.0,1.0,0.0,0.0,0.0,0.0,0.0,0.0,0.0,-0.4480652339862564,3.0913749904041934,29.519463282155,0.7562550201383702,0.2444550952381532,0.5610575463882286,FC(F)(F)C(F)(F)c1ccc(CC(=O)O)cc1,fluoropolymer,含氟芳香聚氨酯前体_变体152,79.47583511700518,83.79908756425034,49.20320176864705,86.6491215254848,True
219.4275208971816,0.9138672736068124,47.89309836426534,3.0,3.0,8.0,0.0,0.0,19.0,0.5402819969185546,6.0,0.0,0.0,1.0,2.0,0.0,0.0,1.0,0.0,0.0,0.0,0.0,0.3607904475588266,3.996504797286527,27.88490702241788,2.139404397903476,-0.1945812557055143,1.2550582891106996,FC(F)(F)C(F)(F)CC(=O)NCCCCCCNC(=O),fluoropolymer,含氟聚氨酯_变体153,82.29028702978682,90.7549936871836,65.89200026103134,84.11639570112487,False
327.43540975415806,5.245585517554947,45.32083981613927,1.0,1.0,4.0,0.0,0.0,18.0,0.5554076595890705,4.0,1.0,1.0,1.0,3.0,0.0,1.0,0.0,0.0,1.0,1.0,0.0,-0.0208046554966621,4.22289646092889,14.533462860368576,1.8812780584253728,-0.464063544997031,-0.136166441015083,OC(=O)CC(F)(F)C(F)(F)F.[Si](C)(C)O[Si](C)(C)C,fluoropolymer,氟硅共聚物_变体154,87.71873007160232,98.0,72.79166955008614,91.45551206759136,False
146.74836238877378,2.491429937016722,-0.3343758567887725,0.0,0.0,0.0,0.0,1.0,4.0,0.0276312979395088,3.0,0.0,0.0,0.0,0.0,0.0,1.0,1.0,0.0,1.0,0.0,0.0,0.0285589202755874,0.1424126393118182,24.48510141675869,2.017492593745778,0.427204204098671,0.0647698196030235,FC(F)=C(F)F,fluoropolymer,PTFE单体单元_变体155,65.38579799799362,71.68850007613891,39.95241344619031,61.966622119133625,False
272.58202139311334,2.5912981424362376,37.85973894664557,2.0,0.0,4.0,1.0,2.0,15.0,0.3031152669206255,5.0,0.0,0.0,0.0,2.0,1.0,0.0,1.0,1.0,1.0,0.0,0.0,0.1277588783206874,2.8156823084923173,27.096676620913925,1.896627349904872,1.1800105172767228,-0.3627361244504005,FC(F)(F)C(F)(F)c1ccc(CC(=O)O)cc1,fluoropolymer,含氟芳香聚氨酯前体_变体156,84.38582604929451,92.2973436035452,62.57110176736526,81.03206508031134,False
273.61337540531645,0.4726257471988255,62.16131404644624,3.0,2.0,11.0,0.0,0.0,20.0,-0.4183449079322162,6.0,0.0,0.0,2.0,0.0,0.0,0.0,0.0,0.0,0.0,0.0,0.0,-0.2186037234739426,2.4585758318396342,23.578302047905844,2.484946748000149,0.9179714883082964,0.545175773382905,FC(F)(F)C(F)(F)CC(=O)NCCCCCCNC(=O),fluoropolymer,含氟聚氨酯_变体157,87.34194225902432,88.82484501124254,62.78346710407073,90.589974706614,True
506.2849470375394,7.315439378893381,0.3910556383254721,0.0,0.0,5.0,0.0,0.0,24.0,1.0818993158717254,26.0,0.0,0.0,0.0,0.0,0.0,1.0,0.0,0.0,0.0,0.0,0.0,0.7025850277976804,-0.1206713862015046,14.105683226159742,2.405768848115084,0.471152667895671,0.6829326675929949,FC(F)(F)C(F)(F)C(F)(F)C(F)(F)C(F)(F)C(F)(F)C(F)(F)C(F)(F)F,fluoropolymer,全氟辛基链_变体158,84.33936325082924,83.14324366875525,50.21347204348456,79.45731951163486,True
212.7352276600219,0.8007504603383899,36.48217161592415,1.0,2.0,2.0,0.0,0.0,10.0,0.4828547920766654,7.0,0.0,0.0,0.0,2.0,0.0,0.0,0.0,0.0,0.0,0.0,0.0,-0.7911115833732388,3.3889587498499414,22.368757636062416,2.5387793084889374,-0.2879258071656766,-0.190882082249445,OC(=O)C(F)(F)C(F)(F)C(F)(F)F,fluoropolymer,全氟丙烯酸酯_变体159,83.593319156118,92.66173864524906,54.224408385964445,85.56699238730647,True
300.5120099594838,4.209869138066058,-0.5488864089920913,0.0,0.0,2.0,0.0,1.0,17.0,1.29670533842866,10.0,0.0,0.0,0.0,0.0,0.0,0.0,0.0,0.0,0.0,0.0,0.0,0.845200254065209,0.7338191689303789,13.347396892441726,1.2322886830472817,0.3367044690255907,-0.2387620444689348,FC(F)(F)C(F)(Cl)C(F)(F)C(F)(Cl)C(F)(F)F,fluoropolymer,PCTFE类_变体160,78.809917008479,80.24420001479143,51.35662801085791,71.13498628165583,True
271.92272483512016,3.1818860636588084,32.50033801670913,0.0,2.0,3.0,1.0,1.0,15.0,-1.0379605799943008,5.0,1.0,0.0,0.0,2.0,0.0,0.0,0.0,0.0,0.0,1.0,1.0,-0.8545817775952279,3.9452105619837834,24.48062738072958,3.521358998964891,0.5672780933204624,0.1493045204373095,FC(F)(F)C(F)(F)c1ccc(CC(=O)O)cc1,fluoropolymer,含氟芳香聚氨酯前体_变体161,85.53975513695832,88.02528173415377,45.3569765356283,87.58840113257617,False
269.9254672490039,4.823720913504296,43.17223519983037,2.0,0.0,4.0,0.0,0.0,19.0,1.260817571167079,6.0,0.0,1.0,0.0,3.0,0.0,0.0,0.0,1.0,0.0,0.0,0.0,-0.5483785835146605,3.445153260591735,24.490564763828203,2.571266925843898,0.0772395521398444,-0.3385625227340779,OC(=O)C(C)CC(F)(F)C(F)(F)C(F)(F)F,fluoropolymer,含氟甲基丙烯酸酯_变体162,88.94997363296736,88.3579683789112,50.12040722763036,86.22742257122182,False
273.9642220874692,3.918192308046272,-0.2333794059757202,0.0,0.0,1.0,0.0,0.0,12.0,2.314683649870163,13.0,1.0,0.0,0.0,1.0,0.0,1.0,0.0,0.0,0.0,1.0,1.0,-0.5998626325451067,0.3494598425403944,9.180397512412934,2.581986816156081,-0.6689935173938238,-0.631384887849282,FC(F)(F)C(F)(Cl)C(F)(F)C(F)(Cl)C(F)(F)F,fluoropolymer,PCTFE类_变体163,77.58217677429408,84.56473313203907,34.437048608395514,76.72304377801638,False
146.07307724630442,2.512837903964262,42.31446239758017,2.0,2.0,1.0,1.0,0.0,9.0,0.6963274441420256,1.0,0.0,1.0,0.0,3.0,0.0,0.0,0.0,0.0,0.0,0.0,0.0,0.4869231286299096,4.155387152245397,47.52847440966728,1.1492695737574563,0.0140583797318021,-0.1479078807154865,OC(=O)c1ccc(F)cc1,fluoropolymer,对氟苯甲酸酯_变体164,66.19522030104775,79.10303458255585,50.93140930044271,71.88764608431123,False
123.25731960305386,1.811709728465424,36.41476621826408,2.0,1.0,2.0,0.0,1.0,10.0,1.1576707776284128,3.0,0.0,0.0,0.0,4.0,0.0,0.0,0.0,0.0,0.0,0.0,0.0,-0.325148496394345,5.220441511371122,31.600499106136883,2.3212510782805027,0.5099380046889954,1.676814063507288,OC(=O)CCC(F)(F)F,fluoropolymer,含氟丙烯酸酯单体_变体165,74.31364989662876,87.42038673940456,52.141745869609714,76.48612157482717,True
119.09037247641012,1.718114544708746,26.926905908038243,1.0,1.0,3.0,0.0,0.0,5.0,0.7708431216373421,4.0,0.0,0.0,1.0,2.0,0.0,0.0,0.0,0.0,0.0,0.0,0.0,0.0309416764435676,3.866128163490576,30.38917305717205,0.7710273451270355,0.735816283148268,0.0602883166766216,OC(=O)CCC(F)(F)F,fluoropolymer,含氟丙烯酸酯单体_变体166,77.8387551142829,90.61115176246342,50.34043063023876,79.00648674075248,True
248.32033343751303,2.351185325158489,33.15436749663712,1.0,1.0,2.0,1.0,0.0,15.0,1.253107896282453,5.0,0.0,0.0,1.0,2.0,0.0,0.0,0.0,0.0,0.0,0.0,0.0,0.7964755991044452,4.003088260741577,21.000881326278417,3.296348795503769,0.5484560419692242,-0.0946170786612229,OC(=O)C(F)(F)C(F)(F)C(F)(F)F,fluoropolymer,全氟丙烯酸酯_变体167,86.23228826619578,85.70682457004439,70.22151723323985,86.3118805681413,True
258.1267171413384,3.1089534940764687,28.699608614652227,2.0,1.0,4.0,0.0,1.0,13.0,0.0834588273595077,6.0,0.0,0.0,0.0,1.0,1.0,0.0,1.0,0.0,0.0,0.0,0.0,-0.3547155786642379,3.405838342759138,22.477474301934794,0.6584552317922316,-0.1159832492743075,-0.4927148403760626,FC(F)(F)C(F)(F)c1ccc(CC(=O)O)cc1,fluoropolymer,含氟芳香聚氨酯前体_变体168,84.36297102007961,86.43778707220261,52.15674461621609,85.48353012836048,False
345.3551196399568,5.332835515871139,-0.5012917948720246,0.0,0.0,2.0,0.0,1.0,20.0,1.2733796305632574,13.0,3.0,0.0,1.0,0.0,0.0,0.0,0.0,0.0,0.0,1.0,0.0,0.1824810903261317,1.0078631131155975,9.647905007946097,2.1160660814934684,1.1177966757885884,0.3187387359745522,FC(F)(F)C(F)(Cl)C(F)(F)C(F)(Cl)C(F)(F)F,fluoropolymer,PCTFE类_变体169,75.2541066585436,81.75440504035846,47.58312776072309,75.8746432212876,False
136.79135237202195,0.896652772482638,25.23674028792816,1.0,1.0,2.0,2.0,1.0,11.0,0.4131247113364117,1.0,0.0,0.0,0.0,2.0,0.0,0.0,0.0,0.0,0.0,1.0,1.0,0.0205481909666028,5.85656707841814,39.35090616692301,2.2798397289901557,-0.5678570639400277,0.7126546767826938,OC(=O)c1ccc(F)cc1,fluoropolymer,对氟苯甲酸酯_变体170,75.0462369506894,74.63386596050377,49.56046188898723,75.28433743565107,False
294.2722978668073,3.305630289403122,32.19701065847536,1.0,0.0,3.0,0.0,0.0,21.0,0.9017231544800324,5.0,0.0,1.0,0.0,3.0,0.0,0.0,1.0,0.0,0.0,0.0,0.0,0.9092419937679,2.4299081603075448,17.26331865704395,2.444657010561436,-0.4739858407439709,0.963541456259706,OC(=O)C(C)CC(F)(F)C(F)(F)C(F)(F)F,fluoropolymer,含氟甲基丙烯酸酯_变体171,94.20640832164744,91.09731361970113,58.75992066005137,85.83927294431815,False
223.7932309410391,1.3709887948600288,39.5202851419642,0.0,1.0,1.0,0.0,0.0,11.0,1.7379604893154146,7.0,0.0,0.0,0.0,3.0,0.0,0.0,0.0,0.0,0.0,1.0,0.0,-0.1962385188087084,3.6568939486849263,25.16355470407605,1.8012091441624871,-0.0924439135818979,-0.8346147362092158,OC(=O)C(F)(F)C(F)(F)C(F)(F)F,fluoropolymer,全氟丙烯酸酯_变体172,83.08100564193354,84.715697002316,60.580276095780086,88.91533901850543,True
246.01475376763025,1.464935220833222,0.9968452833726495,0.0,0.0,2.0,0.0,0.0,17.0,1.5231987176306154,12.0,0.0,0.0,0.0,0.0,0.0,0.0,0.0,0.0,0.0,1.0,0.0,-0.2897652887880413,-0.0302470201217595,7.791240310873762,1.031894091338858,0.3164625736705249,0.4951607645161662,FC(F)(F)C(F)(F)C(F)(F)C(F)(F)C(F)(F)F,fluoropolymer,全氟戊烷_变体173,78.16308478797987,75.96220873280319,38.51574281826259,79.36477441775021,True
219.9215936914778,3.619431974636122,39.21735890618008,1.0,1.0,3.0,0.0,0.0,18.0,0.0914116431889977,7.0,0.0,0.0,0.0,1.0,0.0,0.0,0.0,1.0,1.0,0.0,1.0,1.27173132982862,1.8841902520108973,24.584818771554108,1.9332249511942532,0.6297126065902809,0.2582497936114273,FC(F)(F)C(F)(F)c1ccc(CC(=O)O)cc1,fluoropolymer,含氟芳香聚氨酯前体_变体174,80.75229365451115,89.1989159404195,78.90500425690973,81.21338047545856,False
266.5886446548829,-0.2061212708453257,36.97351952943923,3.0,5.0,2.0,0.0,1.0,19.0,1.4199833475076735,5.0,0.0,0.0,1.0,3.0,0.0,1.0,0.0,1.0,0.0,0.0,0.0,0.0036813407117835,3.880590836950307,26.986626690381883,0.788231954436643,0.4297682529690307,0.6536249101368785,FC(F)(F)C(F)(F)C(=O)OCC(O)CO,fluoropolymer,含氟甘油酯_变体175,73.81589846335602,89.20700656034896,69.02647391279726,81.54203115309446,False
104.65713418449364,1.63143466060877,0.3574078787358405,0.0,0.0,0.0,0.0,0.0,7.0,-0.4534080232992146,5.0,0.0,0.0,0.0,1.0,0.0,0.0,0.0,0.0,0.0,0.0,0.0,-0.0276572793060762,0.213532328135855,29.279585338083177,2.034685770195144,0.3432627113613844,-0.2120349022215432,FC(F)=C(F)F,fluoropolymer,PTFE单体单元_变体176,69.53486647394779,72.74493168879006,34.77319918626568,54.89138291706389,True
262.2090642026276,3.934232742592932,-1.0097030643954008,0.0,1.0,2.0,0.0,0.0,21.0,0.8281910323188835,8.0,0.0,0.0,0.0,0.0,0.0,0.0,0.0,0.0,0.0,0.0,0.0,-0.3137214177382504,0.0365290960747812,6.752522835765541,1.666291087251025,0.3759798417593966,-0.5168674333540343,FC(F)(F)C(F)(F)C(F)(F)C(F)(F)C(F)(F)F,fluoropolymer,全氟戊烷_变体177,78.16343715306698,75.08378221596315,26.39048938848954,70.15481948092864,True
124.43796047262052,2.7589669518576088,34.79762415334712,1.0,2.0,2.0,0.0,0.0,10.0,0.6890763981853655,2.0,0.0,1.0,1.0,2.0,0.0,0.0,0.0,0.0,1.0,0.0,0.0,-0.266504124818233,5.295222872479654,35.90913889276809,1.1743307870647424,-1.2160861528401232,-0.0494837280023197,OC(=O)CCC(F)(F)F,fluoropolymer,含氟丙烯酸酯单体_变体178,75.96368787664125,80.14952399265844,54.31059503654842,83.32910856243056,False
144.4143557432422,1.186473423728864,41.11811932860679,1.0,1.0,1.0,1.0,0.0,10.0,0.2378938519904787,3.0,0.0,0.0,0.0,2.0,0.0,0.0,0.0,0.0,1.0,0.0,0.0,-0.05348573492924,7.466162813298695,22.282032300924428,2.03512910946747,-0.7787444390075744,-1.1146159487306933,OC(=O)CCC(F)(F)F,fluoropolymer,含氟丙烯酸酯单体_变体179,84.25137000889123,89.5056804680726,58.3257948997388,84.49680803960341,False
146.95998905236556,1.035388415236444,40.68353103358103,0.0,0.0,3.0,0.0,0.0,7.0,0.4774070626497804,2.0,0.0,0.0,1.0,2.0,0.0,0.0,0.0,0.0,0.0,0.0,0.0,-0.6580171299634289,4.11987528287522,37.34643216857683,2.867659899134497,0.8215942612173809,0.2276337026189018,OC(=O)CCC(F)(F)F,fluoropolymer,含氟丙烯酸酯单体_变体180,76.64044130240633,86.54326138565024,42.537184872617246,82.71295586953806,True
276.7189610614693,0.6579532940203279,57.19371383373724,2.0,2.0,13.0,0.0,0.0,16.0,1.3291628631620087,5.0,0.0,0.0,3.0,1.0,0.0,0.0,0.0,0.0,0.0,0.0,0.0,1.463635046236665,3.184076427595028,22.89784190066208,1.3646474128802408,0.2252143473963219,-0.049207769556215,FC(F)(F)C(F)(F)CC(=O)NCCCCCCNC(=O),fluoropolymer,含氟聚氨酯_变体181,84.88807569167649,85.90509806976921,67.10998358851234,79.23600321157404,False
120.1465369694529,4.065559984570958,0.169033456069825,0.0,0.0,0.0,1.0,0.0,6.0,0.6114878350641673,4.0,1.0,0.0,0.0,0.0,0.0,0.0,0.0,0.0,0.0,0.0,1.0,-0.1377734891978629,-0.2672873810117551,28.58901861036398,2.8622968446619788,0.5698646855953596,0.0833907222012486,FC(F)=C(F)F,fluoropolymer,PTFE单体单元_变体182,64.22275817723236,69.58600672797168,26.31077385350887,63.99551474218909,True
132.59269552766096,2.149785201897993,50.04815797380024,1.0,0.0,1.0,0.0,0.0,7.0,0.690066403243236,6.0,1.0,0.0,0.0,2.0,0.0,0.0,0.0,1.0,0.0,0.0,0.0,0.2529309549202966,5.331185209654977,21.230638081411605,1.116368985044821,0.0060237178337384,0.4716497126481047,OC(=O)C(F)(F)C(F)(F)C(F)(F)F,fluoropolymer,全氟丙烯酸酯_变体183,88.87165799358031,86.66264915105171,66.54413642717022,84.43904379308218,True
177.37177371925185,1.6420707112178137,33.22669177222546,2.0,2.0,3.0,0.0,0.0,10.0,0.457528219707438,1.0,0.0,1.0,0.0,2.0,0.0,0.0,0.0,0.0,0.0,0.0,0.0,0.1626332632191119,5.592541992498846,39.33765797963604,1.558970935602176,0.0201595353584314,0.516174101914567,OC(=O)CCC(F)(F)F,fluoropolymer,含氟丙烯酸酯单体_变体184,72.21664892520795,82.95208602290195,56.715118621227525,88.03060084081656,True
243.1522861420989,3.969878025502217,50.08483335830094,2.0,2.0,2.0,0.0,1.0,16.0,-0.0925124517363789,6.0,0.0,0.0,0.0,4.0,0.0,1.0,0.0,1.0,0.0,0.0,1.0,0.4728799267062202,4.401741659788851,17.072407684926926,2.3765445331361805,-0.5789853993485378,-0.1312048810261756,OC(=O)CC(F)(F)C(F)(F)F.[Si](C)(C)O[Si](C)(C)C,fluoropolymer,氟硅共聚物_变体185,93.1334324246812,98.0,74.37343534916153,92.12968048698156,False
231.57014695424053,2.144594981274643,31.215320204601017,1.0,2.0,2.0,1.0,0.0,14.0,0.0332030673319753,5.0,0.0,0.0,0.0,2.0,0.0,0.0,0.0,1.0,0.0,0.0,0.0,0.0998052092013914,4.433749521180923,22.366943483097124,1.2761201937204962,1.1755220681922496,0.2554975038999989,OC(=O)C(F)(F)C(F)(F)C(F)(F)F,fluoropolymer,全氟丙烯酸酯_变体186,84.87450757858693,93.94499887592788,64.99585587573421,87.98760153388885,False
142.82569622853543,1.002274566912985,43.06022156766211,1.0,0.0,2.0,0.0,1.0,9.0,0.1103071058552964,4.0,0.0,1.0,0.0,2.0,0.0,0.0,0.0,0.0,0.0,0.0,0.0,-0.5257956966405949,3.584039728917263,30.91210658712152,1.9860585125911767,0.4306249802710331,0.4959843078552296,OC(=O)CCC(F)(F)F,fluoropolymer,含氟丙烯酸酯单体_变体187,83.42000363607747,84.2335769723251,47.64489875588522,79.34692600692841,True
412.4864703079096,6.706916871698116,58.03594251889356,1.0,4.0,5.0,0.0,0.0,22.0,1.4119931874482627,4.0,0.0,0.0,0.0,4.0,0.0,1.0,1.0,0.0,1.0,0.0,1.0,-0.2222166464614584,3.095606372550616,17.549454428077627,0.8017662959181878,0.2108391597098543,0.984838951995185,OC(=O)CC(F)(F)C(F)(F)F.[Si](C)(C)O[Si](C)(C)C,fluoropolymer,氟硅共聚物_变体188,87.83477124445726,95.00858310413568,61.71485226056039,91.95190888516858,False
228.40516070334905,1.273715756172901,39.576466419726096,0.0,1.0,2.0,0.0,0.0,13.0,0.3670345219296329,6.0,1.0,0.0,0.0,2.0,0.0,0.0,0.0,0.0,1.0,0.0,1.0,0.240523000053307,2.40598013807171,21.635717233635017,1.6976752658093148,-0.2387807704576331,0.1158785053280351,OC(=O)C(F)(F)C(F)(F)C(F)(F)F,fluoropolymer,全氟丙烯酸酯_变体189,85.21789114699624,88.16593838916742,76.23907633941224,89.43289757332607,False
260.12557054868483,3.364976010201532,35.503297351167944,1.0,1.0,3.0,0.0,0.0,17.0,1.132032091812712,5.0,1.0,1.0,0.0,2.0,0.0,0.0,0.0,1.0,0.0,0.0,0.0,-0.7063092524663466,3.602042473952768,14.461622477181775,2.626026456256942,-0.3153291350180983,-0.6982814892783759,OC(=O)C(C)CC(F)(F)C(F)(F)C(F)(F)F,fluoropolymer,含氟甲基丙烯酸酯_变体190,91.27218787254972,98.0,50.074492481661785,94.95861713002996,False
242.35892584562384,0.3442081218589125,56.40541612694193,2.0,5.0,3.0,1.0,0.0,12.0,-0.1224307383707546,7.0,0.0,0.0,0.0,4.0,1.0,0.0,0.0,1.0,1.0,0.0,0.0,0.2314687023472046,6.122564320988433,38.13553657803336,2.187726313900867,0.655532703754853,0.364730001978299,FC(F)(F)C(F)(F)C(=O)OCC(O)CO,fluoropolymer,含氟甘油酯_变体191,67.33506527280392,77.1685471087172,62.375175626247945,77.31148145476197,False
142.78824260556814,1.0311001804574775,30.53353299608528,1.0,0.0,1.0,0.0,0.0,10.0,0.2598413039839153,3.0,0.0,0.0,0.0,2.0,1.0,0.0,0.0,1.0,0.0,0.0,0.0,-0.9399638873418192,6.835702884285418,25.38713864801785,1.5987304606489676,0.1913787429521722,0.1999790989766751,OC(=O)CCC(F)(F)F,fluoropolymer,含氟丙烯酸酯单体_变体192,84.17395885134245,83.0427218278797,53.51016654167268,86.30558556891523,False
329.7529314948424,4.782138192726411,61.89928512889258,1.0,3.0,3.0,1.0,0.0,17.0,1.2439688179554462,3.0,0.0,0.0,0.0,4.0,0.0,2.0,0.0,0.0,0.0,0.0,0.0,0.0965040951660234,4.186726570509714,15.126762908897849,0.5352592787953554,-0.139753735737355,0.8305341407965772,OC(=O)CC(F)(F)C(F)(F)F.[Si](C)(C)O[Si](C)(C)C,fluoropolymer,氟硅共聚物_变体193,96.06815487206909,97.8852589299236,67.04414706041338,85.85589750677417,True
330.2324438068248,5.7718334625165735,-0.1504690345474591,1.0,1.0,2.0,0.0,0.0,14.0,0.2638416281769082,10.0,0.0,0.0,0.0,0.0,0.0,0.0,0.0,0.0,0.0,0.0,0.0,-0.5830329379688978,0.2967144444242686,11.254582402570929,2.8426886373014213,-0.4402597538282926,-0.2404636533554934,FC(F)(F)C(F)(F)C(F)(F)C(F)(F)C(F)(F)F,fluoropolymer,全氟戊烷_变体194,77.5641950139837,78.99204740853484,31.45331855554231,73.61742394168053,True
359.699870793403,3.638985666584794,-0.7739562213679253,0.0,0.0,3.0,0.0,0.0,16.0,1.4359834865313772,9.0,2.0,0.0,0.0,1.0,0.0,0.0,0.0,0.0,0.0,0.0,0.0,-0.4405091744776669,0.1938675009672449,11.137695218936868,2.164212712669044,0.6695983665538641,1.0341444254209378,FC(F)(F)C(F)(Cl)C(F)(F)C(F)(Cl)C(F)(F)F,fluoropolymer,PCTFE类_变体195,79.26697821862876,84.76046046309635,30.07380043989489,71.10012119224922,True
335.85916159792464,3.9038230566995873,-0.3081827145911701,0.0,0.0,3.0,1.0,0.0,20.0,0.2981259909994441,14.0,1.0,0.0,0.0,0.0,1.0,0.0,1.0,0.0,0.0,0.0,0.0,-0.7130568585715523,-0.236426396489023,12.391952924967407,1.6866089657946224,0.1561861504135588,-0.7737110641845756,FC(F)(F)C(F)(Cl)C(F)(F)C(F)(Cl)C(F)(F)F,fluoropolymer,PCTFE类_变体196,76.69129271451406,86.41233672290743,25.73891368657672,75.93365123349827,False
430.4672723377849,6.03955833053434,0.3454554786960964,0.0,0.0,5.0,0.0,0.0,25.0,0.89269763274802,18.0,0.0,0.0,1.0,0.0,0.0,1.0,0.0,0.0,0.0,0.0,0.0,1.0729124625382442,-0.7724679610767002,6.036071028522573,0.7231427564632069,0.5966977957562589,0.5623883599929063,FC(F)(F)C(F)(F)C(F)(F)C(F)(F)C(F)(F)C(F)(F)C(F)(F)C(F)(F)F,fluoropolymer,全氟辛基链_变体197,81.94419809480318,87.63520880059417,56.2901459354304,83.0512179347327,True
97.52453737847168,1.4159284086518202,35.05885432170258,1.0,1.0,1.0,1.0,1.0,14.0,-0.6927046959090647,1.0,0.0,0.0,0.0,3.0,0.0,0.0,0.0,1.0,0.0,0.0,1.0,-0.4851919908756266,7.285566315205345,41.9855776510305,1.5879443478691266,-0.1991705524185502,-0.0781508018516135,OC(=O)c1ccc(F)cc1,fluoropolymer,对氟苯甲酸酯_变体198,64.00651853252349,77.98718418680045,46.63229207825232,75.79398066898476,False
435.4616440866263,5.764673966978413,-0.1524647595397824,0.0,1.0,6.0,0.0,1.0,24.0,1.2087488001149564,21.0,0.0,0.0,1.0,0.0,0.0,0.0,0.0,1.0,0.0,0.0,0.0,-0.2959376962066016,0.6207800153685455,11.53099661727784,0.9982888438222308,0.1752892602943303,-0.0334082359030028,FC(F)(F)C(F)(F)C(F)(F)C(F)(F)C(F)(F)C(F)(F)C(F)(F)C(F)(F)F,fluoropolymer,全氟辛基链_变体199,81.68278000006596,81.57688799566476,46.43184548453168,76.03668318295857,False
308.76468245687,2.4917466614939245,33.4682548443469,0.0,0.0,3.0,0.0,0.0,12.0,0.6804111733079925,8.0,0.0,0.0,0.0,1.0,0.0,0.0,0.0,0.0,0.0,0.0,0.0,-0.1364222731700653,3.681255960797077,15.407903888849942,1.4321311167790538,-0.6913409321160271,-0.3959757298126438,OC(=O)C(C)CC(F)(F)C(F)(F)C(F)(F)F,fluoropolymer,含氟甲基丙烯酸酯_变体200,87.25010206737038,97.82475948099936,51.84272987329378,90.25015588757886,True
247.51449165432837,2.068220573266577,35.1337675732308,2.0,1.0,5.0,0.0,0.0,17.0,1.1685003631518271,6.0,0.0,0.0,0.0,2.0,0.0,0.0,0.0,0.0,0.0,0.0,0.0,-0.3624939195783996,2.4892452378036807,13.697353810322038,1.6263342489759394,0.6867300546316345,-0.5339726520708445,OC(=O)C(C)CC(F)(F)C(F)(F)C(F)(F)F,fluoropolymer,含氟甲基丙烯酸酯_变体201,90.61520335827494,98.0,48.12761735217293,94.582463912105,True
240.06645755345815,2.0418267781027617,29.567322401140856,2.0,1.0,2.0,0.0,0.0,14.0,0.323687651019417,9.0,0.0,0.0,1.0,2.0,1.0,0.0,1.0,0.0,0.0,0.0,0.0,-0.0986838035047446,4.5068377440705785,22.446673846213397,1.968809604933746,-0.1639325322357434,0.2596258420942584,OC(=O)C(F)(F)C(F)(F)C(F)(F)F,fluoropolymer,全氟丙烯酸酯_变体202,87.00840819401989,89.03864745055608,58.50010607700074,90.00129007873213,False
277.2776457105116,4.4510216614047735,46.4009659632219,1.0,1.0,4.0,0.0,0.0,21.0,1.3035935280345117,5.0,0.0,0.0,0.0,2.0,0.0,2.0,0.0,0.0,0.0,1.0,1.0,0.4466466561238903,3.3640348461417693,14.181886326143095,0.9886555791050792,-0.930038609280916,0.8390277925156313,OC(=O)CC(F)(F)C(F)(F)F.[Si](C)(C)O[Si](C)(C)C,fluoropolymer,氟硅共聚物_变体203,90.95771842950552,96.72720818947316,75.70094277180121,88.40155323082844,False
144.8120649255386,2.462946558653934,36.48934571584626,0.0,2.0,1.0,1.0,2.0,9.0,-0.5039339566110651,1.0,0.0,0.0,0.0,2.0,0.0,1.0,0.0,1.0,0.0,0.0,0.0,-0.1078935631641098,3.610271022218743,44.93309027169913,1.8467144189798452,-0.8115391860556844,0.9039280085973864,OC(=O)c1ccc(F)cc1,fluoropolymer,对氟苯甲酸酯_变体204,66.52056081671256,74.20329221347347,46.85951402023901,79.24289737828123,False
362.6598075188736,2.5052150684936354,0.9446613109902732,0.0,0.0,3.0,0.0,0.0,15.0,1.3559811333048644,10.0,1.0,0.0,0.0,0.0,1.0,0.0,0.0,0.0,0.0,0.0,0.0,-0.3516877027471592,-0.0617094285240728,10.008523334438175,1.8875937529028732,0.4613933218040937,0.3826769197080249,FC(F)(F)C(F)(Cl)C(F)(F)C(F)(Cl)C(F)(F)F,fluoropolymer,PCTFE类_变体205,76.73886482868231,82.4959471189721,31.733628839647224,78.6630202979992,True
124.09282120426904,0.8816688091266628,32.99614610872568,1.0,1.0,2.0,0.0,0.0,8.0,-0.2272849383111144,3.0,0.0,0.0,0.0,2.0,0.0,0.0,0.0,0.0,1.0,0.0,1.0,0.1733488142508318,4.170254998593959,34.773185136674755,1.892027209151072,0.2360618973193456,-0.2823270184982903,OC(=O)CCC(F)(F)F,fluoropolymer,含氟丙烯酸酯单体_变体206,78.51274483418204,83.7292013550324,62.65851913124465,80.81282493452218,True
366.48525941982746,3.0782775600645653,52.994145793353454,0.0,1.0,3.0,0.0,0.0,20.0,1.3339068879384492,5.0,0.0,0.0,0.0,4.0,0.0,2.0,0.0,0.0,0.0,0.0,0.0,0.3575871950640292,3.185807954154212,17.428545966993575,1.2157286117400024,-0.1703043072783058,-0.3267185770288112,OC(=O)CC(F)(F)C(F)(F)F.[Si](C)(C)O[Si](C)(C)C,fluoropolymer,氟硅共聚物_变体207,86.51941332457109,94.94313353897196,67.46845376371144,90.1627018957832,True
321.8837695501915,4.214379466524133,-0.43580109907865,0.0,1.0,3.0,0.0,1.0,17.0,1.5197475569365586,12.0,1.0,0.0,0.0,1.0,0.0,0.0,0.0,0.0,1.0,0.0,0.0,0.0202822740476801,-0.1713553107399489,10.419945243049265,3.1189659346908947,-0.3408451809418093,-0.2010407375620368,FC(F)(F)C(F)(F)C(F)(F)C(F)(F)C(F)(F)F,fluoropolymer,全氟戊烷_变体208,77.06349746077495,83.83481994036731,41.096032098685626,75.3244621137208,False
158.4534889605991,2.6751281781889764,40.384281633406125,1.0,1.0,2.0,0.0,0.0,11.0,0.2167397184549593,6.0,1.0,0.0,0.0,2.0,0.0,0.0,0.0,0.0,0.0,0.0,0.0,-0.440577572451037,2.14368901008283,16.04877773031107,2.744494960844043,-0.2045757233854895,-0.0764520089984006,OC(=O)C(F)(F)C(F)(F)C(F)(F)F,fluoropolymer,全氟丙烯酸酯_变体209,86.47577338590192,92.6299200380927,55.078520972783366,87.22472421739782,True
574.7194738442814,6.142302087550998,0.4098698586290474,0.0,0.0,7.0,0.0,0.0,35.0,1.1833222424860723,23.0,0.0,0.0,0.0,0.0,0.0,0.0,0.0,0.0,0.0,0.0,0.0,0.6009658347697716,0.0043942213160359,10.115728094853512,1.6915097828890069,0.4855720231321243,-0.2105994083064566,FC(F)(F)C(F)(F)C(F)(F)C(F)(F)C(F)(F)C(F)(F)C(F)(F)C(F)(F)F,fluoropolymer,全氟辛基链_变体210,84.37143008416744,80.55726133991058,41.61399332878494,78.52756183692345,True
305.4722884742844,4.056028173915208,0.1202181576018047,1.0,0.0,3.0,0.0,0.0,13.0,-0.1944115309749694,17.0,1.0,0.0,0.0,0.0,0.0,1.0,0.0,0.0,0.0,0.0,0.0,-0.1136200323874453,0.4287719535783453,9.959065228922697,2.4554919357649427,0.3316359310775427,-0.513492812695984,FC(F)(F)C(F)(F)C(F)(F)C(F)(F)C(F)(F)F,fluoropolymer,全氟戊烷_变体211,77.72453201867582,76.4408919613139,31.816157030184726,72.663639984679,True
220.78881839330225,2.567935811728465,39.08792888804646,2.0,1.0,3.0,0.0,2.0,12.0,0.7351206272952818,5.0,0.0,0.0,0.0,1.0,0.0,0.0,0.0,0.0,0.0,0.0,1.0,0.3703781892515536,2.9288068394564823,21.938772547038305,3.150798495504256,-0.230638943247947,-0.3336245717958539,FC(F)(F)C(F)(F)c1ccc(CC(=O)O)cc1,fluoropolymer,含氟芳香聚氨酯前体_变体212,89.610590633702,90.3165165093968,52.650385145655086,85.93542533000753,False
330.3425370304142,6.1567326838705885,52.529789994766936,1.0,3.0,5.0,0.0,0.0,21.0,1.489584453061596,6.0,0.0,1.0,1.0,4.0,0.0,1.0,0.0,0.0,1.0,0.0,0.0,-0.0971104572324182,2.253851029811255,14.898916059639754,0.7865597199485286,-0.3913909506001927,-0.2466116872517889,OC(=O)CC(F)(F)C(F)(F)F.[Si](C)(C)O[Si](C)(C)C,fluoropolymer,氟硅共聚物_变体213,97.14023966126348,98.0,69.08466880664383,92.9279569097342,False
80.72184660517783,2.350254504242677,-0.3537761426470531,0.0,0.0,0.0,0.0,0.0,7.0,0.0275014680166873,4.0,0.0,0.0,0.0,0.0,0.0,0.0,0.0,0.0,1.0,0.0,1.0,0.5343961606971461,-0.6429998532582468,22.05902484493632,4.048402367484547,0.9133421377022438,-0.015759256664052,FC(F)=C(F)F,fluoropolymer,PTFE单体单元_变体214,67.24260689678388,69.2838508531839,44.07337246377282,60.73074684435169,False
61.44750096624759,1.4670788664480097,40.14079987171052,1.0,0.0,2.0,0.0,0.0,7.0,1.3396611588390677,3.0,0.0,0.0,0.0,1.0,0.0,0.0,0.0,0.0,0.0,0.0,1.0,-0.7845968495042329,4.727530968259137,23.78068251060815,2.703185387339146,-0.0777907617478993,-0.3413343606477045,OC(=O)CCC(F)(F)F,fluoropolymer,含氟丙烯酸酯单体_变体215,84.66480162348098,81.61193496553993,48.27756760551362,87.81966281243079,True
124.78489643535076,1.4739721427970018,0.3454626460650042,0.0,0.0,0.0,0.0,0.0,6.0,-0.2967103050889616,4.0,0.0,0.0,0.0,0.0,1.0,0.0,0.0,0.0,1.0,0.0,0.0,0.0591555740583347,-0.3467704447310926,27.521504701328613,3.897282864134216,0.1811964077755256,0.1316229608632907,FC(F)=C(F)F,fluoropolymer,PTFE单体单元_变体216,61.58553297060806,74.11901958252744,45.34768654377526,63.80158971708245,False
307.4615259878313,3.796215943389352,35.67675867987034,1.0,1.0,4.0,1.0,1.0,11.0,0.6663348076107564,3.0,0.0,0.0,0.0,2.0,0.0,0.0,0.0,0.0,0.0,0.0,0.0,-0.457294290196772,2.380291612814287,26.132109357902596,0.4690248108071837,0.3881495791861574,0.5131028128303128,FC(F)(F)C(F)(F)c1ccc(CC(=O)O)cc1,fluoropolymer,含氟芳香聚氨酯前体_变体217,78.43296315301399,87.60208741198392,53.39769636406087,86.63985208582267,True
217.94358860695007,0.0971130427159273,78.7184248604704,2.0,4.0,3.0,0.0,0.0,11.0,0.500909739402503,6.0,0.0,1.0,1.0,2.0,0.0,0.0,0.0,0.0,0.0,0.0,0.0,0.3989876272909526,5.1646031489871245,29.43911553569081,1.8468148929022743,-0.5750791813061802,-0.3559988724728158,FC(F)(F)C(F)(F)C(=O)OCC(O)CO,fluoropolymer,含氟甘油酯_变体218,80.68382563916488,85.42133025822876,62.190072439123234,81.64224004580032,False
256.70767436157985,-0.505027754943152,70.81479720633372,2.0,5.0,5.0,0.0,0.0,19.0,-0.5324846802806852,6.0,1.0,0.0,0.0,5.0,0.0,1.0,1.0,0.0,0.0,0.0,0.0,1.1092200176515192,4.713016108889137,36.53965060868351,1.199835811526307,0.3307890767180643,0.7485315851087881,FC(F)(F)C(F)(F)C(=O)OCC(O)CO,fluoropolymer,含氟甘油酯_变体219,65.24847441705894,84.11775865077495,70.63047894071273,81.82575007781618,False
101.18555158136292,1.2601254517314535,29.592353726525765,1.0,2.0,2.0,1.0,0.0,7.0,0.1209529522101794,3.0,1.0,0.0,0.0,1.0,0.0,0.0,0.0,0.0,1.0,0.0,0.0,0.548271397987607,2.50448297604599,21.64323685140485,1.2317410719754809,-0.4130287958843465,0.9667669504256794,OC(=O)CCC(F)(F)F,fluoropolymer,含氟丙烯酸酯单体_变体220,83.16491241404648,93.08486113536205,63.21104406553226,85.95996805161046,False
329.05907420039614,5.579296643545669,-0.9185443185739312,0.0,1.0,1.0,2.0,0.0,18.0,0.9847940707857336,12.0,0.0,0.0,0.0,0.0,1.0,0.0,0.0,0.0,0.0,0.0,0.0,-0.2765178627591713,0.4010166782934,9.615200827153538,2.445705341503285,-0.1374285399260578,0.3318512179688364,FC(F)(F)C(F)(F)C(F)(F)C(F)(F)C(F)(F)F,fluoropolymer,全氟戊烷_变体221,74.75609189907522,81.26242630872898,36.15735143284802,74.01705372359172,False
354.33644475498323,5.432431131525867,-0.4383485428096464,0.0,0.0,0.0,1.0,0.0,14.0,0.7380071857761306,11.0,2.0,0.0,0.0,0.0,0.0,1.0,0.0,1.0,0.0,0.0,0.0,-0.0842098560144405,0.3018228694803693,12.749222535153107,2.245586593062939,0.6936740797748351,-0.4823948688148428,FC(F)(F)C(F)(Cl)C(F)(F)C(F)(Cl)C(F)(F)F,fluoropolymer,PCTFE类_变体222,76.88149720598135,80.72740338331576,43.415679803355005,72.59835808391583,False
157.31672294479296,1.8635348296528749,42.961352090715465,1.0,2.0,4.0,1.0,0.0,9.0,0.9501970991028408,5.0,0.0,0.0,0.0,3.0,0.0,1.0,0.0,0.0,0.0,1.0,0.0,0.7252752326778701,3.215340929852672,22.60754304734711,1.821580327414556,1.2777174707146732,0.5938902051557724,OC(=O)C(F)(F)C(F)(F)C(F)(F)F,fluoropolymer,全氟丙烯酸酯_变体223,81.84611308377282,96.514775186485,67.32003329334916,86.75882496449547,False
419.52699804781537,6.993052358974557,-0.5604235767827849,0.0,0.0,2.0,1.0,1.0,19.0,0.873783170779138,13.0,3.0,0.0,0.0,0.0,0.0,0.0,0.0,0.0,0.0,0.0,0.0,-0.3103668733012782,-0.3473907373675827,10.583760052232632,3.0538203130563986,0.0794029845295889,-0.0381654000203844,FC(F)(F)C(F)(Cl)C(F)(F)C(F)(Cl)C(F)(F)F,fluoropolymer,PCTFE类_变体224,76.40345989574358,83.09728654373482,39.65767662942469,77.43725529485714,True
360.86442268858656,5.680579702753016,45.90853337314486,1.0,2.0,7.0,1.0,0.0,20.0,1.7497773684865991,5.0,0.0,0.0,0.0,3.0,0.0,1.0,0.0,0.0,0.0,1.0,0.0,-0.52735222748296,3.169931130400208,17.121854071157305,1.6343391125319284,-0.3035246322749041,0.8743440871741177,OC(=O)CC(F)(F)C(F)(F)F.[Si](C)(C)O[Si](C)(C)C,fluoropolymer,氟硅共聚物_变体225,97.83982385194612,97.03382629063206,66.72531940590767,89.19395256677703,False
82.33835544956636,2.025063929117544,-0.1531788548891884,0.0,0.0,0.0,1.0,0.0,8.0,-0.3549871121836289,4.0,0.0,0.0,0.0,0.0,0.0,0.0,1.0,0.0,0.0,0.0,0.0,0.2777091839089597,0.0404217903896511,22.164985126365064,1.4473792568782915,0.5983142937561555,0.3868186666278708,FC(F)=C(F)F,fluoropolymer,PTFE单体单元_变体226,62.41255271349107,73.74237883856844,40.01220559414694,63.011996828231496,True
518.971051175821,8.153399276028063,1.1217958618840236,0.0,1.0,4.0,1.0,0.0,26.0,1.012074364355933,15.0,0.0,0.0,0.0,0.0,1.0,0.0,0.0,0.0,0.0,0.0,1.0,0.1044772260665768,0.4133237232685363,12.990248820392951,1.871323675499517,0.0510031251769806,0.2360441753153162,FC(F)(F)C(F)(F)C(F)(F)C(F)(F)C(F)(F)C(F)(F)C(F)(F)C(F)(F)F,fluoropolymer,全氟辛基链_变体227,81.95493290815803,78.60697520579319,42.227674765748766,75.60088112555253,False
88.23747291149814,2.521021155057779,0.5297827863116986,0.0,1.0,0.0,1.0,0.0,4.0,-0.2527448777222555,4.0,0.0,0.0,0.0,0.0,1.0,0.0,0.0,0.0,0.0,0.0,0.0,-0.1563385848266379,-0.397994455004377,25.880165696820985,2.2513035971605326,-0.12946385388654,0.1571693415657152,FC(F)=C(F)F,fluoropolymer,PTFE单体单元_变体228,65.87736755269076,72.14747201508214,35.56779402708954,61.969972546390274,True
250.00101960444547,2.9987767400115053,33.6472120107291,1.0,0.0,6.0,0.0,0.0,24.0,0.662726452295662,8.0,0.0,0.0,1.0,2.0,1.0,0.0,0.0,1.0,0.0,0.0,0.0,0.4832980405674751,2.072339719393901,15.48276898467352,2.01056149181079,-1.1500761771666896,0.4419960466174432,OC(=O)C(C)CC(F)(F)C(F)(F)C(F)(F)F,fluoropolymer,含氟甲基丙烯酸酯_变体229,91.8894480978871,93.748481730223,64.7845077714346,89.49720659059875,False
206.6960491125577,2.996293471736798,44.382436957533024,2.0,1.0,2.0,1.0,1.0,18.0,-0.6348304435118848,6.0,0.0,1.0,1.0,2.0,0.0,0.0,0.0,0.0,1.0,0.0,0.0,0.2972630634839806,1.9640129843049832,19.850136023031283,1.4407402594428955,0.7378164968258041,-0.3719029394213271,FC(F)(F)C(F)(F)c1ccc(CC(=O)O)cc1,fluoropolymer,含氟芳香聚氨酯前体_变体230,83.11145286389834,92.67249697170692,58.96443413630038,85.40557646681475,False
302.80293236260286,4.893626998219582,38.95946796720168,1.0,1.0,1.0,1.0,1.0,20.0,0.583135419712161,5.0,0.0,0.0,0.0,1.0,0.0,0.0,0.0,0.0,0.0,1.0,0.0,0.426696719429438,1.2681367568175654,19.21361162185544,3.746375416885949,0.0774262825516373,-0.2348549860508678,FC(F)(F)C(F)(F)c1ccc(CC(=O)O)cc1,fluoropolymer,含氟芳香聚氨酯前体_变体231,89.20147031506924,94.96667022192965,59.53384396189749,87.57130687226979,True
387.2621700831205,4.076251170038178,0.5249056197433504,0.0,0.0,2.0,1.0,1.0,24.0,0.5479319620866847,12.0,0.0,0.0,0.0,0.0,0.0,0.0,0.0,0.0,0.0,0.0,0.0,0.2645349175863702,-0.005308010441257,8.948939279789807,2.603639275668806,-0.2049325041355313,-1.0884754861469723,FC(F)(F)C(F)(F)C(F)(F)C(F)(F)C(F)(F)F,fluoropolymer,全氟戊烷_变体232,82.02525932622254,78.9358378610161,34.76953246044264,70.67170703312891,True
376.60894828927104,3.032400227168163,-0.6250127663920245,0.0,0.0,1.0,0.0,0.0,17.0,0.6637140570575486,15.0,1.0,1.0,0.0,1.0,0.0,0.0,0.0,0.0,0.0,1.0,0.0,-0.0048493310913041,0.4958235842072848,9.281002446709165,2.9073243166258207,0.0130698746460094,-0.2625792653491303,FC(F)(F)C(F)(F)C(F)(F)C(F)(F)C(F)(F)F,fluoropolymer,全氟戊烷_变体233,81.61035951546913,78.48633781289605,37.051890561787786,70.02906161183533,False
246.0286416194195,1.8597996531879435,37.41630071292712,1.0,2.0,4.0,0.0,1.0,18.0,0.2934562713230639,6.0,0.0,0.0,0.0,1.0,0.0,0.0,0.0,0.0,0.0,0.0,1.0,-0.5770199396605236,0.7803705543835595,15.611044549236436,2.7256795143593897,-0.7622355637716863,-0.1716978385534048,OC(=O)C(C)CC(F)(F)C(F)(F)C(F)(F)F,fluoropolymer,含氟甲基丙烯酸酯_变体234,93.21320984981728,94.58029655054236,54.74462748679605,83.71200018488057,False
115.42771984119422,2.194441022868705,-0.0644386893443767,0.0,0.0,0.0,0.0,0.0,5.0,-0.3187437174125058,4.0,0.0,0.0,0.0,0.0,0.0,1.0,0.0,0.0,1.0,0.0,0.0,-0.4011359169672602,-0.2523168711446172,23.357719406073663,1.4145141532672914,1.4032046786188257,0.4222279360358328,FC(F)=C(F)F,fluoropolymer,PTFE单体单元_变体235,69.1263538823218,72.13289269808003,26.56361367671957,63.67755808914782,False
359.4069296499175,0.6542240868467868,73.00011925875503,1.0,3.0,6.0,1.0,0.0,17.0,1.9796427639052463,4.0,0.0,1.0,2.0,0.0,0.0,0.0,0.0,0.0,0.0,0.0,0.0,0.1559218160159503,3.450886338971569,32.10874619659624,1.2285546312482336,0.1738144810083792,0.1443728084921116,FC(F)(F)C(F)(F)CC(=O)NCCCCCCNC(=O),fluoropolymer,含氟聚氨酯_变体236,75.40158428099991,85.33797450699623,54.31148954062319,80.53654246069732,False
281.16314926834445,2.094243626080759,33.80864671877721,2.0,0.0,2.0,0.0,1.0,16.0,0.6411539088688512,5.0,0.0,0.0,0.0,1.0,0.0,0.0,0.0,1.0,0.0,0.0,0.0,-0.2803972346199875,2.324939632013659,23.218219238831438,3.746489361400165,0.5565179536566327,0.5363305611791223,FC(F)(F)C(F)(F)c1ccc(CC(=O)O)cc1,fluoropolymer,含氟芳香聚氨酯前体_变体237,88.71445339100902,92.4203111846934,49.670405213259976,88.19668132077396,False
168.7002634853156,0.6666197959988993,40.89813995730173,1.0,1.0,2.0,2.0,1.0,11.0,0.0205676586060639,1.0,0.0,0.0,0.0,3.0,1.0,0.0,1.0,0.0,0.0,1.0,0.0,-0.4052488709918893,4.35547022079397,38.36072925449506,4.063708831435339,-0.7344529094416808,0.253128241350348,OC(=O)c1ccc(F)cc1,fluoropolymer,对氟苯甲酸酯_变体238,71.05541892546144,77.28614301289764,50.62438352316664,74.36519075810425,False
185.58883774657275,-1.9233424316220384,107.88257300480709,4.0,4.0,1.0,1.0,0.0,10.0,0.8537192909601836,0.0,0.0,0.0,0.0,7.0,0.0,1.0,0.0,0.0,1.0,0.0,0.0,0.4050136192530582,12.405844000528814,46.58537332018002,2.0393089320410582,-0.4351997149793227,1.967405705317588,OC(=O)C(O)C(O)C(=O)O,hydrogel,酒石酸_变体239,50.98543300943278,37.47153896086652,74.3070424953449,49.66418675633562,False
133.50282935046891,-2.0372667669188047,93.0406834983406,4.0,4.0,3.0,0.0,1.0,11.0,-0.0241182319892012,0.0,0.0,0.0,0.0,6.0,0.0,1.0,0.0,1.0,0.0,1.0,0.0,-0.4117613084284885,13.255989884082078,30.542728239459883,2.484514062193832,0.1431902002282628,0.4438138797824128,OC(=O)C(O)CC(=O)O,hydrogel,柠檬酸(交联剂)_变体240,67.48673459349698,49.89547848899563,70.30970640484541,57.22413126480247,False
118.54218154120214,-1.1447638990871645,102.56303527711692,5.0,5.0,5.0,0.0,0.0,5.0,0.4299804521514261,0.0,0.0,1.0,0.0,7.0,0.0,0.0,0.0,0.0,0.0,0.0,0.0,-0.316622079802094,12.733158612677109,51.99094349924886,2.4621355092795296,0.0857716918214004,0.8661282801661585,OC(=O)C(O)C(O)C(=O)O,hydrogel,酒石酸_变体241,53.916899582276486,38.11276392890154,54.66378197642815,50.51277619709245,True
361.3269629863089,-1.0226449268532851,100.00886668853734,2.0,8.0,21.0,0.0,1.0,21.0,2.0575982745094,0.0,0.0,0.0,0.0,8.0,0.0,0.0,0.0,1.0,0.0,0.0,0.0,0.6771437616725,10.312651993549077,40.17210929853867,2.397717369238201,0.2803423339211207,0.3893760892272806,OCCOCCOCCOCCOCCOCCOCCO,hydrogel,PEG600_变体242,76.28681228955566,58.394260561372334,83.8820173940056,68.07105717144941,True
103.599628084763,-2.201545957123856,108.5174977213254,2.0,3.0,3.0,1.0,0.0,4.0,0.3125075625890641,0.0,0.0,0.0,0.0,5.0,0.0,0.0,0.0,0.0,0.0,1.0,0.0,0.0142465745225431,13.657470422927863,43.60432261656389,2.9264890723893,-0.7302596861001697,-0.3399566689888167,OC(=O)C(O)CO,hydrogel,PVA单体单元_变体243,59.88869413595433,51.425755896594296,80.36384070473939,59.02595518954665,False
95.03800507626949,-0.6753143352149784,91.7734243099413,4.0,3.0,1.0,0.0,0.0,9.0,0.8306869970691181,0.0,0.0,0.0,0.0,4.0,1.0,1.0,0.0,0.0,0.0,0.0,0.0,0.0200595412182893,8.11305559270394,41.51153915154168,1.749922063127736,-0.3345421170415955,0.2311656760887541,OC(=O)C(O)CC(=O)O,hydrogel,柠檬酸(交联剂)_变体244,60.64647747577155,47.69815457023321,63.39754125985666,53.27387097047836,False
162.13158661837014,-4.216823433482041,118.77506997027818,5.0,6.0,1.0,1.0,1.0,11.0,0.4376763137452908,0.0,0.0,0.0,1.0,4.0,0.0,0.0,0.0,1.0,0.0,0.0,0.0,-0.2123107793583909,16.0439451624852,51.6646128593877,1.8041515404659612,0.3908782026522481,0.6539067213464451,OC[C@H]1OC(O)[C@H](O)[C@@H](O)[C@@H]1O,hydrogel,海藻酸钠单体_变体245,54.14937460875051,40.22773011067869,76.89503661484756,51.17662389252361,True
160.77309404237928,0.2776086015922037,99.97681792482727,5.0,3.0,3.0,0.0,1.0,8.0,0.9227798532356176,0.0,0.0,1.0,1.0,4.0,1.0,1.0,0.0,0.0,0.0,0.0,0.0,-0.4939329550698859,15.028780422242887,45.10393628366938,0.5828747199572397,-0.4257334949869751,0.2614804959254184,OC(=O)C(N)CC(=O)O,hydrogel,天冬氨酸_变体246,61.72945879164215,55.62626187304423,64.01335567385965,53.446503445203305,False
77.25607514346528,0.0983552117087274,35.090759735666296,1.0,1.0,2.0,0.0,1.0,6.0,-0.6592090700631946,0.0,0.0,0.0,1.0,2.0,0.0,0.0,0.0,1.0,0.0,0.0,0.0,0.5760193491568648,10.039647076245124,46.49156388794445,1.7814360207470696,-0.3787008523947793,-0.1304336862493226,OC(=O)C=C,hydrogel,丙烯酸(水凝胶单体)_变体247,58.93001149390151,50.07929807027767,82.0061469997969,56.928134545363896,True
181.19514484664177,-2.281653009307905,109.31385695030144,5.0,3.0,3.0,0.0,1.0,12.0,0.4120322625183141,0.0,0.0,0.0,0.0,8.0,0.0,1.0,0.0,0.0,0.0,0.0,0.0,-0.8168008370946901,14.99494279308993,43.83614925796535,2.525767075160851,0.0306644617929645,0.4582176497945472,OC(=O)C(O)C(O)C(=O)O,hydrogel,酒石酸_变体248,62.59154621882536,43.13400819838936,51.509945559042805,45.78883246240626,True
208.6948918177177,-2.76648986523516,109.6091688730444,5.0,4.0,5.0,0.0,0.0,11.0,0.6820484861302595,0.0,0.0,0.0,0.0,6.0,0.0,0.0,0.0,0.0,0.0,0.0,0.0,0.5822058702676352,13.98337117026828,48.64441431011272,1.6154382827375762,0.5422835614649637,0.8879496122399564,OCC(O)C(O)C(O)C(O)CO,hydrogel,山梨醇(水凝胶交联剂)_变体249,56.32269778481125,43.15755333494984,62.53263797589236,51.36877123201695,True
160.78410847565374,-1.2238089201245206,98.89941297692329,3.0,6.0,0.0,2.0,0.0,9.0,1.019098529231601,0.0,0.0,0.0,1.0,4.0,0.0,0.0,0.0,0.0,0.0,0.0,0.0,0.5609098201365098,10.654355144574698,58.41997005976056,2.510070035207523,0.1459624725917427,1.5446001571659715,OC[C@H]1OC(O)[C@H](N)[C@@H](O)[C@@H]1O,hydrogel,壳聚糖单体单元_变体250,59.57565316266007,43.07690999321282,88.10445817365107,54.35710148072988,True
94.36696594357998,-2.077308253465006,104.60473212380612,3.0,3.0,2.0,0.0,0.0,9.0,-0.1661280480656103,0.0,1.0,0.0,0.0,5.0,0.0,0.0,0.0,0.0,0.0,0.0,0.0,-0.9061793532135598,19.92893872032881,49.325429072116975,1.1653585086199203,0.161583109921288,-0.2296931992828976,OC(=O)C(O)CC(=O)O,hydrogel,柠檬酸(交联剂)_变体251,54.3546808164534,37.82386274777582,52.73346708530269,43.958305599974736,True
81.31304037339794,-0.5580222172282405,29.036972172356027,0.0,1.0,2.0,1.0,0.0,5.0,0.2449586545362556,0.0,0.0,0.0,0.0,1.0,0.0,0.0,0.0,0.0,0.0,1.0,1.0,-0.2902311028912929,10.821635822643444,44.65910203002333,3.167799482827264,-0.7561058317110047,-0.198543809152601,OC(=O)C=C,hydrogel,丙烯酸(水凝胶单体)_变体252,58.14118290127838,50.10113159295605,76.3629112409624,56.42311191112596,False
80.62461628812473,0.12094887690634,17.54297323461901,1.0,1.0,1.0,0.0,0.0,6.0,0.3161081570159251,0.0,0.0,0.0,0.0,2.0,0.0,0.0,0.0,0.0,1.0,1.0,0.0,-1.9183277742296847,12.374464025192484,37.052244607538015,1.3412173143006876,-0.1757168072758935,0.1498798937838203,OC(=O)C=C,hydrogel,丙烯酸(水凝胶单体)_变体253,69.81068712654718,50.500794819606114,56.50583927453674,61.41380228033084,False
119.12032832468536,-0.6306928615142992,105.30025378262567,3.0,4.0,4.0,0.0,0.0,7.0,0.6441132127463414,1.0,0.0,1.0,1.0,3.0,0.0,0.0,0.0,0.0,0.0,0.0,0.0,-0.6942551244586208,11.014493037137632,22.13295704978291,1.981125697450144,0.7058356803020231,-0.0552818439827529,OC(=O)C(N)CC(=O)O,hydrogel,天冬氨酸_变体254,75.19013625012403,60.43851933227256,58.04993865306377,67.46971535401963,False
125.2966242589986,-1.7474796495206482,69.99644744314634,1.0,1.0,2.0,0.0,0.0,6.0,-1.1825612265691443,1.0,0.0,1.0,1.0,2.0,0.0,0.0,0.0,0.0,0.0,0.0,0.0,0.448643971585873,13.985949150398485,41.04694771334212,0.7527867940425834,0.1363595574534591,0.0706833995382661,NC(=O)C=CC(=O)N,hydrogel,双丙烯酰胺(交联剂)_变体255,62.40777194602681,53.61781047531885,72.23640777934312,59.07468281366256,False
270.80133422713897,-0.6876734406198035,132.43305564929707,3.0,7.0,23.0,0.0,1.0,25.0,-0.9130420175566268,0.0,0.0,0.0,0.0,7.0,0.0,0.0,1.0,0.0,1.0,0.0,1.0,0.987039343872512,9.096477446648624,44.02563397596423,2.3872645348501558,0.8609084824734534,0.097474152677775,OCCOCCOCCOCCOCCOCCOCCO,hydrogel,PEG600_变体256,68.32247576499779,58.80631450690694,93.19638890645176,68.68658295319541,False
153.1317271195199,-1.379775493348821,41.745826905915536,1.0,4.0,6.0,0.0,0.0,13.0,1.445067602127471,0.0,0.0,0.0,0.0,4.0,0.0,0.0,0.0,1.0,0.0,1.0,0.0,-0.4845753663696632,9.354127875188256,40.48133988601536,2.4892183423885825,0.4498751106417468,0.6583635718048522,OCCOCCOCCO,hydrogel,PEG200_变体257,72.49847929994301,57.4629667703352,84.20094671707929,69.02641868456827,True
152.61004623620127,-4.591969714768711,118.83696726923836,5.0,6.0,1.0,3.0,0.0,7.0,1.2160449417877464,0.0,0.0,0.0,2.0,3.0,0.0,0.0,0.0,1.0,0.0,0.0,0.0,-0.2821449263595096,10.44495592361408,53.24573596013652,2.2886819258156943,-0.5335923751213018,0.249356655273001,OC[C@H]1OC(O)[C@H](N)[C@@H](O)[C@@H]1O,hydrogel,壳聚糖单体单元_变体258,64.509774680286,47.75669268086757,86.45312920045598,58.67504434213084,False
307.2941230651909,-1.5149429308512057,99.55319030032769,0.0,8.0,18.0,0.0,0.0,25.0,1.1499626368987257,0.0,0.0,0.0,1.0,8.0,0.0,1.0,0.0,0.0,0.0,0.0,0.0,0.7870733930162044,7.820361263155721,39.27358750942003,2.285576590149295,0.5879080975882434,0.4571612129474721,OCCOCCOCCOCCOCCOCCOCCO,hydrogel,PEG600_变体259,74.89227738831471,60.17750363400527,83.80619433419903,71.21289639486575,True
58.37763608105391,0.4612048376290122,26.702680616372117,1.0,1.0,1.0,0.0,0.0,7.0,0.0543092095295431,1.0,0.0,0.0,0.0,1.0,0.0,0.0,0.0,0.0,1.0,0.0,1.0,0.0602655170481364,11.020336395135764,39.027950975435786,1.303589049875112,0.3029657006456635,0.1558953224949255,OC(=O)C=C,hydrogel,丙烯酸(水凝胶单体)_变体260,68.91959041101327,52.67741255586103,74.9011221597393,59.505767191467534,False
66.45940693543702,0.7682728137504888,34.463216381082994,1.0,0.0,2.0,0.0,0.0,5.0,0.1944170788962292,0.0,0.0,0.0,1.0,2.0,0.0,0.0,0.0,0.0,0.0,0.0,0.0,-0.2112475717502283,10.009717734766562,33.658479964514726,2.2263048223560964,0.2329591223077449,0.593558478346304,OC(=O)C=C,hydrogel,丙烯酸(水凝胶单体)_变体261,74.17727250036559,56.25168687187906,67.7830335939861,57.89164780728048,True
159.86023476176152,-2.5420409645672084,69.55339248742698,7.0,7.0,1.0,1.0,1.0,12.0,0.819020835059742,1.0,1.0,0.0,1.0,4.0,0.0,0.0,1.0,0.0,0.0,1.0,0.0,0.3424210970527955,10.35251648383182,57.42673973285487,3.530845424450222,0.0222366283135178,-0.7616019798627174,OC[C@H]1OC(O)[C@H](N)[C@@H](O)[C@@H]1O,hydrogel,壳聚糖单体单元_变体262,57.7222189471178,52.32721307892331,88.05575419776916,61.58504153133772,False
171.22100009628386,-2.681912771457992,128.29083983682446,6.0,6.0,0.0,0.0,0.0,7.0,0.8704515333318779,1.0,0.0,0.0,0.0,2.0,0.0,1.0,0.0,0.0,0.0,0.0,0.0,-0.5446549641244331,15.919052893441403,52.915173304419696,2.110891573874117,1.056435590180394,1.0931376320147284,OC[C@H]1OC(O)[C@H](O)[C@@H](O)[C@@H]1O,hydrogel,海藻酸钠单体_变体263,57.14826367862009,35.244270877016675,56.74747419447812,52.88167677528561,False
164.78073350594752,-0.7332816749236724,120.95743467330117,5.0,4.0,2.0,0.0,0.0,10.0,1.607614366541851,0.0,1.0,0.0,0.0,4.0,0.0,0.0,0.0,0.0,0.0,0.0,1.0,-0.0469517843565236,17.40657908477147,43.20388451560685,2.5012931881924008,0.520967947019481,0.7230102626395926,OC(=O)C(O)C(O)C(=O)O,hydrogel,酒石酸_变体264,49.83460897410677,42.7732035763256,64.45232234747466,50.121277144401134,False
186.03126694981685,-3.626525639442601,167.907429033597,6.0,5.0,0.0,1.0,0.0,15.0,0.8213373841082506,0.0,0.0,0.0,1.0,7.0,0.0,0.0,0.0,0.0,0.0,0.0,0.0,-0.0617581355457712,9.961539093598974,31.79784741948224,3.093681607728926,0.3861365855058538,-0.2723389763142325,OC[C@H]1OC(O)[C@H](N)[C@@H](O)[C@@H]1O,hydrogel,壳聚糖单体单元_变体265,74.75420767190283,59.08526751117783,84.49308843140693,61.28573123765654,True
141.97151718980058,-1.9590316591902164,84.40360848164298,5.0,5.0,3.0,1.0,0.0,11.0,1.7395549074346306,0.0,1.0,0.0,0.0,4.0,0.0,0.0,0.0,0.0,0.0,0.0,0.0,0.3468530562680926,15.45356021488017,40.96436630061745,2.465938385717127,-0.0939811646451013,1.1845231164862522,OC[C@@H](O)[C@@H](O)[C@@H](O)CO,hydrogel,D-山梨糖醇_变体266,67.0837051797257,52.24788167742639,70.11040993601698,60.09348664563954,True
85.00214330596569,-0.2098623146646365,100.47151003697674,2.0,2.0,2.0,0.0,0.0,9.0,-0.1311113475461297,0.0,0.0,0.0,1.0,2.0,0.0,1.0,0.0,0.0,0.0,0.0,0.0,-0.701391146062951,7.984987482963084,42.32727388229273,2.5368458151331423,-0.4798930856918534,0.9882401449736852,NC(=O)C=CC(=O)N,hydrogel,双丙烯酰胺(交联剂)_变体267,62.43237626093443,53.70947720730103,55.77706987362213,49.9824022349216,True
86.44978201717834,-1.157887536674122,73.78454007739752,2.0,3.0,2.0,0.0,0.0,10.0,0.0226053837787404,0.0,0.0,0.0,4.0,2.0,0.0,0.0,0.0,0.0,0.0,1.0,0.0,-0.6959371742594609,12.255598588034513,40.9044717310676,2.1270613428932275,-0.0212067174480951,1.1994056305806249,NC(=O)C=CC(=O)N,hydrogel,双丙烯酰胺(交联剂)_变体268,62.8721882738579,48.01763637490848,58.49849926787,55.08461598898455,True
405.12420823128616,-1.3052055349628318,74.37094499164255,3.0,11.0,21.0,0.0,0.0,27.0,0.4317704744908025,0.0,0.0,0.0,0.0,10.0,0.0,0.0,0.0,0.0,0.0,0.0,0.0,0.1387579294409451,8.995761442289123,44.382991515184855,1.3395744129601652,1.74098886769238,0.8664911240806938,OCCOCCOCCOCCOCCOCCOCCO,hydrogel,PEG600_变体269,71.54794667026545,57.54717789930688,74.58270398663394,65.79270076426369,True
182.98067583141665,-3.8924442253516047,106.0385523964171,7.0,6.0,1.0,0.0,0.0,16.0,0.8883112979102694,0.0,0.0,1.0,0.0,6.0,1.0,0.0,0.0,0.0,0.0,0.0,0.0,0.8821806581149846,9.167348156707844,26.94075951706228,3.170957414279928,-0.5640581246096306,0.335194627863527,OCC(O)C(O)C(O)C(O)CO,hydrogel,山梨醇(水凝胶交联剂)_变体270,67.89732377628211,57.91894166527065,79.56123209965732,53.54064578256574,False
309.40536320620726,-0.1990611709150421,113.05516989204676,2.0,7.0,22.0,1.0,0.0,17.0,1.1464168432893398,0.0,0.0,0.0,0.0,4.0,0.0,0.0,0.0,0.0,0.0,0.0,0.0,0.6280987197068412,10.526608325809384,39.43052337800268,0.7627962015426397,0.3665117786371159,0.7158281882497586,OCCOCCOCCOCCOCCOCCOCCO,hydrogel,PEG600_变体271,73.98524712660016,54.18560082608564,77.81344885753455,67.58177661574126,True
109.22989289987493,-1.5062815517217785,82.14136670682794,3.0,5.0,3.0,0.0,0.0,10.0,1.1845193382698147,0.0,0.0,1.0,1.0,4.0,0.0,0.0,0.0,0.0,0.0,0.0,0.0,0.754724525201325,9.573543450491805,47.04508234994979,2.149174337697644,0.0581444761005892,0.6117238858846754,OC(=O)C(O)CO,hydrogel,PVA单体单元_变体272,57.9421152978566,48.1977714474366,79.42304786102194,59.18194179632496,True
66.25145339902221,0.7066174337629127,41.67846093161442,1.0,1.0,0.0,0.0,0.0,4.0,0.4631343820612933,0.0,0.0,0.0,0.0,3.0,0.0,0.0,0.0,0.0,0.0,1.0,0.0,0.0008310321296271,9.127393251627888,29.00018202006035,2.771591659606413,-0.5477077144269377,0.7943422813867504,OC(=O)C=C,hydrogel,丙烯酸(水凝胶单体)_变体273,72.39591128659751,58.2436437996054,69.79884504503787,58.93279537996408,True
169.9121713976004,-0.8085609924842994,99.81804456049724,3.0,3.0,3.0,0.0,0.0,7.0,-0.1186389515164492,0.0,1.0,0.0,0.0,4.0,0.0,0.0,0.0,0.0,0.0,0.0,0.0,0.3670531679036243,9.499582830898955,48.16188024982503,2.48142853164042,-0.4007594325855912,0.0770306198949495,OC(=O)C(O)CC(=O)O,hydrogel,柠檬酸(交联剂)_变体274,55.74998283128828,43.58135653145665,65.05911171177934,50.352123305628126,True
201.56126762622972,-1.8769250559021615,131.81924813510625,3.0,6.0,5.0,0.0,0.0,11.0,0.0769460610352374,0.0,0.0,0.0,0.0,2.0,0.0,0.0,1.0,0.0,0.0,0.0,0.0,-0.731441968869716,12.85615578923028,43.94298947633594,0.4437632491629093,-0.3220966224092926,0.7957668535529676,OCC(O)C(O)C(O)C(O)CO,hydrogel,山梨醇(水凝胶交联剂)_变体275,55.088611044733135,49.3339597282919,58.81909232090989,51.55552592566401,True
228.8329694950511,-3.172987905871194,115.61698463305008,7.0,6.0,0.0,1.0,1.0,10.0,1.3828783007907213,0.0,0.0,0.0,1.0,5.0,0.0,0.0,0.0,0.0,0.0,0.0,0.0,-0.0535648174204659,10.182939631534728,45.00336586348889,1.5439426116177413,0.261955718000146,0.4096598554216325,OC[C@H]1OC(O)[C@H](N)[C@@H](O)[C@@H]1O,hydrogel,壳聚糖单体单元_变体276,68.13314773921932,51.20384787085437,75.31616748823517,57.11899306906734,True
189.4860948609353,-2.1062352252535645,98.72625247392534,3.0,5.0,4.0,1.0,1.0,9.0,1.5207681465923188,0.0,1.0,0.0,0.0,5.0,0.0,0.0,0.0,0.0,1.0,0.0,0.0,-1.260423503286367,12.184678096062472,45.306889945578384,1.1501667573670766,-0.8130683291980741,0.0775226522531922,OC[C@@H](O)[C@@H](O)[C@@H](O)CO,hydrogel,D-山梨糖醇_变体277,61.26308057261649,51.87487749288782,61.15028929340825,60.73213475784466,False
86.44108196831571,0.3191774639111956,32.54191143287784,1.0,0.0,1.0,0.0,0.0,7.0,-0.0745669155314539,0.0,2.0,0.0,0.0,1.0,0.0,0.0,0.0,0.0,0.0,0.0,0.0,-0.1347540433629254,10.05375491433607,41.73590808450541,1.951963063249964,-0.0610283254717968,-0.1004459657655399,OC(=O)C=C,hydrogel,丙烯酸(水凝胶单体)_变体278,67.41538276975963,52.45664472429825,67.19715666417916,60.51611050616116,False
153.9617534776909,-4.793968264193866,115.75582405218968,5.0,4.0,2.0,2.0,0.0,15.0,0.7731433271229424,0.0,0.0,0.0,0.0,6.0,0.0,0.0,1.0,0.0,0.0,0.0,0.0,0.4917942869740962,12.126262876520691,39.01995909223356,2.734031785219564,0.4980469875279729,0.5615839097646533,OC[C@H]1OC(O)[C@H](O)[C@@H](O)[C@@H]1O,hydrogel,海藻酸钠单体_变体279,65.83475984479668,49.73883739683674,68.40818090859784,51.093528571800526,True
251.2204373426976,-1.359195539037188,100.9109555661502,3.0,9.0,12.0,0.0,0.0,21.0,0.9277255669332256,1.0,0.0,1.0,0.0,6.0,1.0,0.0,0.0,0.0,0.0,0.0,0.0,-0.2206314024278378,8.94358826230017,46.84779493780958,2.5207092229345625,-0.0325076247056488,-0.1708126954627867,OCCOCCOCCOCCOCCOCCOCCO,hydrogel,PEG600_变体280,76.8072655198053,57.784346623339374,76.13073700727976,67.01120663473478,False
130.11867707344675,-3.954739870113604,112.45593666187312,6.0,8.0,6.0,0.0,1.0,12.0,2.0398108459441167,0.0,0.0,0.0,0.0,4.0,0.0,1.0,0.0,0.0,0.0,0.0,1.0,-0.4128456518054423,15.030883430984812,34.724691037908336,2.4108317140971742,0.8114740498453943,-1.831078798737134,OCC(O)C(O)C(O)C(O)CO,hydrogel,山梨醇(水凝胶交联剂)_变体281,65.03147570565558,50.7599316500884,61.15893751876735,60.217266451597794,False
206.27573533051716,-3.993698262816821,165.9597067540095,9.0,6.0,5.0,1.0,0.0,10.0,1.5778057390529203,0.0,0.0,0.0,0.0,5.0,0.0,0.0,0.0,0.0,0.0,0.0,0.0,-0.2705885340837383,14.550561689123072,41.79629988802419,0.6345862785806191,-0.4851305916274802,1.0947017490739015,OCC(O)C(O)C(O)C(O)CO,hydrogel,山梨醇(水凝胶交联剂)_变体282,62.97854351658273,52.217307913586495,57.00190855849608,59.92176469439518,True
100.92142783676071,-1.1234095912409217,65.67317601015631,2.0,4.0,8.0,0.0,0.0,13.0,0.0094918856591867,0.0,1.0,0.0,0.0,4.0,1.0,0.0,0.0,0.0,0.0,0.0,0.0,-0.2488718127114173,11.418197827124326,38.2812605026372,1.9691183065607047,0.322747040129425,0.472644907262689,OCCOCCOCCO,hydrogel,PEG200_变体283,73.67605954913128,57.38680370065448,72.00179003213512,67.97230644955893,True
177.64521002932702,-3.9698047289713694,78.39130551717975,3.0,3.0,5.0,0.0,0.0,12.0,0.613262071014039,0.0,0.0,0.0,0.0,4.0,0.0,0.0,0.0,0.0,1.0,0.0,0.0,-0.630664899206291,14.612798072720215,57.23053164233035,0.5740685321794323,-0.0019607060198995,0.3962487418937086,OC[C@@H](O)[C@@H](O)[C@@H](O)CO,hydrogel,D-山梨糖醇_变体284,63.05007462847535,49.43862876445155,60.8902373520604,50.14668396865307,False
155.1274719615231,-2.511656257105959,100.21578013047451,3.0,7.0,3.0,0.0,1.0,11.0,0.0592818021636221,0.0,0.0,0.0,0.0,9.0,0.0,1.0,1.0,0.0,1.0,0.0,0.0,-0.2122990830110712,15.379217001210504,42.746884214392125,1.6971247623282446,0.630359767801271,0.6628314483711542,OC(=O)C(O)C(O)C(=O)O,hydrogel,酒石酸_变体285,54.59666295894908,45.00733728524513,63.667711437706274,41.11112033129624,False
135.99267061286065,-1.1569322878247958,59.16886176406265,3.0,4.0,8.0,1.0,0.0,11.0,1.208415855821661,0.0,0.0,0.0,0.0,3.0,0.0,1.0,1.0,0.0,0.0,0.0,1.0,-0.2061834349455063,6.549097906228568,46.648448418809934,2.5718254881003983,0.3481478896165739,1.2764443504487666,OCCOCCOCCO,hydrogel,PEG200_变体286,71.88367778717947,54.424428742535525,70.73414319285341,62.015860948317886,False
162.2585340094761,-2.5917800039471945,138.6132999614563,4.0,6.0,6.0,0.0,0.0,14.0,1.6872063898616183,0.0,1.0,1.0,0.0,5.0,0.0,0.0,1.0,0.0,0.0,0.0,0.0,0.2579524935992993,10.674015283424517,45.50926956047639,1.4839534040165925,0.314077083514278,0.3048474837521105,OCC(O)C(O)C(O)C(O)CO,hydrogel,山梨醇(水凝胶交联剂)_变体287,61.52263830867528,44.93217731298353,69.56953121053188,53.95856264280536,False
161.68832557253995,-0.8292939485975698,101.10437200783852,3.0,3.0,4.0,0.0,0.0,10.0,0.7759653511602602,0.0,0.0,0.0,1.0,5.0,0.0,0.0,0.0,1.0,1.0,0.0,0.0,0.5554555723672165,9.502930012676096,42.17289192922566,2.996436230329574,0.5391828744987552,0.7709594258513333,OC(=O)C(N)CC(=O)O,hydrogel,天冬氨酸_变体288,58.8960568193953,50.98111252918625,81.19489413867244,57.84124912968394,False
104.92534218874042,-1.167336048102506,91.89341047026775,5.0,2.0,0.0,0.0,0.0,11.0,0.1429383553608483,0.0,0.0,0.0,1.0,4.0,0.0,0.0,0.0,0.0,0.0,0.0,0.0,0.1356525931431056,15.808719470042837,44.99400637106128,1.4886614822780797,0.4449598861311905,0.0500911657905461,OC(=O)C(O)CO,hydrogel,PVA单体单元_变体289,58.61634077286943,53.47024639917748,67.96513404736469,60.99884981701653,True
119.0399199785916,-0.7149556779486383,108.86100246540238,2.0,2.0,3.0,0.0,0.0,8.0,0.7779724341098906,0.0,0.0,0.0,2.0,2.0,0.0,0.0,1.0,0.0,0.0,0.0,0.0,0.113081956162097,12.547546775501406,40.318812557640925,1.754528505052246,-0.4374496027037348,1.2950904520370208,NC(=O)C=CC(=O)N,hydrogel,双丙烯酰胺(交联剂)_变体290,63.11337530305111,46.72654574052684,67.63609189375565,55.91913871890245,True
203.90193973615055,-4.037533611516017,105.57257240383368,4.0,8.0,0.0,1.0,0.0,14.0,0.9323940019789484,0.0,0.0,0.0,0.0,8.0,0.0,0.0,0.0,0.0,0.0,0.0,0.0,-0.3128865218658881,12.407597035020162,53.80155292442475,1.485372765613484,0.5694316547786137,0.5301143420183518,OC[C@H]1OC(O)[C@H](O)[C@@H](O)[C@@H]1O,hydrogel,海藻酸钠单体_变体291,58.73560425923438,39.87511912999918,63.39611340198952,49.237715427636985,True
191.13986209680976,-3.572788682402181,101.37510669706091,4.0,7.0,1.0,1.0,0.0,14.0,1.7746153176741333,0.0,0.0,1.0,1.0,5.0,0.0,0.0,0.0,0.0,0.0,0.0,0.0,-0.3004216343324077,10.480657416604858,43.381051957599865,3.796173613871932,0.9340244970116732,0.9065482429612296,OC[C@H]1OC(O)[C@H](N)[C@@H](O)[C@@H]1O,hydrogel,壳聚糖单体单元_变体292,65.68324030671815,49.8767921200057,80.44953294898157,67.11307511237138,False
153.92725714367836,-1.272917101520156,75.94862326745037,3.0,3.0,4.0,0.0,0.0,8.0,2.082413327984104,1.0,0.0,0.0,0.0,6.0,0.0,0.0,1.0,1.0,0.0,0.0,0.0,-1.0003911199816993,13.443288805603654,51.16662781388452,1.4891009913529876,-0.7610131621539142,0.2791291260695373,OC[C@@H](O)[C@@H](O)[C@@H](O)CO,hydrogel,D-山梨糖醇_变体293,61.110066058091085,51.54534751478946,60.1457741487137,57.47310071380733,False
267.58346907742936,-0.6469338230076227,98.45227840688985,2.0,9.0,23.0,0.0,0.0,25.0,0.6959698554919217,0.0,1.0,0.0,0.0,9.0,0.0,0.0,0.0,1.0,0.0,0.0,0.0,-0.3137700013720363,4.807144576465853,48.03090529774975,1.6737102419137782,0.3970841432425532,0.2380165834967898,OCCOCCOCCOCCOCCOCCOCCO,hydrogel,PEG600_变体294,67.19326425472298,62.8130569138452,70.97288374023653,67.29257984576779,True
162.57594552423456,-3.2441695467089806,93.57560452651092,6.0,4.0,4.0,0.0,1.0,9.0,1.421459321578403,0.0,0.0,0.0,1.0,6.0,0.0,0.0,0.0,1.0,0.0,0.0,1.0,0.2933656417775181,11.555744942465951,52.53070178060781,1.4294334773727642,-0.7372042998219432,1.3118092891602635,OC[C@@H](O)[C@@H](O)[C@@H](O)CO,hydrogel,D-山梨糖醇_变体295,56.61703867049475,46.07484939960482,75.06932271727042,51.93417338666482,False
111.25530529188892,-1.4409579935776466,81.41410962247319,4.0,2.0,2.0,0.0,0.0,7.0,-0.0734933250824904,0.0,1.0,0.0,4.0,4.0,0.0,0.0,0.0,1.0,0.0,0.0,0.0,-0.5840059619218525,14.645510578963057,42.07552311681852,2.1996298010667177,-0.8838577053978524,1.0763058455134755,NC(=O)C=CC(=O)N,hydrogel,双丙烯酰胺(交联剂)_变体296,63.225573125259686,45.13572315252273,66.19605566671633,54.89157314353721,False
325.0994263048553,-0.2029592117586384,103.86003200209348,4.0,6.0,17.0,0.0,0.0,18.0,0.0080454602841116,0.0,0.0,0.0,0.0,6.0,0.0,0.0,0.0,1.0,1.0,1.0,0.0,0.1402322434695849,7.279142477678009,39.20275987139704,1.6361421072433744,0.4469418869882628,1.0267441569402114,OCCOCCOCCOCCOCCOCCOCCO,hydrogel,PEG600_变体297,71.26065263510046,56.56069450513005,94.33826238096094,62.28474138399325,False
218.48007115717095,-3.445112744972165,120.40808210075916,6.0,6.0,5.0,0.0,1.0,12.0,0.7513205022304182,0.0,0.0,0.0,0.0,5.0,0.0,0.0,1.0,0.0,1.0,0.0,0.0,-0.198774348272889,8.714252261208715,56.03962859540008,1.2911490062714814,-0.3369215979504386,1.070357628184999,OCC(O)C(O)C(O)C(O)CO,hydrogel,山梨醇(水凝胶交联剂)_变体298,48.83123536228479,38.01335512983547,67.93971954323878,49.56796470839453,False
187.49598953511085,-1.0302110267457565,79.11196428249565,1.0,8.0,13.0,0.0,0.0,22.0,1.067825700670768,0.0,0.0,0.0,0.0,6.0,0.0,0.0,0.0,1.0,0.0,0.0,0.0,0.453508981834827,9.342626442370928,57.59232466729464,1.0334784605193783,0.6136051678916123,0.1291344322238147,OCCOCCOCCOCCOCCOCCOCCO,hydrogel,PEG600_变体299,64.28468715065364,51.29003914876263,83.96705712629335,62.85698878064847,True
159.94305594953948,-3.754465262528024,125.61613347592686,3.0,3.0,3.0,1.0,0.0,12.0,-0.3285305915320619,0.0,0.0,0.0,0.0,4.0,0.0,0.0,0.0,0.0,0.0,0.0,1.0,-0.1479858966061304,16.006066886717374,46.39287890839336,4.125283465390618,-1.4814557980692988,0.1765792571764483,OC(=O)C(O)C(O)C(=O)O,hydrogel,酒石酸_变体300,57.26563246849777,39.18413225035884,60.78442726317861,47.40189874879192,False
123.89349756891076,-1.4509852889829948,90.88418409841864,2.0,2.0,1.0,1.0,0.0,11.0,1.1481916229727094,0.0,0.0,0.0,2.0,2.0,0.0,0.0,0.0,0.0,0.0,0.0,0.0,-0.6014617729115682,11.171486935520562,51.96408463627779,2.844701061170706,0.9677189678623116,0.7439519064647262,NC(=O)C=CC(=O)N,hydrogel,双丙烯酰胺(交联剂)_变体301,57.08280688501118,46.6998051684788,61.92760633980397,47.06123380753056,True
205.91783175739383,-3.902921802654933,114.04177410751454,3.0,5.0,5.0,0.0,0.0,9.0,0.5437277561081708,0.0,1.0,0.0,0.0,5.0,0.0,0.0,1.0,0.0,0.0,0.0,0.0,-0.0880670988553891,8.352842611339346,34.19518651949173,1.4466106306568085,0.3151792889695128,0.124446000790284,OC[C@@H](O)[C@@H](O)[C@@H](O)CO,hydrogel,D-山梨糖醇_变体302,64.345991147482,51.8778684324903,65.29795931886486,58.17986715569217,False
174.24104844780757,-1.9371789522497385,109.714454628207,5.0,7.0,6.0,0.0,1.0,10.0,0.9334239359259172,1.0,0.0,0.0,0.0,6.0,0.0,0.0,0.0,1.0,0.0,0.0,0.0,0.9531354720800892,12.225445308190588,50.18192689235303,1.2877902655307738,-0.063407426383663,0.7891502554586192,OCC(O)C(O)C(O)C(O)CO,hydrogel,山梨醇(水凝胶交联剂)_变体303,60.804406751760254,46.26523007985001,86.80351823495678,50.74083287444735,False
154.97867216262512,-1.9546313437698064,105.8885404033849,3.0,3.0,2.0,0.0,0.0,6.0,-0.2504621912951107,0.0,0.0,0.0,2.0,4.0,0.0,0.0,0.0,0.0,0.0,0.0,0.0,0.1630740803289473,12.930676028267357,49.7786658975194,0.4473932246379586,-0.7894001409174944,-0.3359089422357082,OC(=O)C(N)CC(=O)O,hydrogel,天冬氨酸_变体304,60.11062659455192,43.95422434597511,70.91125746319722,56.82542999393661,True
124.94656723045031,-1.2728622268396173,118.5786803244771,4.0,4.0,3.0,0.0,0.0,11.0,-0.2235021618861904,0.0,1.0,1.0,1.0,5.0,0.0,0.0,0.0,0.0,0.0,1.0,0.0,-0.0935287582368313,13.585856935500074,36.808224830707815,2.119503167545996,-0.826067986764362,1.1662790339720108,OC(=O)C(O)CC(=O)O,hydrogel,柠檬酸(交联剂)_变体305,62.23579968434399,45.714031356005584,62.72721796845121,51.75379546193009,False
69.66730363840769,-0.1414408407630116,38.50183720041081,1.0,1.0,2.0,0.0,0.0,2.0,-0.116385718657811,0.0,0.0,0.0,0.0,3.0,0.0,0.0,1.0,1.0,0.0,0.0,0.0,0.307718319177158,5.304048376610324,44.92419326119317,2.0981664510763296,-0.2439744693358132,0.6382855718797604,OC(=O)C=C,hydrogel,丙烯酸(水凝胶单体)_变体306,66.70685106649651,55.11438802318713,78.13623671598421,59.000841010269006,True
128.67383156526927,-1.0140905652589127,70.06665418400353,2.0,2.0,1.0,0.0,0.0,7.0,1.698526742424376,1.0,0.0,0.0,0.0,4.0,1.0,0.0,1.0,1.0,0.0,0.0,0.0,0.3221044194220638,11.038945665546263,43.00378188054025,2.5571919736073445,-0.2520690181577398,0.0756480836855061,OC(=O)C(O)CO,hydrogel,PVA单体单元_变体307,57.595785683365335,49.63858465464097,79.31377024546119,53.98015440985843,False
138.8780505401277,-4.3187230763608895,111.25216400467052,5.0,7.0,1.0,0.0,0.0,7.0,0.9437123706017816,1.0,1.0,0.0,0.0,7.0,0.0,0.0,0.0,0.0,0.0,0.0,0.0,0.5192536330856303,10.98325827157458,57.38525196263743,2.4322831078663816,0.4030439071051334,-0.0284317585448716,OC[C@@H](O)[C@@H](O)[C@@H](O)CO,hydrogel,D-山梨糖醇_变体308,61.230654681002,46.7059925710098,71.86186687927095,50.75707269797864,False
139.942796632689,-4.3867472340536064,111.54955936819076,6.0,7.0,4.0,0.0,1.0,12.0,0.6510199111374635,0.0,0.0,0.0,1.0,5.0,0.0,0.0,1.0,0.0,0.0,0.0,0.0,-0.3421697287699111,9.35364784485016,44.41826346929332,0.8602797921559147,1.0019638415209844,0.8430178082910419,OCC(O)C(O)C(O)C(O)CO,hydrogel,山梨醇(水凝胶交联剂)_变体309,65.15339979559704,48.689002722504135,67.67667483247115,53.27691495137975,False
101.54190948861708,-1.256399743748926,80.38339492963654,3.0,3.0,1.0,0.0,0.0,8.0,0.4804289847813584,0.0,0.0,0.0,0.0,6.0,0.0,0.0,1.0,0.0,0.0,0.0,0.0,0.3850250544587929,17.343245599813624,41.22392360637445,1.0555851629526172,-1.2069901047848917,-0.0030194084309149,OC(=O)C(O)CO,hydrogel,PVA单体单元_变体310,63.54706766931565,56.307800279960425,74.5427853135198,58.04807913220793,True
225.7307964252273,-4.523115932691352,109.53484422811816,8.0,6.0,7.0,0.0,1.0,13.0,0.5109166308022545,0.0,0.0,0.0,0.0,5.0,0.0,0.0,0.0,0.0,0.0,1.0,0.0,-0.4166164027423819,12.402562073143248,49.73738031053945,-0.0646590508417757,0.0442488041993696,0.5693099396450814,OCC(O)C(O)C(O)C(O)CO,hydrogel,山梨醇(水凝胶交联剂)_变体311,56.49508632259782,41.14068329284068,60.66585753922071,52.1209821992951,False
158.23346865114456,-4.047719856622691,129.7678839720358,8.0,6.0,4.0,1.0,0.0,14.0,0.3326068976312822,0.0,0.0,0.0,0.0,6.0,1.0,1.0,0.0,1.0,0.0,0.0,0.0,-0.6511456978431612,9.037911702426426,34.91896896344947,2.328679872946735,0.2264490189348297,0.0317293753402794,OCC(O)C(O)C(O)C(O)CO,hydrogel,山梨醇(水凝胶交联剂)_变体312,69.6113209593502,49.04354534511581,68.62050139815068,55.39055194206578,False
196.69324069956576,-2.9027752643221523,104.31878669542073,5.0,6.0,1.0,2.0,1.0,9.0,1.1455967297856815,0.0,0.0,0.0,3.0,3.0,0.0,0.0,1.0,0.0,0.0,1.0,0.0,-0.1673019272651478,13.07254559721459,50.2883487047504,2.9167162939370748,0.8367296978702504,0.6765267595030829,OC[C@H]1OC(O)[C@H](N)[C@@H](O)[C@@H]1O,hydrogel,壳聚糖单体单元_变体313,64.23102382375973,48.526993464958245,87.28350295394567,58.57900730218928,False
185.2460536409679,-3.439943254539571,111.25179002716932,4.0,6.0,2.0,0.0,0.0,13.0,1.6014161018318795,0.0,0.0,0.0,1.0,6.0,0.0,0.0,0.0,0.0,0.0,0.0,0.0,-0.3066734913120266,12.236548804375488,53.91713801882205,1.9750169392867565,0.526081369736902,0.8730042696798295,OC[C@@H](O)[C@@H](O)[C@@H](O)CO,hydrogel,D-山梨糖醇_变体314,54.43523685307541,48.35645390359687,67.60823869736531,58.55026173666427,True
112.12619320820608,-2.091982270128855,90.85606314027028,3.0,1.0,1.0,0.0,0.0,7.0,-0.7487744805800806,0.0,1.0,0.0,1.0,2.0,0.0,0.0,0.0,0.0,0.0,0.0,0.0,-0.0071345887972788,11.574538605999455,39.02987598597278,1.987606597587055,-0.0916649956876244,-0.0005548973311042,NC(=O)C=CC(=O)N,hydrogel,双丙烯酰胺(交联剂)_变体315,63.46353508026891,51.47996362577919,64.57502522379995,58.58574489739944,True
146.67496148134214,-1.7090991693596649,108.54204538515836,4.0,6.0,4.0,0.0,0.0,10.0,0.7251419257745539,0.0,1.0,0.0,0.0,7.0,0.0,0.0,0.0,0.0,0.0,0.0,0.0,-0.4992851932412198,10.638712021891902,39.64972452234049,1.8021547757366616,0.1023321730911607,0.439935027742892,OC(=O)C(O)C(O)C(=O)O,hydrogel,酒石酸_变体316,51.60802726844768,48.86386926435083,59.35306855914933,50.94236219694924,True
141.78652727183152,-1.1011759865851622,81.72999247151466,2.0,3.0,3.0,0.0,0.0,9.0,0.948031237368813,0.0,0.0,1.0,0.0,2.0,0.0,0.0,1.0,0.0,0.0,0.0,0.0,-0.1079651846748605,11.363711059856325,31.900654135932555,1.9801494834640587,0.5647873746246873,0.6018109449048017,OC(=O)C(N)CC(=O)O,hydrogel,天冬氨酸_变体317,71.30904690418373,51.952362648426245,63.90419116548034,56.04691256395051,False
150.69443378857545,-4.156026605240529,85.46465699773427,6.0,3.0,4.0,0.0,0.0,10.0,0.7359480570617905,0.0,0.0,0.0,0.0,6.0,0.0,0.0,1.0,0.0,0.0,0.0,0.0,0.990775125024468,8.340240712244677,31.4148110394449,2.131586294288706,0.3389396302595888,0.5302865206437507,OC[C@@H](O)[C@@H](O)[C@@H](O)CO,hydrogel,D-山梨糖醇_变体318,70.57999290652654,52.04029260405193,74.12827216106166,60.447430485684215,True
136.74872063583013,-1.233987567557694,111.64580854562163,3.0,3.0,4.0,0.0,0.0,11.0,-0.0811345319706028,0.0,1.0,0.0,1.0,2.0,0.0,0.0,0.0,0.0,1.0,0.0,0.0,0.7387330427912935,10.516270725208289,40.29591675435589,0.5420774036347351,1.1790301120836792,-0.730426406375666,OC(=O)C(N)CC(=O)O,hydrogel,天冬氨酸_变体319,66.74779873075238,47.92223341591711,76.18376149831815,60.60308678536288,False
97.86552319972564,-1.4145065578342306,81.68003307562522,2.0,1.0,2.0,1.0,0.0,4.0,0.6083617462489734,1.0,0.0,0.0,1.0,2.0,1.0,0.0,0.0,0.0,0.0,1.0,0.0,-0.2107911557201463,14.435177828280825,45.70285265841125,1.3644819908368206,0.6244287656340586,0.6113555145971595,NC(=O)C=CC(=O)N,hydrogel,双丙烯酰胺(交联剂)_变体320,59.65735157083269,48.25258411087047,64.60941495713215,52.206182873941614,False
115.09757188363896,-1.0067827592911818,100.75572661225166,1.0,3.0,2.0,0.0,0.0,10.0,0.2530341392763523,0.0,0.0,0.0,1.0,5.0,1.0,0.0,0.0,0.0,0.0,0.0,0.0,0.4210833598647018,12.103491528920584,36.89919231392827,2.183779692901522,-0.3948416217612346,0.9475198957160696,OC(=O)C(N)CC(=O)O,hydrogel,天冬氨酸_变体321,71.85669469114653,50.58702389532443,69.24413118708563,54.05153020119274,True
209.1902258276268,-2.293208319518339,90.30962241047575,7.0,6.0,0.0,2.0,0.0,8.0,0.540926873862329,0.0,0.0,0.0,0.0,6.0,0.0,0.0,0.0,1.0,0.0,0.0,1.0,-0.0886782743199546,12.324382273293123,40.40309097876048,1.664433240010478,0.9814635535004784,0.930377319270594,OC[C@H]1OC(O)[C@H](O)[C@@H](O)[C@@H]1O,hydrogel,海藻酸钠单体_变体322,63.55408747090168,40.024839966846166,66.24732565253412,58.59604813735241,False
106.51345511846527,-0.6869119235210741,103.21250064049003,3.0,3.0,4.0,0.0,0.0,7.0,0.5488594535156006,0.0,0.0,0.0,0.0,3.0,0.0,1.0,0.0,1.0,1.0,0.0,0.0,0.0112501941227197,15.258071961708302,41.35100771466264,0.4509260855892363,0.2943230544166749,-0.1042344785731776,OC(=O)C(O)CC(=O)O,hydrogel,柠檬酸(交联剂)_变体323,56.93807245809752,45.460268758122304,71.73200243101331,46.85847086665432,False
192.3381756695207,-0.5609269831725415,66.65656175935932,1.0,6.0,6.0,0.0,0.0,8.0,0.2185905613366789,0.0,0.0,0.0,1.0,5.0,0.0,0.0,0.0,1.0,0.0,0.0,0.0,0.3361964849404375,12.803469357165463,53.7654964701765,0.0431861966620645,-0.1065835279291873,-0.3541763703703818,OCCOCCOCCO,hydrogel,PEG200_变体324,66.43253833765229,52.50575185680165,82.78657233554581,60.18797764727367,False
151.2605026296186,-2.8307133578876726,129.25739744109924,8.0,6.0,3.0,0.0,0.0,15.0,1.5303797806526012,0.0,1.0,0.0,1.0,5.0,0.0,0.0,0.0,0.0,0.0,0.0,0.0,-1.1286964911054898,11.6534739914586,56.2005166242533,2.9206934893321788,-0.3382643592623217,1.284533549790024,OCC(O)C(O)C(O)C(O)CO,hydrogel,山梨醇(水凝胶交联剂)_变体325,58.024091227382144,36.07612125858208,54.1762027408824,49.31913264635991,False
125.03335522016664,0.1700156409873701,106.40839799658544,2.0,3.0,2.0,0.0,0.0,11.0,0.2872370821435845,0.0,0.0,0.0,0.0,6.0,0.0,0.0,0.0,0.0,0.0,1.0,0.0,-0.4278712899757536,11.184546347465284,47.54251346902736,0.4736977971956735,0.2845432037502862,0.5355760742446739,OC(=O)C(O)C(O)C(=O)O,hydrogel,酒石酸_变体326,58.13266236494948,38.96724268099408,59.90801395857244,50.603855959171895,True
284.069710874055,-0.5007603770104098,105.52163777738193,3.0,8.0,23.0,0.0,1.0,31.0,0.9199047815963244,0.0,0.0,1.0,1.0,9.0,0.0,0.0,1.0,0.0,0.0,0.0,0.0,0.1283550846764655,5.096638357946725,34.22987454337146,0.5028451498603737,-0.6048502739495439,0.3725129025594983,OCCOCCOCCOCCOCCOCCOCCO,hydrogel,PEG600_变体327,75.96879690461506,65.3476028772333,78.50326856442793,67.48426549775343,False
287.4269026677973,-0.7847064614018705,125.04981195179784,2.0,7.0,14.0,0.0,0.0,21.0,-0.0825000148566497,0.0,1.0,1.0,0.0,9.0,0.0,1.0,0.0,0.0,0.0,0.0,0.0,0.4259645353954213,10.04514143981502,45.87492786061023,1.1735835781517354,0.5127130780957088,0.3302779594207928,OCCOCCOCCOCCOCCOCCOCCO,hydrogel,PEG600_变体328,66.94418120911196,54.88957216138285,73.35098768870469,64.20664816312774,False
137.49982421285398,-0.8088562463909733,84.58150916048255,3.0,2.0,3.0,0.0,0.0,6.0,-0.3295137416831116,0.0,0.0,0.0,0.0,5.0,0.0,0.0,0.0,0.0,0.0,1.0,1.0,-0.046151774073057,12.301947918412164,55.2425546199093,2.3762677597308484,-0.0432493808100631,-0.6047304692612521,OC(=O)C(O)CC(=O)O,hydrogel,柠檬酸(交联剂)_变体329,50.612224344944025,37.42789392172746,65.95295975252088,48.78278862429116,False
251.742188477762,-0.4241188594280054,115.10003023539102,3.0,7.0,20.0,0.0,0.0,27.0,0.7367201928191702,0.0,0.0,0.0,0.0,10.0,1.0,0.0,0.0,0.0,1.0,0.0,0.0,0.0990861348615586,10.12512350401848,39.454942895686415,0.8187635089188942,-0.068183728051323,0.7294331495886739,OCCOCCOCCOCCOCCOCCOCCO,hydrogel,PEG600_变体330,68.66488581463062,58.13878647871072,82.08550088920494,70.93507339224053,False
99.70678867205248,-4.006078859757707,92.04833525825404,5.0,5.0,4.0,0.0,0.0,12.0,1.2817440871046624,0.0,1.0,1.0,0.0,1.0,1.0,0.0,1.0,1.0,1.0,0.0,1.0,0.99706187036722,12.338927473344691,35.068105867758945,1.677720810788068,0.2478973916870941,0.5430603610136457,OC[C@@H](O)[C@@H](O)[C@@H](O)CO,hydrogel,D-山梨糖醇_变体331,63.22626116764224,49.079554777311486,85.00596802913289,61.40278690762477,False
173.88237896939128,-1.5670373874942063,118.49231129061896,7.0,7.0,5.0,0.0,0.0,7.0,1.615533620569079,0.0,0.0,0.0,0.0,6.0,0.0,1.0,0.0,0.0,0.0,0.0,1.0,0.214410503006074,9.406492133882576,40.82439113943579,1.317926089482626,0.568812201189083,1.004010794568074,OCC(O)C(O)C(O)C(O)CO,hydrogel,山梨醇(水凝胶交联剂)_变体332,51.72503987175911,48.42608646137332,67.73465743160841,50.36625207159132,False
133.00234938062775,-0.8515966379978127,95.6811018279877,4.0,2.0,2.0,0.0,0.0,8.0,1.0917274035952114,0.0,0.0,0.0,1.0,5.0,1.0,0.0,0.0,0.0,0.0,0.0,0.0,-0.5545897299434809,12.571565856472755,52.72761375311839,2.4393088783115893,1.01479362871664,0.8625972728817208,OC(=O)C(N)CC(=O)O,hydrogel,天冬氨酸_变体333,58.65974733193123,48.5676413212898,59.35091002290397,47.42363082778225,True
107.33754847100668,-2.075323931440443,110.20596422327232,3.0,1.0,3.0,1.0,0.0,7.0,-0.4965417264185769,0.0,0.0,0.0,2.0,1.0,1.0,0.0,0.0,0.0,0.0,0.0,0.0,0.161342976869798,10.54703830010676,39.77627163502686,1.3137340992574496,0.5478107669588315,0.0638196623604144,NC(=O)C=CC(=O)N,hydrogel,双丙烯酰胺(交联剂)_变体334,66.41899763749142,49.22640997978471,62.63310661706407,56.97492191700284,True
203.20566956339428,-3.0574183300943862,134.71754406992616,5.0,6.0,0.0,0.0,0.0,13.0,0.8250854428602961,0.0,0.0,0.0,0.0,9.0,0.0,0.0,0.0,1.0,0.0,0.0,0.0,-1.189907141215181,10.206967336246242,50.99538127160278,1.432202050427757,0.3673809393991648,0.5612238750902756,OC[C@H]1OC(O)[C@H](O)[C@@H](O)[C@@H]1O,hydrogel,海藻酸钠单体_变体335,56.58511256879099,45.39673817067386,55.71678238845806,51.3433518826,True
324.10105339068707,-0.8129448409210963,99.0953108873448,2.0,7.0,15.0,0.0,0.0,19.0,0.4084935725043124,1.0,1.0,0.0,0.0,7.0,0.0,0.0,0.0,0.0,0.0,1.0,0.0,-0.7753483502742712,8.70863585143725,38.7979828597987,0.8974027081197627,-0.4387305747256138,0.2214032393548266,OCCOCCOCCOCCOCCOCCOCCO,hydrogel,PEG600_变体336,79.40915564236317,60.75880287201284,75.02207572097697,70.67614798755481,False
165.0688126315844,-3.272715827655296,109.66920999083057,5.0,7.0,0.0,1.0,0.0,9.0,0.4836262740460875,0.0,0.0,0.0,0.0,7.0,1.0,1.0,0.0,1.0,0.0,0.0,0.0,-0.6606243503081803,12.70393242559556,60.20347464919452,2.2050673395821736,-0.424310656752292,-0.3770513534170684,OC[C@H]1OC(O)[C@H](O)[C@@H](O)[C@@H]1O,hydrogel,海藻酸钠单体_变体337,51.51619146067939,35.68652967279268,66.20405567274375,51.55021382714156,False
97.97796769941432,-0.3438437677020819,95.57857188506658,3.0,4.0,2.0,0.0,1.0,8.0,0.3471332051180563,0.0,0.0,1.0,0.0,4.0,0.0,1.0,0.0,0.0,0.0,0.0,0.0,-0.7213178355065903,13.596104225710224,55.18791160246412,2.14920399724885,0.1283897110760667,0.686655125311824,OC(=O)C(O)CC(=O)O,hydrogel,柠檬酸(交联剂)_变体338,54.14955236045654,36.12353067480883,53.8591256364796,46.404358120031546,False
146.94166740415665,-1.1317557264765448,98.14678426944045,2.0,2.0,1.0,0.0,0.0,7.0,-0.4165858948808726,0.0,0.0,0.0,2.0,1.0,0.0,0.0,0.0,0.0,0.0,0.0,0.0,0.4436367031987293,14.524014787480947,39.573243120465,1.721956603033904,0.945974538138238,1.4953482193501224,NC(=O)C=CC(=O)N,hydrogel,双丙烯酰胺(交联剂)_变体339,62.48361275881544,51.98003702581948,73.19876651769462,60.9009609603211,True
58.70426439233141,-0.0783087158230911,26.395969479893715,2.0,2.0,1.0,0.0,0.0,7.0,0.2043053737819586,0.0,0.0,0.0,0.0,1.0,0.0,0.0,0.0,0.0,1.0,0.0,1.0,0.2699754503775514,9.061737444611932,49.3381949457151,1.953644802914671,0.1362490417837649,0.3760183477177093,OC(=O)C=C,hydrogel,丙烯酸(水凝胶单体)_变体340,52.99018986929041,55.07892705859852,79.66377028760652,57.688010698891006,True
110.186497933875,-2.429858569596821,88.55116837425223,1.0,3.0,2.0,0.0,1.0,6.0,-0.7712332781083766,0.0,1.0,0.0,2.0,3.0,0.0,0.0,0.0,0.0,1.0,0.0,0.0,1.4191981778320637,7.896901691801958,30.397842076744023,0.8618654653636282,0.5974123868679497,0.2479861639029102,NC(=O)C=CC(=O)N,hydrogel,双丙烯酰胺(交联剂)_变体341,65.98513877884422,50.94519515947611,88.8656549966089,54.277986108223736,False
265.694769859618,-0.6719479850997392,69.48374503893967,2.0,6.0,14.0,0.0,0.0,28.0,0.1648791874202974,1.0,0.0,0.0,1.0,9.0,0.0,0.0,0.0,1.0,0.0,0.0,0.0,0.0839311968033802,7.733992589111485,31.36576982248785,2.262353717411343,0.2830190064146781,1.3839506449936536,OCCOCCOCCOCCOCCOCCOCCO,hydrogel,PEG600_变体342,80.23948943141968,54.15925060744252,86.50720786338405,73.71274280107727,False
71.68324828271129,0.5044393389005878,34.72660210493947,1.0,1.0,2.0,0.0,0.0,7.0,0.6165865974325148,1.0,1.0,1.0,0.0,2.0,0.0,0.0,0.0,0.0,0.0,0.0,0.0,-0.0188773538419318,10.18268914414498,51.260891416684885,1.765902335616646,-0.3025703745180872,0.7992486732928139,OC(=O)C=C,hydrogel,丙烯酸(水凝胶单体)_变体343,51.34530747725713,48.54359806699218,67.75637261473045,56.90449754541466,False
192.54303473689723,-3.801079964594361,118.6840651703785,7.0,7.0,1.0,1.0,0.0,13.0,1.7227696845592655,1.0,0.0,0.0,0.0,5.0,0.0,0.0,0.0,0.0,0.0,1.0,1.0,-0.1305043620861568,11.904327605258436,50.15735307998578,1.6016017649529792,0.2609324333355546,0.4172000128215449,OC[C@H]1OC(O)[C@H](O)[C@@H](O)[C@@H]1O,hydrogel,海藻酸钠单体_变体344,57.138505308314215,42.4814419584476,63.44084518572245,50.571503248405214,False
126.52115615777107,-0.8052172869125911,98.58724816120126,2.0,2.0,3.0,0.0,0.0,9.0,1.0439977997018208,0.0,0.0,0.0,0.0,3.0,0.0,1.0,0.0,0.0,0.0,0.0,1.0,-0.229292983893928,13.123604488133568,54.137513248990885,1.4911251460617276,0.3272904448762216,1.0808209446773902,OC(=O)C(N)CC(=O)O,hydrogel,天冬氨酸_变体345,57.62156930160352,52.20734810277716,72.36888304038973,54.04803727430336,False
173.94428396020484,-2.7918728791982907,123.33828870855312,6.0,4.0,6.0,0.0,0.0,11.0,1.3174370941394236,0.0,0.0,0.0,0.0,5.0,0.0,0.0,0.0,0.0,0.0,0.0,0.0,-0.4667192569364966,12.76748414745174,42.967183313143,1.479964907231824,-0.3377033066390087,0.0802433743529205,OC[C@@H](O)[C@@H](O)[C@@H](O)CO,hydrogel,D-山梨糖醇_变体346,67.94440789699753,47.45330926372895,69.22442041329575,55.61765134366227,True
190.6703052745502,-3.073138138933653,137.44844543819232,4.0,6.0,1.0,1.0,0.0,14.0,-0.102435645687714,1.0,0.0,0.0,2.0,5.0,0.0,0.0,1.0,0.0,0.0,0.0,1.0,0.8033041568360703,13.226721216783464,57.040131058679535,1.8694864076101865,0.6975188960529126,0.9269504984119732,OC[C@H]1OC(O)[C@H](N)[C@@H](O)[C@@H]1O,hydrogel,壳聚糖单体单元_变体347,61.57131527748822,40.512573294227096,88.4803456741844,56.25081566235657,False
371.2336455828068,-0.6698952809738897,94.80088360890016,1.0,9.0,21.0,0.0,1.0,24.0,1.593844691419222,0.0,0.0,0.0,0.0,9.0,0.0,0.0,1.0,0.0,0.0,0.0,0.0,1.688884120644681,9.3407993482041,44.821570817121845,1.2370063300986929,-0.1380038192692074,0.3803507303656893,OCCOCCOCCOCCOCCOCCOCCO,hydrogel,PEG600_变体348,70.42516038930285,56.70127423907073,90.7962322203672,70.08638248056724,False
187.0037155552478,-4.089616795532625,98.89859220279637,5.0,5.0,1.0,1.0,1.0,10.0,1.109097498628503,0.0,0.0,0.0,0.0,4.0,0.0,0.0,0.0,0.0,0.0,0.0,0.0,-0.1262755599549235,9.0619661998826,38.49020012780856,0.7693438149599983,0.2681984043178876,0.5933530890007864,OC[C@H]1OC(O)[C@H](O)[C@@H](O)[C@@H]1O,hydrogel,海藻酸钠单体_变体349,65.26312458044717,45.1034949897667,56.799870845553215,53.00494207887225,True
325.9724930192071,-0.3054401331268113,104.54176816315396,2.0,9.0,19.0,0.0,0.0,21.0,0.8955753638620516,0.0,0.0,0.0,0.0,6.0,0.0,0.0,0.0,0.0,0.0,0.0,0.0,-0.0190672844123201,8.05924106358237,44.23085821034152,1.0877190397803456,-0.2200357804254389,-0.2354208240602023,OCCOCCOCCOCCOCCOCCOCCO,hydrogel,PEG600_变体350,71.52477321655073,60.020964601637495,71.72685535537545,70.79266282494869,True
155.6427880560723,-2.4895048954238623,114.0742010177915,6.0,5.0,4.0,0.0,0.0,9.0,1.2411321630046004,0.0,0.0,0.0,0.0,4.0,1.0,0.0,0.0,0.0,0.0,0.0,1.0,0.5299965597019913,14.071224715253134,38.48588253972985,1.7729351691022457,0.6800257005776954,0.8677916051163197,OC[C@@H](O)[C@@H](O)[C@@H](O)CO,hydrogel,D-山梨糖醇_变体351,68.66462956507239,57.95025237776099,75.94040509981951,54.262183591779866,False
155.3950399439671,-1.6072916041872998,111.19841315158702,2.0,4.0,4.0,1.0,0.0,9.0,0.8080290975037733,0.0,0.0,0.0,0.0,6.0,0.0,1.0,0.0,0.0,0.0,1.0,0.0,0.2798523877669898,18.10669556054016,38.15460926849297,1.52273354843443,0.7219718027133871,-0.0614270409908584,OC(=O)C(O)C(O)C(=O)O,hydrogel,酒石酸_变体352,57.94135431430641,39.93708979367558,73.25197727796413,48.30987752870978,False
153.73454279897595,-2.2504227429400747,100.55786515206329,6.0,6.0,5.0,0.0,0.0,11.0,0.8817473475890034,1.0,0.0,0.0,0.0,7.0,0.0,0.0,0.0,0.0,0.0,0.0,0.0,0.1887473825324568,5.685492877803565,54.01011682053854,3.9332223595371,0.0560986101537488,0.3484558810132215,OCC(O)C(O)C(O)C(O)CO,hydrogel,山梨醇(水凝胶交联剂)_变体353,54.11106852361159,45.0627419064996,65.67105036603131,51.239640197019305,False
265.31124904765915,-1.8575608924205784,94.4889641587078,3.0,4.0,20.0,0.0,0.0,20.0,1.3720385120254726,0.0,1.0,0.0,0.0,11.0,0.0,0.0,1.0,0.0,0.0,1.0,0.0,0.3940352008014801,7.826215660860742,53.87239906582755,1.9272168405985144,-0.6534226852910472,0.4983598059399978,OCCOCCOCCOCCOCCOCCOCCO,hydrogel,PEG600_变体354,59.05485622053256,56.59277927064557,83.00614583370927,69.05493828168294,False
44.63596746777311,1.6265532975587371,26.26203810075707,1.0,0.0,1.0,0.0,0.0,5.0,-0.1219058613468644,0.0,0.0,0.0,0.0,2.0,0.0,0.0,0.0,0.0,1.0,0.0,0.0,-0.12133000941307,9.708890029509172,47.69465002570436,2.504111638204362,0.5745128311969174,0.208540999167335,OC(=O)C=C,hydrogel,丙烯酸(水凝胶单体)_变体355,64.10287282552169,54.4881619361843,70.08211669269505,54.22447640986899,True
144.65570977002386,-1.9042697073830284,136.99872500981417,4.0,3.0,4.0,0.0,1.0,8.0,0.4307139870078683,0.0,0.0,0.0,1.0,3.0,0.0,0.0,0.0,0.0,0.0,0.0,1.0,0.2387944097765024,10.95292501010788,41.85697896742352,1.9649869038666892,-0.1320710937346447,1.0823394861521,OC(=O)C(N)CC(=O)O,hydrogel,天冬氨酸_变体356,64.22393096533092,53.9807655677602,69.1301689365745,60.91940696893672,True
188.6599709408065,-2.109710792543158,106.2857005579768,2.0,5.0,1.0,1.0,0.0,13.0,1.427728184474763,0.0,0.0,0.0,0.0,3.0,1.0,0.0,0.0,1.0,0.0,0.0,0.0,0.3374440464574142,12.012063290193565,60.931639022998695,1.3849587271147064,0.8124442015215321,0.9824638061519172,OC[C@H]1OC(O)[C@H](O)[C@@H](O)[C@@H]1O,hydrogel,海藻酸钠单体_变体357,52.30048054606402,38.621332146982944,69.46368631236376,46.29873868789371,False
130.4924844511118,-0.9366709378984982,34.50491500590695,0.0,2.0,3.0,1.0,0.0,6.0,1.2003574672343011,0.0,0.0,0.0,0.0,1.0,0.0,0.0,0.0,0.0,0.0,0.0,0.0,-0.7538984240108286,4.997994848251188,31.904295817940785,2.311739452331944,-0.3299792259025044,-0.5665190940428781,C[N+](C)(C)CC(=O)[O-],zwitterionic,CBMA单体(羧酸甜菜碱)_变体358,84.61709975813683,75.92048199908382,81.38529945540657,86.2793693761189,False
178.90199661266342,0.0424677510909261,46.288240305730376,0.0,5.0,3.0,0.0,0.0,12.0,2.0574275183557083,0.0,0.0,0.0,1.0,5.0,0.0,0.0,0.0,0.0,0.0,0.0,0.0,-0.3289272515748357,9.671296358197369,45.62548995904834,2.7989566383023665,-0.541387170589184,0.5912933329318626,C[N+](C)(C)CCCS([O-])(=O)=O,zwitterionic,DMAPS_变体359,77.8723235889256,69.02335821531788,76.72200704753904,69.89953778924705,True
211.86426665241527,0.1317043820463103,58.13590322067071,0.0,2.0,4.0,0.0,0.0,7.0,0.1428663017813718,0.0,0.0,0.0,1.0,3.0,1.0,0.0,0.0,0.0,0.0,0.0,0.0,0.3053896551116452,8.338401765625237,39.00427273914439,1.954210233093068,0.0882826798191278,-0.1360251991306314,C[N+](C)(C)CCCS([O-])(=O)=O,zwitterionic,DMAPS_变体360,74.78918391279583,71.71825757305413,87.69884194357589,73.08386371151724,True
124.23345200833354,-2.8823184772199117,42.70634966616616,0.0,2.0,2.0,1.0,0.0,9.0,0.0762162005255294,0.0,0.0,0.0,2.0,1.0,0.0,0.0,0.0,0.0,0.0,1.0,1.0,0.1333179601075953,9.925718123528926,49.509266841461226,2.566991044386403,-0.4930781655911463,0.9881898106351412,C[N+](C)(C)CC(=O)[O-],zwitterionic,CBMA单体(羧酸甜菜碱)_变体361,73.44214540545836,70.04837718716021,93.69408832818576,77.68450220279203,False
179.04609272119546,-0.7120393143377014,40.52907202711997,0.0,2.0,4.0,0.0,1.0,14.0,1.441597892457739,0.0,1.0,1.0,1.0,4.0,1.0,0.0,0.0,1.0,0.0,0.0,0.0,-0.0886591468193916,6.75338582491299,46.11557339326634,1.560259315347234,-0.6677612311856009,0.389040005501233,C[N+](C)(C)CCCS([O-])(=O)=O,zwitterionic,SBMA单体(磺酸甜菜碱)_变体362,77.66231305070174,72.16248819865373,82.87446666224685,69.91164423588708,False
109.47191910309836,-0.7164899414494789,21.017873645439494,0.0,1.0,2.0,0.0,1.0,3.0,1.14592383315458,0.0,0.0,0.0,0.0,1.0,2.0,1.0,0.0,0.0,0.0,0.0,0.0,0.6984535237699867,5.486514308038208,54.10660683591348,2.6194970095878864,0.4047849556463673,0.3332821840688246,C[S+](C)C[O-],zwitterionic,硫叶立德两性离子_变体363,70.6103737519864,76.70872651101196,93.39486951307266,74.43020015356473,True
209.85855875212889,-1.1002046185699406,36.46819319769544,0.0,3.0,4.0,1.0,0.0,10.0,-0.5115231001907923,0.0,1.0,0.0,1.0,3.0,0.0,0.0,1.0,0.0,0.0,0.0,0.0,0.3594580846422157,8.205327303209309,57.88092919301208,1.8553958108315909,0.2626126731129435,-0.1931512917451011,C[N+](C)(C)CCCS([O-])(=O)=O,zwitterionic,SBMA单体(磺酸甜菜碱)_变体364,67.49025404191872,60.27207201280857,84.81542236128922,69.21979378154069,False
128.47826031346935,-1.009187798379818,39.324989854318574,1.0,1.0,1.0,0.0,0.0,6.0,1.6351020945054944,0.0,0.0,1.0,1.0,3.0,0.0,0.0,0.0,0.0,0.0,1.0,1.0,-0.1014839836578487,8.168822394566982,46.65376000393871,3.835628199049912,0.2405775407394079,0.020021164666847,C[N+](C)(C)CC(=O)[O-],zwitterionic,CBMA单体(羧酸甜菜碱)_变体365,77.61317552767748,68.72752318654094,88.69046692363492,74.26118974584216,False
192.98713759809056,-0.6851892930870149,60.9616189750235,0.0,3.0,5.0,1.0,1.0,11.0,0.6474725171532961,0.0,0.0,0.0,0.0,4.0,1.0,0.0,0.0,0.0,0.0,0.0,0.0,1.0777313066213243,6.340556986459126,48.10197182533803,1.4922296811787676,0.0652279736975682,-0.5280239367806969,C[N+](C)(C)CCCS([O-])(=O)=O,zwitterionic,SBMA单体(磺酸甜菜碱)_变体366,70.07942266631164,71.16839273584112,86.84344925779024,74.91390135543166,True
109.41035189906724,-0.3666277812049152,87.05575331730303,4.0,3.0,2.0,0.0,1.0,8.0,1.0590960010203012,1.0,0.0,0.0,1.0,4.0,1.0,0.0,0.0,0.0,0.0,0.0,0.0,0.3820147664001191,15.565286109203262,31.037332394806626,2.4456088476175366,0.3034060063077241,0.8929477834967243,N[C@@H](CC(=O)O)C(=O)O,zwitterionic,天冬氨酸两性离子_变体367,79.43957169548966,75.43638657746556,86.50623044581206,69.28720328987679,False
155.1798095618254,0.6288491365338222,79.89130419404115,3.0,1.0,4.0,0.0,0.0,10.0,1.1246654206077955,1.0,1.0,0.0,0.0,4.0,0.0,0.0,0.0,0.0,0.0,0.0,0.0,0.5874070287928459,7.657257574447429,41.58265897357583,1.887171901575508,0.0580736441378127,0.6037852322448967,N[C@@H](CCC(=O)O)C(=O)O,zwitterionic,谷氨酸两性离子_变体368,75.53998997264057,67.2607140934336,82.40183715935373,69.80243427394815,False
173.08242765307003,-0.9944721504166322,74.75653366938161,0.0,4.0,2.0,1.0,1.0,14.0,0.46568357792325,0.0,0.0,1.0,2.0,2.0,1.0,0.0,0.0,0.0,1.0,0.0,0.0,0.0958585896442754,8.384880410625286,50.72720448141703,3.4991221018309564,-0.0511509726212356,-0.3008636232590206,C[N+]1=CC=CN1CCCS([O-])(=O)=O,zwitterionic,SBVI(磺酸甜菜碱乙烯基咪唑)_变体369,72.46807469636208,68.08234157540193,82.85455607984326,79.51363690360424,False
116.21410677492815,-2.277522768195997,26.48794590944346,1.0,1.0,1.0,0.0,0.0,4.0,1.7803213238860107,0.0,0.0,0.0,0.0,0.0,1.0,1.0,0.0,0.0,0.0,0.0,0.0,0.8252502796580932,3.1094657879024026,58.351837859831626,2.5294104991093285,-0.0967452746235601,0.3841845590297924,C[S+](C)C[O-],zwitterionic,硫叶立德两性离子_变体370,77.43312361405285,72.9198571093694,91.45771505554568,75.93832615621945,True
125.96377178633324,-0.5877311045825395,39.66001526833333,0.0,2.0,3.0,0.0,0.0,9.0,0.938651602951424,0.0,0.0,0.0,1.0,3.0,3.0,0.0,1.0,0.0,1.0,0.0,0.0,0.5286792761487508,6.39334690607606,44.9386335440404,1.0692388037735123,-0.2899480862731989,0.757910036628939,C[N+](C)(C)CCCS([O-])(=O)=O,zwitterionic,SBMA单体(磺酸甜菜碱)_变体371,76.34455274852667,73.09723728416549,86.69554475154897,68.40708726849981,False
108.90403439067086,-1.188798581151753,37.985804926454655,0.0,2.0,2.0,0.0,0.0,10.0,0.7507742435409939,0.0,0.0,0.0,1.0,2.0,0.0,1.0,0.0,1.0,0.0,0.0,0.0,0.0441379222151414,9.311403774001642,47.5569881277411,2.1453659417020403,-0.4212662485525899,0.7821579115100434,C[N+](C)(C)CC(=O)[O-],zwitterionic,CBMA单体(羧酸甜菜碱)_变体372,73.25312383467634,69.65091006268858,91.91082061874135,82.04143630321158,True
170.87385885969678,-0.3478011847039302,54.57022291295471,0.0,3.0,3.0,0.0,0.0,12.0,1.803919051879325,0.0,0.0,0.0,1.0,3.0,1.0,0.0,0.0,0.0,0.0,0.0,0.0,0.1448211948348191,9.000691885848019,50.75442778565057,3.385798868291264,0.5098515271303304,0.557096981998855,C[N+](C)(C)CCCS([O-])(=O)=O,zwitterionic,DMAPS_变体373,71.96090402076958,67.26573894633144,83.43525155463756,72.9426112302477,True
103.663952751704,-2.910562140459803,109.952004963179,2.0,2.0,4.0,0.0,1.0,11.0,0.4669611332619889,0.0,0.0,1.0,3.0,2.0,1.0,0.0,0.0,0.0,0.0,0.0,0.0,0.4371218875131719,8.000646656912235,54.066292282845,0.9969351752890908,0.5323719719930388,0.9902885911782328,N[C@@H](CCC[NH3+])C(=O)[O-],zwitterionic,鸟氨酸两性离子_变体374,67.51071625639787,62.3037438119196,80.47659459268003,64.47042630025537,False
234.34234195060284,-0.6058949676243681,83.6846109906819,1.0,2.0,6.0,0.0,0.0,8.0,2.245237867052756,0.0,0.0,0.0,1.0,4.0,0.0,0.0,1.0,1.0,0.0,1.0,0.0,-0.7831132932332141,9.73684034949869,42.36553346402286,2.7153590392652247,-0.1027831531113161,0.4452612261133606,C[N+](C)(C)CCOP([O-])(=O)O,zwitterionic,磷酸胆碱(MPC)_变体375,77.56018475221207,73.39243859909249,83.99828511641662,72.69639556588248,False
143.3059893662366,-0.9619082843385902,64.40902888558416,1.0,4.0,4.0,0.0,1.0,16.0,0.9091273235622118,0.0,0.0,1.0,2.0,3.0,0.0,1.0,1.0,0.0,0.0,0.0,1.0,0.7265468029579161,7.605274510508269,42.371835009970766,2.4819197882190456,0.0285588499869525,-0.7124918117320177,C[N+](C)(C)CCOP([O-])(=O)O,zwitterionic,磷酸胆碱(MPC)_变体376,74.40143387858308,73.753551887525,94.827663196428,79.50299060857009,False
168.74990823309247,-2.359391159458613,86.88017260275753,2.0,2.0,8.0,1.0,0.0,7.0,0.5510670278920025,0.0,0.0,0.0,1.0,1.0,0.0,0.0,0.0,1.0,0.0,0.0,0.0,-0.1713503840935475,8.731503573443915,53.175765127660746,2.5325199924671287,-0.2481217472516647,-0.2187269685998849,N[C@@H](CCCC[NH3+])C(=O)[O-],zwitterionic,赖氨酸两性离子_变体377,66.17522792934261,62.03356117468154,76.73334083659762,67.99693401439856,False
131.02728424025196,-0.493761409134214,94.87472242579707,5.0,4.0,6.0,0.0,1.0,5.0,-0.1439375700493214,0.0,0.0,0.0,2.0,4.0,1.0,0.0,1.0,0.0,1.0,0.0,0.0,-0.0170364792346389,9.65411609408508,46.45170514154006,1.6802934098596178,0.417515406342206,-0.2693495156087456,N[C@@H](CCC(=O)O)C(=O)O,zwitterionic,谷氨酸两性离子_变体378,70.28512904231285,61.94075450533998,78.44026951235833,71.38263895933515,False
167.90717020806582,-0.0902096635416068,64.06930966095933,0.0,4.0,3.0,0.0,0.0,8.0,0.4023722154822526,0.0,0.0,1.0,0.0,3.0,2.0,0.0,0.0,0.0,0.0,0.0,0.0,-0.1256405970092152,8.99058980432595,51.42825057480157,2.144234452697258,0.5484527531290564,-0.021559304292004,C[N+](C)(C)CCCS([O-])(=O)=O,zwitterionic,SBMA单体(磺酸甜菜碱)_变体379,74.13720542956425,69.76441846191292,79.53790807292818,70.78236666026203,True
223.9941892109215,-0.6711654451094408,78.89805625918191,0.0,4.0,2.0,0.0,0.0,10.0,1.017873159701948,1.0,0.0,0.0,1.0,4.0,0.0,0.0,3.0,0.0,0.0,1.0,1.0,0.4133211730315272,8.694502319355797,55.37378319557086,2.107850977495509,0.5194187243967497,-0.0907013075346271,C[N+](C)(C)CCOP([O-])(=O)O,zwitterionic,磷酸胆碱(MPC)_变体380,69.05297867776821,68.14112674531732,88.19238266824135,71.77816190492466,False
135.7759203060569,-2.165913595490295,121.96317259770056,5.0,3.0,4.0,0.0,0.0,12.0,1.293515788413933,0.0,0.0,0.0,2.0,4.0,0.0,1.0,0.0,0.0,0.0,0.0,1.0,0.168274344892776,13.51275765974677,49.67747294145245,1.6671667868394464,0.6801953566772614,1.098307306032293,N[C@@H](CCC(=O)O)C(=O)O,zwitterionic,谷氨酸两性离子_变体381,69.29496235888331,66.94381125239384,84.64248707146682,70.98204332675141,False
206.80626190987417,-0.8292738970377505,63.378346287390514,0.0,3.0,4.0,1.0,1.0,11.0,0.590181044614925,1.0,0.0,1.0,1.0,4.0,1.0,0.0,0.0,0.0,1.0,0.0,0.0,-0.3860798092236555,9.29657888998331,53.74410227906913,2.6533093091789133,-0.387204197938498,0.6631175731780374,C[N+]1=CC=CN1CCCS([O-])(=O)=O,zwitterionic,SBVI(磺酸甜菜碱乙烯基咪唑)_变体382,76.3096830882497,74.10140970430574,82.38841388486058,75.68568388368286,False
78.33033825149103,-0.9186907614167786,24.0822246266818,0.0,1.0,1.0,1.0,0.0,7.0,0.3196975797392237,0.0,0.0,0.0,1.0,1.0,1.0,0.0,0.0,0.0,0.0,0.0,1.0,-0.1948545777122391,3.823626510115565,49.97214925057231,3.29930444134075,0.0196821959287701,0.6961614048879516,C[S+](C)C[O-],zwitterionic,硫叶立德两性离子_变体383,77.61571156654523,74.3815129682785,79.69340058978379,74.20461264211526,False
202.7329353958832,-1.3254978717741606,55.75757583837776,2.0,2.0,3.0,0.0,0.0,8.0,-0.4518824440351229,0.0,0.0,0.0,3.0,2.0,0.0,0.0,0.0,0.0,1.0,0.0,0.0,-0.0618567242552342,11.879023716962228,41.39044728125717,1.2002563414373049,0.0025601746754633,-0.8225578274047932,N[C@@H](CCCC[NH3+])C(=O)[O-],zwitterionic,赖氨酸两性离子_变体384,68.68634607450517,64.73513500669023,78.53649677632404,66.11810081209254,False
215.9610948500252,-0.829553183258939,52.14623836290838,1.0,5.0,3.0,0.0,0.0,9.0,0.4308846347183791,0.0,0.0,0.0,1.0,5.0,0.0,0.0,1.0,1.0,0.0,0.0,0.0,0.0438514273594312,9.200186923844862,43.73677368213521,2.6968975865387312,-0.145646048995059,0.3009968692820386,C[N+](C)(C)CCOP([O-])(=O)O,zwitterionic,磷酸胆碱(MPC)_变体385,78.83762551868992,71.52191451536441,89.15563407799345,75.30437392149611,True
179.1789534309312,-0.2073392408674051,73.08911909657458,0.0,4.0,5.0,0.0,0.0,9.0,0.5568157634819872,0.0,0.0,0.0,1.0,2.0,1.0,0.0,0.0,0.0,0.0,0.0,0.0,0.4307589310490957,5.089163325783861,42.639419832595664,1.9328944029953443,0.4375980820480483,0.1782910417742367,C[N+](C)(C)CCCS([O-])(=O)=O,zwitterionic,SBMA单体(磺酸甜菜碱)_变体386,73.13870278152257,67.39240744508024,86.97954398031757,72.80677564323913,True
205.0241101521218,-0.1691269000841848,59.844855684467525,0.0,1.0,4.0,0.0,1.0,8.0,2.0121713110448924,0.0,0.0,1.0,1.0,3.0,1.0,0.0,0.0,0.0,0.0,0.0,0.0,0.1176294480049974,6.927330853485804,47.19796654236483,0.8617121206627949,1.0355514757827669,0.2171394185589801,C[N+](C)(C)CCCS([O-])(=O)=O,zwitterionic,SBMA单体(磺酸甜菜碱)_变体387,73.46348342990102,66.2246247526553,83.27208000984702,77.50148970811038,False
112.59862109493976,-0.8231898823672015,87.30597814563743,2.0,4.0,3.0,0.0,0.0,9.0,0.6914679461940441,0.0,0.0,0.0,1.0,3.0,0.0,0.0,1.0,1.0,0.0,1.0,0.0,-0.0341948807955434,14.45912975219511,59.120263126235656,2.6842496426322557,0.0157151439315305,0.6158152633209362,N[C@@H](CC(=O)O)C(=O)O,zwitterionic,天冬氨酸两性离子_变体388,60.190501138725104,64.36629925220915,91.24739817486432,66.61439798124135,False
165.91377914655814,-0.7964873114055716,58.093487134679,0.0,2.0,3.0,0.0,1.0,12.0,1.576434113077799,0.0,0.0,1.0,2.0,4.0,1.0,0.0,0.0,0.0,0.0,0.0,0.0,0.2109245610920054,6.506392839033508,43.158836116908056,0.3849716661978382,-0.1143621080769409,-0.3304322365543666,C[N+](C)(C)CCCS([O-])(=O)=O,zwitterionic,DMAPS_变体389,73.82165707534355,67.2394157322855,78.98533587316595,71.54001189065224,False
305.77328015545373,0.8504403025244551,81.12834904119995,1.0,7.0,7.0,0.0,0.0,15.0,1.4117868981403117,0.0,0.0,0.0,1.0,4.0,1.0,1.0,0.0,0.0,0.0,0.0,0.0,0.3711419887608939,6.53744509778024,38.4201178760309,1.2239916178064267,0.1986021131715422,0.4886843119115373,C[N+](C)(C)CCCS([O-])(=O)=O.C[Si](OC)(OC)C=C,zwitterionic,SBMA-VTMO杂化_变体390,82.30053302739823,76.39887058230501,91.31699825470146,82.02437989959613,True
136.1008994356292,-4.219224300079829,117.20768875795464,3.0,2.0,2.0,0.0,1.0,9.0,0.9611722900574238,0.0,0.0,0.0,2.0,2.0,0.0,1.0,0.0,0.0,0.0,0.0,0.0,-0.1552768716426746,9.601201269103564,40.82715842923582,2.934074932745133,0.179838787125723,0.8055346962124592,N[C@@H](CCC[NH3+])C(=O)[O-],zwitterionic,鸟氨酸两性离子_变体391,75.52237234328413,72.6433749101472,82.71501458439673,71.2209773425914,True
294.03010458918385,0.1286138942444754,87.77083985068475,0.0,4.0,6.0,0.0,0.0,14.0,1.2428992904337233,0.0,0.0,1.0,2.0,6.0,1.0,0.0,0.0,0.0,0.0,0.0,1.0,-0.5444707561281859,6.912480337560309,28.21601653805651,0.92090378718759,0.4651900403758603,0.2379077882780824,C[N+](C)(C)CCCS([O-])(=O)=O.C[Si](OC)(OC)C=C,zwitterionic,SBMA-VTMO杂化_变体392,83.55929647227218,86.86332687680859,80.38235728119159,89.58785672485746,False
393.4578077283692,0.4970209481522474,105.32086475226836,0.0,4.0,6.0,0.0,1.0,24.0,0.1857976403753412,0.0,0.0,0.0,0.0,5.0,1.0,1.0,0.0,1.0,0.0,0.0,0.0,0.3910842463065757,5.575255353197816,41.46083915818287,1.910635392439726,-0.4852546753149174,0.9448039400349584,C[N+](C)(C)CCCS([O-])(=O)=O.C[Si](OC)(OC)C=C,zwitterionic,SBMA-VTMO杂化_变体393,86.06434713655091,76.24732357039336,97.68552253645844,84.98858302255825,False
126.4413759376769,-1.0004582779226334,116.55933834795223,3.0,5.0,4.0,0.0,0.0,10.0,1.4691176118022051,1.0,0.0,0.0,1.0,5.0,0.0,0.0,0.0,0.0,0.0,0.0,1.0,-0.4275837556516551,17.053159754443953,42.48951851710293,2.244432049584262,0.2154181137048642,0.1387816253424712,N[C@@H](CC(=O)O)C(=O)O,zwitterionic,天冬氨酸两性离子_变体394,77.42660973153902,67.17026519656245,73.95931772624077,64.8066476324476,False
174.7913137416849,-0.4224485811389784,54.275768472924014,0.0,2.0,3.0,0.0,0.0,10.0,1.947035886027613,0.0,0.0,0.0,1.0,3.0,0.0,0.0,0.0,0.0,1.0,0.0,1.0,1.0465088915333545,7.112046041012393,58.6848804636797,1.2987813322979265,0.5602457060473579,0.2818143484608302,C[N+](C)(C)CCCS([O-])(=O)=O,zwitterionic,DMAPS_变体395,62.73837814631565,62.63301494627398,96.7670781552314,72.23155479599365,False
152.12183318687897,-3.3179954592167773,74.404438834014,1.0,3.0,5.0,0.0,0.0,7.0,1.2869992056943371,0.0,0.0,1.0,2.0,1.0,0.0,0.0,0.0,0.0,0.0,0.0,0.0,1.1509601717084652,16.39696275208974,47.77132220994629,2.3151900263357152,0.0943662385978404,0.2972885551611721,N[C@@H](CCC[NH3+])C(=O)[O-],zwitterionic,鸟氨酸两性离子_变体396,67.11812749182847,60.63656715358005,83.96721265498255,69.38432341366355,True
194.7345828434971,-0.5167545708302452,41.29536932966956,0.0,2.0,3.0,0.0,1.0,8.0,0.4891581139516079,0.0,0.0,0.0,0.0,1.0,2.0,1.0,0.0,1.0,0.0,0.0,0.0,-0.2145682865996879,7.213818085532029,43.50966905501642,2.3618162480280565,0.0865434509830712,-0.1207329937131672,C[N+](C)(C)CCCS([O-])(=O)=O,zwitterionic,DMAPS_变体397,74.84249349002224,73.94036314082675,87.049739134668,75.83263717232992,False
356.00459305396345,2.1573957698185984,76.87827611217496,0.0,4.0,7.0,1.0,0.0,16.0,0.5840040967750222,0.0,0.0,0.0,0.0,4.0,2.0,1.0,1.0,0.0,0.0,0.0,0.0,-0.2073409516583719,5.93729332060608,43.51990496976927,1.1457901526209953,-0.8170066387836306,0.9701120231155396,C[N+](C)(C)CCCS([O-])(=O)=O.C[Si](OC)(OC)C=C,zwitterionic,SBMA-VTMO杂化_变体398,83.40433270808522,76.34062610918298,86.79985925569757,85.46452013780842,False
199.2346260588955,-0.3741498524409669,61.26290796906838,1.0,2.0,5.0,0.0,0.0,13.0,0.981315679831336,1.0,0.0,1.0,1.0,4.0,0.0,0.0,1.0,0.0,0.0,0.0,0.0,-0.3394326995960784,10.28612915519712,29.507128042016788,1.908519813010616,0.7729010784062406,0.2880137211054943,C[N+](C)(C)CCOP([O-])(=O)O,zwitterionic,磷酸胆碱(MPC)_变体399,81.5892422876517,78.00321071333762,81.0018925132209,83.33692221527147,False
75.31416288635428,-1.2013093637881835,31.15347793360182,0.0,2.0,1.0,0.0,1.0,5.0,1.2445315066090754,0.0,0.0,1.0,1.0,0.0,2.0,0.0,0.0,0.0,1.0,0.0,0.0,1.0655605678594355,5.546429942436008,58.98640763300999,0.92051997835842,0.8176722459750454,0.0407266893365202,C[S+](C)C[O-],zwitterionic,硫叶立德两性离子_变体400,77.16130659626668,72.28029804098847,99.0,75.82964092831217,False
72.40304421599666,-1.3765664697554048,70.35858926733636,3.0,3.0,1.0,0.0,0.0,7.0,0.2348919099478341,0.0,0.0,0.0,1.0,2.0,0.0,0.0,0.0,0.0,0.0,0.0,0.0,0.5380800979561552,11.011539065939289,45.36987248725036,0.9611496855416364,0.4213809875869543,0.257407982378629,N[C@@H](CO)C(=O)O,zwitterionic,丝氨酸两性离子_变体401,67.3382248839296,64.49839662182468,71.53780818781512,63.990607116768274,True
143.38000898121567,-2.8949870410254976,111.39275055919067,2.0,2.0,7.0,0.0,0.0,11.0,0.1229001340078238,1.0,0.0,1.0,1.0,2.0,0.0,0.0,0.0,0.0,0.0,0.0,0.0,-0.7813410221740109,11.066297917927724,45.061931572434695,1.2097135410942073,0.6949541526958406,0.5834706817039124,N[C@@H](CCCC[NH3+])C(=O)[O-],zwitterionic,赖氨酸两性离子_变体402,72.585304800384,63.47650115406363,78.9051045538599,66.1678789465902,False
119.9423322242552,-1.3332985876002728,77.91161046914266,1.0,2.0,1.0,1.0,0.0,7.0,0.4604728390210191,0.0,0.0,1.0,1.0,4.0,0.0,0.0,0.0,0.0,0.0,0.0,0.0,1.247651184584667,13.4705762492589,36.58322433501864,2.276003506156622,-0.2095558224733423,1.6805418487368042,N[C@@H](CO)C(=O)O,zwitterionic,丝氨酸两性离子_变体403,72.71704896097341,67.42190146741133,90.96816748464344,71.99893492592638,False
148.52515272183723,-0.4206883261745869,73.87216811015527,0.0,3.0,5.0,1.0,0.0,12.0,1.9164380259247975,1.0,0.0,0.0,1.0,5.0,0.0,0.0,1.0,0.0,0.0,0.0,0.0,0.8754139332458886,13.576720609328902,60.46836436164115,1.9532509201254455,0.5912683849561343,-0.0169386337728687,C[N+](C)(C)CCOP([O-])(=O)O,zwitterionic,磷酸胆碱(MPC)_变体404,69.7903556863364,64.0612459545836,97.78015580421932,74.72988484527919,False
110.16562251297742,-1.056433050580842,34.0709735937286,0.0,3.0,0.0,0.0,0.0,7.0,1.682484277330908,0.0,1.0,0.0,0.0,2.0,1.0,0.0,0.0,0.0,0.0,1.0,0.0,0.028646156812809,10.307244195611268,52.64738580399252,1.0203790719294707,-0.0149600854017832,1.0062462040390303,C[N+](C)(C)CC(=O)[O-],zwitterionic,CBMA单体(羧酸甜菜碱)_变体405,74.25574283361067,75.23473869323233,96.2375647497969,72.92280407721381,False
348.9950743217481,-0.0958837652275043,112.35148183039306,0.0,5.0,9.0,0.0,0.0,19.0,-0.1184924942721504,0.0,0.0,0.0,2.0,5.0,0.0,2.0,1.0,0.0,0.0,1.0,1.0,0.1646575095535085,4.548846457911655,36.93931185977187,1.967286791589434,-0.7302706168793288,0.354546395676248,C[N+](C)(C)CCCS([O-])(=O)=O.C[Si](OC)(OC)C=C,zwitterionic,SBMA-VTMO杂化_变体406,85.17135402106172,84.8296404755292,99.0,87.01196081732375,False
113.58912792202293,-2.213057159624086,39.50015948510091,0.0,3.0,1.0,0.0,0.0,9.0,-0.1768605348015275,0.0,0.0,0.0,2.0,2.0,0.0,0.0,0.0,0.0,0.0,0.0,0.0,0.2871971517389763,5.036121681443131,42.56787122229235,2.19491691245365,-0.0409193834485852,1.4203231986138976,C[N+](C)(C)CC(=O)[O-],zwitterionic,CBMA单体(羧酸甜菜碱)_变体407,82.99221725201605,75.39163658540804,83.78197499047867,77.24483538675746,True
151.78403872690376,-1.034243282612772,110.1272817638942,3.0,4.0,2.0,0.0,0.0,9.0,0.9302513362780428,0.0,0.0,0.0,0.0,4.0,0.0,1.0,1.0,0.0,0.0,0.0,0.0,0.1272662948938192,9.640269859593545,42.42025248226996,1.9814743026710044,0.1973145713605452,0.6801838119065171,N[C@@H](CCC(=O)O)C(=O)O,zwitterionic,谷氨酸两性离子_变体408,75.48237046444979,71.05705987325237,83.3229177757223,72.54488379244056,True
148.9286076908932,-0.1174753360512568,99.30297851470804,3.0,5.0,4.0,0.0,1.0,8.0,1.3760708032130826,0.0,0.0,0.0,1.0,6.0,0.0,0.0,0.0,0.0,0.0,1.0,0.0,0.35277537369302,12.196747491634218,40.99342480908251,2.212340847951195,0.8573039927412317,-0.1028259383369109,N[C@@H](CCC(=O)O)C(=O)O,zwitterionic,谷氨酸两性离子_变体409,75.26173128527218,72.09237427956336,83.2686626305678,73.96800653301723,False
316.1246717562089,0.9677848710421784,65.84425022550496,0.0,6.0,11.0,1.0,1.0,18.0,0.4444182783262225,0.0,0.0,0.0,1.0,4.0,1.0,1.0,0.0,0.0,0.0,0.0,0.0,-0.3963166447017184,7.165681116560141,46.84504842056791,2.194873947745517,0.4842629445537314,0.1911242742953681,C[N+](C)(C)CCCS([O-])(=O)=O.C[Si](OC)(OC)C=C,zwitterionic,SBMA-VTMO杂化_变体410,77.51160909328836,74.02067237077165,78.00683788657581,84.42204657535319,True
199.3928738894776,0.2815512920205649,50.83099841241722,0.0,3.0,3.0,0.0,1.0,13.0,0.8282699176848491,0.0,1.0,0.0,3.0,3.0,1.0,0.0,0.0,0.0,1.0,0.0,0.0,1.3796376761079183,7.442207793301413,46.4967301218754,1.6829640058103932,0.5413048009718285,1.134395152034324,C[N+]1=CC=CN1CCCS([O-])(=O)=O,zwitterionic,SBVI(磺酸甜菜碱乙烯基咪唑)_变体411,71.77813869331543,71.56919519290797,99.0,73.37302902114185,False
350.7325921026563,0.1924288335931709,53.58475779351049,0.0,6.0,8.0,0.0,0.0,23.0,1.197258885293575,0.0,0.0,0.0,2.0,6.0,1.0,3.0,0.0,0.0,0.0,0.0,0.0,0.759937340771805,7.959625841870825,42.59328595987451,1.2870587578321926,0.4633623406535732,0.4404863466266941,C[N+](C)(C)CCCS([O-])(=O)=O.C[Si](OC)(OC)C=C,zwitterionic,SBMA-VTMO杂化_变体412,84.05940665605067,77.59532717543696,94.87347659829378,85.95522646511427,False
165.79261687933086,0.1271796106029057,54.451999323083975,1.0,5.0,4.0,0.0,1.0,12.0,1.2457212896830807,1.0,0.0,0.0,1.0,2.0,1.0,1.0,0.0,0.0,0.0,1.0,0.0,0.6414937711458969,6.63427253596697,47.49236154282087,0.74691749709404,0.3750614311390471,0.4675251824888209,C[N+](C)(C)CCCS([O-])(=O)=O,zwitterionic,DMAPS_变体413,69.88302206487757,73.56569316839304,95.69947513154264,71.17426768289434,False
136.04163039385926,-1.671020674987925,113.43917444168092,3.0,2.0,3.0,0.0,0.0,7.0,0.5158053891824673,0.0,0.0,0.0,1.0,5.0,0.0,0.0,1.0,0.0,0.0,0.0,0.0,0.376800554579907,8.203045151593342,33.346665915956535,2.7348198572412405,-0.71780022251981,0.7897864263917586,N[C@@H](CC(=O)O)C(=O)O,zwitterionic,天冬氨酸两性离子_变体414,76.77051807392485,68.6727658968294,83.16660457438897,74.09910073636274,True
107.50380347374808,-1.1989186025973848,95.190613975871,4.0,4.0,2.0,0.0,0.0,9.0,0.7559224014355526,1.0,0.0,1.0,1.0,3.0,0.0,0.0,0.0,0.0,0.0,0.0,0.0,0.8602482619451399,14.4725939265215,39.97148929278745,1.580567007491102,0.2053427206622456,0.2722766781189503,N[C@@H](CO)C(=O)O,zwitterionic,丝氨酸两性离子_变体415,73.9199347508521,64.39447865733469,80.50531187742077,73.05093949859278,True
110.46787833183969,-1.0500218955762848,20.1900648652424,0.0,0.0,1.0,1.0,0.0,6.0,1.5655391409898645,1.0,1.0,0.0,0.0,0.0,2.0,0.0,0.0,0.0,0.0,0.0,1.0,0.6185078619390256,5.204400066370635,39.42755426544805,3.038745252731016,1.085825133473026,0.6050038989639039,C[S+](C)C[O-],zwitterionic,硫叶立德两性离子_变体416,83.15726989335283,78.73777132300557,90.0864034971288,83.95531083847011,False
99.4843802263013,-0.8637274989069896,17.17686850199013,0.0,2.0,1.0,1.0,0.0,5.0,-0.4950546191813432,0.0,0.0,0.0,0.0,1.0,0.0,0.0,0.0,0.0,0.0,0.0,0.0,0.1111401847422757,3.4848995386748864,64.022852982244,2.816435422468514,-0.0356426997175537,0.4380114310386995,C[S+](C)C[O-],zwitterionic,硫叶立德两性离子_变体417,71.25072162324602,69.2541671557972,82.97584504333027,73.88211544147488,True
161.75428394479388,-0.2582372396795043,48.841104309404784,1.0,2.0,5.0,0.0,0.0,11.0,1.4766762046658175,1.0,0.0,0.0,1.0,5.0,2.0,0.0,0.0,0.0,1.0,0.0,0.0,0.2182018458431778,6.147094633547739,37.8438772815968,1.433507591967965,1.318160802144246,0.3463583247955702,C[N+](C)(C)CCCS([O-])(=O)=O,zwitterionic,SBMA单体(磺酸甜菜碱)_变体418,79.66378486828457,69.19536066634852,81.80700662326126,73.68967888616454,False
102.23911267479887,-1.0909655319197769,43.92870033088173,0.0,2.0,0.0,0.0,1.0,10.0,1.5862026517367611,0.0,1.0,0.0,1.0,3.0,0.0,0.0,1.0,0.0,0.0,0.0,0.0,-0.2643232900595801,8.258693659250776,40.90684628771402,1.3681994261731472,-1.4743347377642404,-0.295020677312647,C[N+](C)(C)CC(=O)[O-],zwitterionic,CBMA单体(羧酸甜菜碱)_变体419,79.53313498783838,67.13739170766826,76.86935729609944,81.04910136691329,False
120.01174222970508,-0.8278432298328916,46.35023969682117,0.0,2.0,3.0,0.0,1.0,7.0,0.8474795573461498,0.0,0.0,1.0,1.0,5.0,1.0,0.0,1.0,0.0,0.0,0.0,0.0,0.2523490102258445,7.656302276705273,49.616364739789,3.200393580093479,0.477668852153864,-0.124253769565158,C[N+](C)(C)CC(=O)[O-],zwitterionic,CBMA单体(羧酸甜菜碱)_变体420,78.46669131362277,69.41131214156285,82.95452909432068,77.76000178116941,False
167.61255026274077,-0.0712677062768231,90.18677421917263,4.0,5.0,3.0,1.0,0.0,8.0,0.7747582615793545,0.0,0.0,0.0,1.0,3.0,0.0,0.0,0.0,0.0,1.0,0.0,0.0,-0.5883490928854532,13.414763990891643,39.49280409229719,1.091552733797656,0.4558297415388941,0.1625195018690704,N[C@@H](CCC(=O)O)C(=O)O,zwitterionic,谷氨酸两性离子_变体421,73.8057060997933,61.542911100412,80.90271451683937,74.11488433581816,False
111.1383203938686,-0.9346758494573082,88.61398132547099,4.0,2.0,4.0,0.0,1.0,8.0,0.5517892171576492,0.0,0.0,0.0,1.0,3.0,0.0,0.0,0.0,0.0,0.0,0.0,1.0,-0.3722542198178784,13.225179906253317,57.02791334618358,0.8537543328570156,-1.1192816935536911,0.8679723583280974,N[C@@H](CC(=O)O)C(=O)O,zwitterionic,天冬氨酸两性离子_变体422,69.11571401172122,55.8587663209652,72.99825445082885,63.33781610895329,False
203.21134728268288,-1.67120433589496,63.35912992005818,0.0,2.0,3.0,0.0,0.0,12.0,0.8717614420719553,0.0,0.0,0.0,2.0,3.0,1.0,0.0,0.0,0.0,0.0,0.0,0.0,0.3402008576687032,7.394738637571429,46.63782563868708,1.043806697744772,-0.0944495473233356,-0.0787845520910581,C[N+](C)(C)CCCS([O-])(=O)=O,zwitterionic,DMAPS_变体423,76.1761049275615,69.46782272923092,82.84275801991956,73.02879965468897,True
123.78605141552484,-3.4210736743001275,84.51379084963426,2.0,5.0,3.0,0.0,0.0,8.0,1.4809061981845244,0.0,0.0,0.0,2.0,1.0,0.0,0.0,0.0,0.0,0.0,0.0,0.0,1.0132936274790707,5.092822124348147,50.88853978556506,0.6344238698472537,1.282376365615861,0.1791738752932698,N[C@@H](CCC[NH3+])C(=O)[O-],zwitterionic,鸟氨酸两性离子_变体424,70.29484983269359,62.53863350698929,83.92059795191447,64.4672789227982,True
122.27868747801185,-2.465946335666764,116.40019007458076,3.0,1.0,7.0,0.0,0.0,7.0,0.2022105669575182,0.0,1.0,0.0,2.0,2.0,0.0,0.0,0.0,1.0,0.0,0.0,0.0,0.2464307260448484,10.631404830224158,42.231414166804186,2.6575135282681157,0.761353939479256,1.1931054948816615,N[C@@H](CCC[NH3+])C(=O)[O-],zwitterionic,鸟氨酸两性离子_变体425,71.80344885168518,58.3585647712485,85.39923059904628,70.13150664869313,False
114.50989265845143,-2.6788862265765,86.55293345884449,2.0,3.0,1.0,0.0,0.0,6.0,0.0073569300662563,1.0,0.0,0.0,1.0,3.0,0.0,0.0,1.0,1.0,0.0,0.0,0.0,0.29459107518513,15.906577007301138,45.70359274843823,1.5149303823785478,-0.4231545126867519,0.5031611784717301,N[C@@H](CO)C(=O)O,zwitterionic,丝氨酸两性离子_变体426,65.14519028208517,64.90170548236158,84.65517533374496,68.3059608567826,False
204.23030427137047,-1.082605440244958,38.872361149474095,0.0,2.0,5.0,0.0,0.0,12.0,0.6513048252350924,0.0,0.0,0.0,2.0,2.0,1.0,0.0,0.0,0.0,0.0,0.0,0.0,-0.1280134330708124,7.355762823989264,55.07462262818142,1.4515829372676263,0.7736579560441331,-0.1932218996982233,C[N+](C)(C)CCCS([O-])(=O)=O,zwitterionic,DMAPS_变体427,66.63832279358178,60.31750214316151,83.14700425710923,71.23568048666826,True
118.81753620332115,-1.850727338089552,21.146494182415783,0.0,3.0,4.0,0.0,0.0,8.0,1.8432510070818309,1.0,0.0,0.0,0.0,3.0,0.0,0.0,0.0,0.0,0.0,0.0,0.0,-0.3075628315869716,7.141300969476304,57.16972228572722,2.2839486995827443,0.3497513443195091,-0.2331446733465647,C[N+](C)(C)CC(=O)[O-],zwitterionic,CBMA单体(羧酸甜菜碱)_变体428,63.05366840093452,67.56279816505563,78.45808946642829,75.39612012016607,True
228.0093588747923,-0.0740416177092518,80.08747864029269,0.0,4.0,4.0,2.0,0.0,12.0,0.811614653299159,0.0,0.0,0.0,2.0,4.0,1.0,0.0,1.0,0.0,0.0,0.0,0.0,0.2242617284848531,8.761828141612133,37.63370490265896,2.2927428776116088,-0.4795914233587589,0.2606900960294154,C[N+]1=CC=CN1CCCS([O-])(=O)=O,zwitterionic,SBVI(磺酸甜菜碱乙烯基咪唑)_变体429,82.49687511163866,75.53042754862737,81.4552627046314,77.91713292201943,True
193.0795590797999,-0.735917013013031,58.201845733087126,1.0,2.0,3.0,0.0,0.0,12.0,0.0861912041874474,0.0,0.0,0.0,1.0,3.0,1.0,0.0,0.0,1.0,0.0,1.0,0.0,0.1370176125498859,5.3131011194493,39.64497259134501,3.5355518313550847,-0.2103239278120726,1.3108839759872302,C[N+](C)(C)CCCS([O-])(=O)=O,zwitterionic,DMAPS_变体430,73.94742692228782,68.98160386124216,92.00525124140518,75.41525845755896,False
152.3874549594131,-0.4888921805198202,105.55793029704598,1.0,2.0,2.0,0.0,0.0,12.0,-0.3259162587517432,0.0,0.0,0.0,2.0,4.0,1.0,0.0,0.0,0.0,0.0,0.0,0.0,0.6736433781009904,13.838839366404228,48.17737149022492,0.710531542018483,0.2402293986905516,-0.6575360831668631,N[C@@H](CC(=O)O)C(=O)O,zwitterionic,天冬氨酸两性离子_变体431,66.82457266498369,69.73162984722579,84.79103394609017,69.36429654596172,True
185.446269648916,-0.9573015498666748,52.3029185650396,0.0,4.0,4.0,0.0,1.0,14.0,0.7186897986227215,0.0,0.0,0.0,3.0,2.0,1.0,0.0,0.0,0.0,0.0,0.0,0.0,0.112262612930271,6.28096421705145,54.203701540783584,2.7186393066309287,0.5060575985970537,-0.0650025523236021,C[N+]1=CC=CN1CCCS([O-])(=O)=O,zwitterionic,SBVI(磺酸甜菜碱乙烯基咪唑)_变体432,74.63258237719849,65.96757845791498,80.2285228947129,73.71342017468623,True
177.48160087177072,-0.1169364172835054,69.790883720007,0.0,3.0,4.0,0.0,0.0,12.0,0.0918351078183552,0.0,0.0,0.0,2.0,3.0,1.0,0.0,0.0,0.0,0.0,1.0,0.0,0.1464649710509538,7.646925083788736,36.648741773462845,2.124276303900472,-0.3981035329395991,0.2691975042360012,C[N+](C)(C)CCCS([O-])(=O)=O,zwitterionic,SBMA单体(磺酸甜菜碱)_变体433,79.67330370549175,74.93287238236792,90.73487935215516,73.72230187946496,True
112.88332045725676,-1.916935182387021,23.50510359245918,0.0,2.0,3.0,0.0,0.0,3.0,0.6179885613136507,0.0,0.0,1.0,1.0,2.0,0.0,0.0,0.0,0.0,0.0,1.0,0.0,0.3363021385848628,9.54245453531684,51.28427218468937,1.3817280141341497,-1.170342836115407,0.4364911595754086,C[N+](C)(C)CC(=O)[O-],zwitterionic,CBMA单体(羧酸甜菜碱)_变体434,74.40036487272556,69.78627934723994,96.41880284071048,75.97995973012989,False
129.6263895425164,-0.8849923646926734,115.351253686808,2.0,4.0,0.0,0.0,0.0,7.0,-0.1345602885404946,0.0,0.0,0.0,1.0,4.0,1.0,0.0,0.0,0.0,0.0,0.0,0.0,-0.2444827799290335,13.96051086079613,37.83680157812282,2.385967144305464,0.162983086734417,0.3432568469362451,N[C@@H](CC(=O)O)C(=O)O,zwitterionic,天冬氨酸两性离子_变体435,76.5713964224888,71.64384636406191,80.47672345311778,73.34140605425021,True
231.0104005344403,-0.9322723661383384,57.834126903794754,1.0,3.0,4.0,1.0,0.0,14.0,0.8121080211044911,0.0,0.0,0.0,2.0,3.0,2.0,0.0,0.0,0.0,0.0,0.0,1.0,0.394065467952255,6.853317032619061,50.9667741911268,1.7283893925205418,-1.285117324853718,-0.4286702441496059,C[N+]1=CC=CN1CCCS([O-])(=O)=O,zwitterionic,SBVI(磺酸甜菜碱乙烯基咪唑)_变体436,75.3919341099965,72.93029844443221,93.81124542624578,76.23350662967202,False
155.8446218015058,-3.59476111071316,97.75889184616165,4.0,3.0,5.0,0.0,0.0,10.0,1.0112024018915844,0.0,0.0,1.0,2.0,5.0,0.0,0.0,0.0,0.0,0.0,0.0,0.0,1.1458385593693508,11.03013903001019,61.23386556321012,2.899919751710814,-0.2551960689847525,-0.4622240667624882,N[C@@H](CCCC[NH3+])C(=O)[O-],zwitterionic,赖氨酸两性离子_变体437,60.50263770630443,57.78194923175079,92.03575806753078,62.966026388001545,False
166.1127897855775,0.0132814831991889,116.47910302712664,3.0,2.0,4.0,0.0,0.0,11.0,0.3758542997410595,0.0,0.0,0.0,0.0,4.0,0.0,0.0,0.0,1.0,0.0,0.0,0.0,0.368764031733269,12.602497923434395,32.67911768806288,3.0423353304478,0.1305317867365049,0.2722517195044205,N[C@@H](CCC(=O)O)C(=O)O,zwitterionic,谷氨酸两性离子_变体438,77.0264719180129,64.88268720847772,89.06098671585815,74.48183631531832,True
229.8892405996566,-0.8503780524255693,78.64482782764885,0.0,4.0,4.0,1.0,1.0,13.0,0.7496946754625206,0.0,0.0,0.0,0.0,4.0,0.0,0.0,0.0,0.0,1.0,1.0,0.0,0.8730173399829629,7.786440613995361,53.73437196816215,2.0810622878922103,1.123136711115707,0.8067142817610728,C[N+]1=CC=CN1CCCS([O-])(=O)=O,zwitterionic,SBVI(磺酸甜菜碱乙烯基咪唑)_变体439,74.04384824089543,61.90463761212072,99.0,70.67488951267252,False
180.16773366330744,0.6245101951631432,39.537114591591845,0.0,1.0,4.0,0.0,0.0,10.0,1.2642511909387872,0.0,0.0,1.0,0.0,3.0,1.0,1.0,0.0,1.0,0.0,1.0,0.0,0.0997442070835072,8.958044074397218,41.90961453627444,1.2711486733686268,0.9223095431333151,-0.0200025335885538,C[N+](C)(C)CCCS([O-])(=O)=O,zwitterionic,DMAPS_变体440,78.576199923804,74.56267844270533,96.2227701470708,76.72493065173592,False
212.09907052133343,0.4024848563307622,68.9486192053182,0.0,5.0,3.0,0.0,1.0,12.0,1.3605582061276178,0.0,0.0,0.0,1.0,3.0,1.0,0.0,0.0,0.0,1.0,0.0,0.0,0.4524241421817934,6.261983302131357,45.370737853810496,2.3760553773025426,-0.4617330905627315,1.32734277148645,C[N+](C)(C)CCCS([O-])(=O)=O,zwitterionic,DMAPS_变体441,80.94937447944127,68.27534487976037,87.03093669859895,72.29875415756453,False
86.30155620459746,-1.9930364207117115,67.5716868636418,2.0,5.0,2.0,0.0,0.0,6.0,0.423291785659815,0.0,1.0,0.0,0.0,4.0,0.0,0.0,0.0,0.0,0.0,0.0,0.0,-0.6623172572376989,12.77622527975319,48.89903615446276,2.5534644543885805,-0.2163754064166519,0.4608227035652446,N[C@@H](CO)C(=O)O,zwitterionic,丝氨酸两性离子_变体442,67.30702252121836,58.26529869732066,67.2161931355742,69.21897404499146,True
115.98814354664336,-0.7286482741311621,51.06468192222311,0.0,2.0,2.0,0.0,0.0,5.0,0.6962606022208866,0.0,0.0,0.0,1.0,3.0,0.0,1.0,0.0,0.0,0.0,0.0,0.0,0.9020279397369908,7.892094383045505,36.88849151225545,2.408466663909156,0.0723730250017254,-0.0461679165687336,C[N+](C)(C)CC(=O)[O-],zwitterionic,CBMA单体(羧酸甜菜碱)_变体443,80.9365628829809,74.6313823824121,97.715906402421,80.50342483729735,True
141.23531101888264,-3.5142888076753707,77.25457624757625,2.0,3.0,4.0,1.0,0.0,12.0,0.8197060210197968,0.0,0.0,0.0,2.0,1.0,0.0,0.0,0.0,0.0,0.0,0.0,0.0,-0.2358280595372227,8.253688394107662,40.57047094562997,2.3143848483380784,0.201665674365475,0.0568183605629875,N[C@@H](CCC[NH3+])C(=O)[O-],zwitterionic,鸟氨酸两性离子_变体444,73.23002071556971,71.3532087742134,70.7454787769549,64.47363088927966,True
96.47239464438792,-1.1084707901679431,26.68375329246572,0.0,1.0,1.0,0.0,0.0,4.0,2.218281774864864,0.0,0.0,1.0,1.0,1.0,0.0,0.0,1.0,0.0,0.0,0.0,0.0,1.443016773050152,5.156208905134212,47.10863626059136,1.25717200761429,0.2414685680022083,0.0974704096569561,C[S+](C)C[O-],zwitterionic,硫叶立德两性离子_变体445,79.09604099189765,72.56793456712562,99.0,79.40088819401886,False
133.9744017960492,-0.3613813278652392,67.56258520635588,1.0,2.0,5.0,0.0,1.0,9.0,1.3656842887412732,1.0,0.0,0.0,2.0,2.0,1.0,0.0,0.0,0.0,1.0,0.0,0.0,0.4301136882799573,9.522244700567583,47.11912062748522,2.8321757321857044,0.260926380198274,-0.1854730298412146,C[N+]1=CC=CN1CCCS([O-])(=O)=O,zwitterionic,SBVI(磺酸甜菜碱乙烯基咪唑)_变体446,72.79598878691698,74.2500946154621,98.37006098284056,71.47140417187751,False
137.53458842796013,-3.35772521154107,109.80553973906731,2.0,3.0,3.0,0.0,0.0,8.0,0.657926591401622,1.0,0.0,0.0,1.0,2.0,0.0,0.0,0.0,0.0,0.0,0.0,0.0,0.9139280210547388,11.40427292098613,48.05048621646578,2.148404297520807,0.0910728236214406,0.5586800960785933,N[C@@H](CCC[NH3+])C(=O)[O-],zwitterionic,鸟氨酸两性离子_变体447,69.04947891693391,64.89738866232965,89.29855902459633,69.36154589958622,True
173.62868547224014,-0.5586224022253559,78.20781384909047,0.0,2.0,4.0,0.0,1.0,16.0,0.6078478346043399,0.0,0.0,0.0,3.0,1.0,1.0,1.0,1.0,0.0,0.0,0.0,1.0,-0.147179496081048,6.488936836241011,44.62680437623678,3.696264517700616,1.323672163448477,0.2978146401813168,C[N+]1=CC=CN1CCCS([O-])(=O)=O,zwitterionic,SBVI(磺酸甜菜碱乙烯基咪唑)_变体448,80.18085032969257,73.2788903955618,77.37702314711677,81.54218969949383,False
223.5158395774523,-0.4946999460739591,61.31622799422476,0.0,2.0,5.0,2.0,1.0,16.0,0.5407485792578232,0.0,0.0,1.0,2.0,3.0,2.0,1.0,0.0,0.0,1.0,0.0,1.0,0.5053222979662482,7.834805034837145,49.78621750840039,2.065621092943692,-0.3416681939840688,-0.3794631522621348,C[N+]1=CC=CN1CCCS([O-])(=O)=O,zwitterionic,SBVI(磺酸甜菜碱乙烯基咪唑)_变体449,73.98714015231579,72.024454025305,99.0,76.81237433181552,False
294.25295710332165,1.8973830467525568,88.987754927211,0.0,5.0,9.0,0.0,0.0,25.0,1.3442951901519586,0.0,0.0,0.0,1.0,5.0,1.0,1.0,1.0,0.0,0.0,0.0,0.0,-0.2838678197935189,7.214751070135177,47.79703806239155,2.3173143919695267,-0.4733352569140492,0.1966418433792244,C[N+](C)(C)CCCS([O-])(=O)=O.C[Si](OC)(OC)C=C,zwitterionic,SBMA-VTMO杂化_变体450,75.20277529057873,72.38250009105731,82.5143963049765,82.190781654055,True
180.45840918466115,-0.7353148567317942,50.50698140275183,0.0,2.0,4.0,0.0,0.0,13.0,0.4175984042543886,0.0,0.0,0.0,1.0,2.0,2.0,0.0,0.0,1.0,0.0,0.0,0.0,0.0576851979642081,7.437225960828848,56.32564814798869,0.6080634650844208,0.8480005197103077,0.5090683716782293,C[N+](C)(C)CCCS([O-])(=O)=O,zwitterionic,DMAPS_变体451,65.71442735135062,68.23518824865893,86.60135951153279,65.61667301432134,False
205.46344263782305,-0.3785530757658301,45.53948024492666,0.0,5.0,6.0,0.0,0.0,11.0,0.8129931227160743,0.0,0.0,0.0,2.0,3.0,0.0,0.0,1.0,0.0,0.0,0.0,0.0,-1.0747318772998502,7.084032673061856,45.30737219802122,3.038202402783326,0.0792297486917819,-0.61788570457105,C[N+](C)(C)CCCS([O-])(=O)=O,zwitterionic,DMAPS_变体452,76.13658136950464,67.46557717606328,66.38553866267583,71.4053112004439,True
202.28839855597505,-0.417837926659259,81.31810478273098,1.0,4.0,6.0,0.0,0.0,9.0,1.051529995033901,1.0,0.0,0.0,1.0,4.0,0.0,0.0,1.0,0.0,0.0,0.0,0.0,-0.0961826873515048,10.19580997501748,52.63598156772197,3.1851990297417707,0.2168127977422987,0.0555110074660276,C[N+](C)(C)CCOP([O-])(=O)O,zwitterionic,磷酸胆碱(MPC)_变体453,71.87319744070172,65.51671521115554,85.94758345556039,67.53002984904782,True
187.8094856667951,0.4097037499247971,44.0381713407405,0.0,3.0,5.0,0.0,0.0,13.0,0.7378454012408902,1.0,0.0,0.0,1.0,5.0,0.0,0.0,1.0,0.0,0.0,0.0,0.0,-0.0025684293709774,9.326399706959345,48.64832568538458,1.8929309462974988,0.0647601387057393,-0.4777498681354403,C[N+](C)(C)CCOP([O-])(=O)O,zwitterionic,磷酸胆碱(MPC)_变体454,76.17790301067174,71.08400659251446,87.98179736045458,74.90598381660587,True
94.9327959299674,-1.1864007965087593,22.39076492291152,1.0,1.0,1.0,0.0,1.0,6.0,1.0827202359092225,1.0,0.0,0.0,0.0,0.0,1.0,0.0,1.0,0.0,0.0,0.0,0.0,-0.2330331049149705,2.988671064434832,43.2928726060684,1.2832410591057393,0.33346109808292,0.5296037999702289,C[S+](C)C[O-],zwitterionic,硫叶立德两性离子_变体455,82.1297550752167,76.24565287381162,81.82009695614896,77.67065181590266,False
99.47288152032024,-0.6176968430232943,19.36066744073945,0.0,2.0,0.0,0.0,0.0,7.0,1.4717310489256867,0.0,0.0,0.0,1.0,0.0,1.0,0.0,1.0,0.0,0.0,0.0,0.0,0.2202539051364529,3.495623640146363,44.39714092357575,0.7609183869993037,0.1762024472942142,0.5576087843136504,C[S+](C)C[O-],zwitterionic,硫叶立德两性离子_变体456,82.79661441046866,78.82234650083636,91.43997933940652,81.0688938823417,True
157.525299185984,-0.0685979530716345,56.56325906994014,2.0,3.0,3.0,0.0,0.0,13.0,1.0884435531288117,0.0,1.0,0.0,0.0,3.0,0.0,0.0,1.0,0.0,0.0,0.0,0.0,0.0132309541200942,9.403587845633975,48.34092767967626,0.9731931569104996,-0.5818951498648033,0.1456159425674991,C[N+](C)(C)CCOP([O-])(=O)O,zwitterionic,磷酸胆碱(MPC)_变体457,74.14124608432134,75.32880476750798,80.6203905632955,73.51830791631441,True
148.7895500150736,-2.4626595848264694,46.35378931507275,0.0,1.0,3.0,0.0,0.0,8.0,0.4394932132585361,0.0,0.0,0.0,1.0,3.0,1.0,0.0,0.0,0.0,0.0,0.0,0.0,0.0716855617462831,8.514765533491344,57.742287572080514,1.8861187284938523,0.0767579717999127,1.0666745958559711,C[N+](C)(C)CC(=O)[O-],zwitterionic,CBMA单体(羧酸甜菜碱)_变体458,70.94389053989639,63.99351544196849,91.19048769169753,77.22409815762916,True
113.19176954711244,-2.768097871483951,81.63300547776609,2.0,4.0,4.0,1.0,0.0,7.0,0.998272611658558,1.0,0.0,0.0,2.0,2.0,0.0,0.0,0.0,0.0,0.0,0.0,0.0,0.6543807319697654,10.5246157378612,54.31709525185861,1.096413988283612,-0.4689744011876343,0.6887610825877926,N[C@@H](CCC[NH3+])C(=O)[O-],zwitterionic,鸟氨酸两性离子_变体459,65.65266983287349,56.53102934064135,84.93379453678308,62.38061538308132,True
334.3085462148915,0.5451263050542536,90.99247818829296,0.0,6.0,6.0,0.0,0.0,15.0,1.151739594669434,0.0,0.0,0.0,3.0,3.0,1.0,2.0,1.0,0.0,0.0,1.0,0.0,0.2147650659511931,6.833777407935097,38.80950382224105,0.851410309011574,0.7312048891399299,0.9710595754955632,C[N+](C)(C)CCCS([O-])(=O)=O.C[Si](OC)(OC)C=C,zwitterionic,SBMA-VTMO杂化_变体460,80.44292066578971,79.014842975665,94.5739577936762,83.75918114210675,False
214.11926052108373,-0.3210993456143808,51.05310975716342,0.0,3.0,5.0,0.0,0.0,15.0,0.7305450257129384,0.0,0.0,0.0,1.0,2.0,2.0,0.0,0.0,0.0,0.0,0.0,0.0,-0.3704134715592869,8.490570883780713,38.57622983929408,2.2555470117119123,0.4451680176644897,0.3261171465519327,C[N+](C)(C)CCCS([O-])(=O)=O,zwitterionic,DMAPS_变体461,74.5055415839844,68.99327327055492,84.66834951044726,73.6227068677322,True
106.78298627992191,-3.495161518563233,99.04898449259925,3.0,4.0,3.0,1.0,0.0,7.0,0.3441757165648338,0.0,1.0,0.0,4.0,3.0,0.0,1.0,0.0,0.0,0.0,0.0,0.0,0.489807252976261,10.254321413623476,63.59140923701406,1.6492657022384418,-0.4617624865004927,0.7069806158060743,N[C@@H](CCC[NH3+])C(=O)[O-],zwitterionic,鸟氨酸两性离子_变体462,61.64974524361891,58.29956509053163,84.850718323395,62.86729873988002,False
224.943600486061,-0.277307244961583,62.1787873165275,0.0,1.0,5.0,2.0,2.0,14.0,0.1224904187249807,0.0,1.0,0.0,2.0,3.0,1.0,0.0,0.0,0.0,0.0,0.0,0.0,-0.1365270045741971,4.392690240428104,40.44528489805092,1.9069213969192829,0.7898196243119888,0.3358947927049387,C[N+]1=CC=CN1CCCS([O-])(=O)=O,zwitterionic,SBVI(磺酸甜菜碱乙烯基咪唑)_变体463,80.31069238402628,78.36555094344143,81.25015280256008,80.62897841368193,False
65.5631942762596,-1.0229969319573875,24.788516734772443,0.0,1.0,1.0,1.0,1.0,3.0,1.4267307204974504,0.0,0.0,0.0,0.0,1.0,1.0,0.0,0.0,1.0,0.0,1.0,0.0,1.535357095687358,4.317648526269607,44.73549381743324,2.523519703019785,-0.2493482706100967,0.2731785129231797,C[S+](C)C[O-],zwitterionic,硫叶立德两性离子_变体464,79.03562362142867,74.04710046881354,99.0,77.97650437676059,False
187.57184086835872,-0.5305493740431589,51.31306204797252,0.0,4.0,5.0,0.0,0.0,8.0,0.8802248425200304,0.0,0.0,0.0,1.0,4.0,1.0,0.0,0.0,0.0,0.0,0.0,0.0,0.8051812964708183,9.066831643019055,45.7862768684678,2.268786987760734,0.5200020944577277,-0.3432897323160592,C[N+](C)(C)CCCS([O-])(=O)=O,zwitterionic,SBMA单体(磺酸甜菜碱)_变体465,76.03001068271118,63.77275598663383,93.50123762258823,72.60984892982752,True
163.95891653491267,-1.4004222328946272,109.82408496059752,3.0,2.0,4.0,0.0,0.0,8.0,1.0135195248752726,0.0,0.0,0.0,1.0,0.0,1.0,0.0,0.0,0.0,0.0,0.0,0.0,-0.070792209647169,17.631891589923768,36.35605091295976,2.003584565662051,1.1615272488818686,0.9243106728751732,N[C@@H](CC(=O)O)C(=O)O,zwitterionic,天冬氨酸两性离子_变体466,76.69974600497648,71.97748899954311,75.6886165634895,76.49207858202239,True
193.17385737555165,-0.7704646186954454,65.87823116466467,0.0,3.0,4.0,1.0,1.0,15.0,1.3578100095964918,1.0,0.0,0.0,1.0,3.0,1.0,0.0,0.0,0.0,0.0,0.0,0.0,-0.9240696285677584,5.1747325183253015,36.780524677957686,1.2300973676943354,0.200375979240348,-0.4153076759900038,C[N+](C)(C)CCCS([O-])(=O)=O,zwitterionic,SBMA单体(磺酸甜菜碱)_变体467,76.3514657748541,67.79233130502828,70.11769211613188,78.63750934806099,False
104.96588231523468,-2.498948295501587,60.286082273673685,4.0,3.0,2.0,0.0,0.0,4.0,0.9761798634818644,1.0,0.0,0.0,1.0,2.0,0.0,0.0,0.0,0.0,0.0,0.0,0.0,-0.2426756553927855,12.757764606625884,46.64858033044658,2.801352747191617,0.1826825603732232,0.9369196345232232,N[C@@H](CO)C(=O)O,zwitterionic,丝氨酸两性离子_变体468,69.20638625753494,64.80341396965508,77.70843221212843,73.14298955608542,True
213.14933362054208,-1.2744734627562595,56.17453430051196,0.0,3.0,3.0,0.0,0.0,13.0,1.1108413458074955,0.0,0.0,0.0,1.0,3.0,1.0,0.0,0.0,0.0,0.0,0.0,0.0,0.4926409963059043,8.351982171106354,41.72835674481763,1.674096007829679,-0.0044724952809123,-0.3512793347543677,C[N+](C)(C)CCCS([O-])(=O)=O,zwitterionic,SBMA单体(磺酸甜菜碱)_变体469,76.85694208430456,66.37234378728755,81.80853221334189,73.45270976120621,True
208.9102905720744,-0.8780020939020664,55.474968674646526,0.0,3.0,5.0,0.0,0.0,8.0,-0.4217975947344281,0.0,0.0,0.0,0.0,4.0,1.0,0.0,0.0,0.0,1.0,1.0,0.0,-0.2030891541058584,8.909692727272118,42.26561789035884,1.395647540964576,-1.0346711421718786,0.3281067345607759,C[N+](C)(C)CCCS([O-])(=O)=O,zwitterionic,DMAPS_变体470,74.47758900740845,71.38304398244198,80.77167767399318,75.32979465064341,False
152.49401387198495,-1.117802448656992,71.40675506446156,0.0,4.0,4.0,1.0,0.0,12.0,0.559998099777619,0.0,0.0,0.0,2.0,3.0,1.0,0.0,0.0,0.0,1.0,0.0,1.0,-0.4616518820441817,8.573285213989243,41.272000472004464,1.758905138009644,0.5557233942304856,0.1663764140184539,C[N+]1=CC=CN1CCCS([O-])(=O)=O,zwitterionic,SBVI(磺酸甜菜碱乙烯基咪唑)_变体471,74.70739717063029,74.78528855852922,80.51880711366468,73.7854091581305,False
140.4298450357697,-2.4391269474988446,113.34568302498084,1.0,3.0,5.0,0.0,1.0,12.0,1.7947562735286458,1.0,0.0,0.0,2.0,1.0,0.0,0.0,0.0,0.0,0.0,1.0,0.0,0.5391450532324227,11.11241470377957,57.039008931669954,0.8973168188230751,-0.0987953233670448,0.2078400393753193,N[C@@H](CCCC[NH3+])C(=O)[O-],zwitterionic,赖氨酸两性离子_变体472,64.85645306279321,55.79617466424342,87.90536066206705,61.73399867271976,False
101.5422553077315,-2.7732460073262355,42.92581128254152,0.0,2.0,3.0,0.0,0.0,11.0,0.1910893969330919,0.0,0.0,0.0,2.0,3.0,0.0,0.0,0.0,0.0,0.0,0.0,1.0,0.9677945543211518,7.154794104103215,52.868476137057016,3.2726246201943443,0.2518521452053375,0.1396204921651371,C[N+](C)(C)CC(=O)[O-],zwitterionic,CBMA单体(羧酸甜菜碱)_变体473,78.35495411004854,71.61862984544999,92.16643538712944,72.18895063838251,True
176.07223923937573,-1.566901303973534,68.12977500517788,0.0,3.0,3.0,0.0,0.0,10.0,1.2635835275591187,0.0,0.0,0.0,1.0,6.0,0.0,1.0,0.0,0.0,0.0,0.0,0.0,0.0082858085716186,10.039459340037698,39.44545043396948,2.825301186243684,0.6268635224677845,1.0540741170777634,C[N+](C)(C)CCOP([O-])(=O)O,zwitterionic,磷酸胆碱(MPC)_变体474,76.05357491559889,71.88821974818218,83.39136578419728,76.84963731744104,True
152.10258653181816,-0.9732284792005066,124.62318625691265,3.0,2.0,5.0,0.0,0.0,12.0,1.246011092828738,1.0,0.0,0.0,2.0,5.0,1.0,0.0,0.0,0.0,0.0,0.0,0.0,0.2939175609328948,13.313722870594152,44.88478672636783,3.127986859054495,0.492536683704133,0.1509306149589727,N[C@@H](CCC(=O)O)C(=O)O,zwitterionic,谷氨酸两性离子_变体475,70.29006948772314,63.40706386920896,83.14430894043129,67.03414721836978,True
153.73165367246315,0.6263498221724939,33.75490272946771,0.0,2.0,4.0,0.0,0.0,9.0,0.4886905184897375,0.0,0.0,1.0,1.0,3.0,2.0,0.0,0.0,1.0,0.0,0.0,0.0,-0.09437391874112,10.531012453851108,48.98141016927122,1.9879168303760155,0.7633559356155127,-0.6171207874665177,C[N+](C)(C)CCCS([O-])(=O)=O,zwitterionic,DMAPS_变体476,71.76504696523784,75.23240117290091,85.85638564934668,72.63491850059096,False
118.20304654511844,-5.12774254502552,66.61436454981562,1.0,2.0,0.0,0.0,0.0,10.0,0.4545361214427386,0.0,0.0,0.0,0.0,4.0,1.0,0.0,0.0,0.0,0.0,0.0,0.0,0.7925073156448093,7.71603613618257,31.80067768703877,2.7801104954258378,0.2402856957350411,-0.2417992881868039,OC(=O)C=C.C(=O)[O-].[Na+],self_polishing,丙烯酸钠离子交换型_变体477,81.66571980019918,68.78936368012288,90.96978334218142,77.27544811311614,False
143.14481221475006,0.4311641794925644,54.7247414148231,1.0,1.0,3.0,0.0,0.0,12.0,-0.2493040446678213,0.0,1.0,0.0,0.0,1.0,0.0,0.0,0.0,1.0,0.0,0.0,1.0,-0.8978066103211584,7.239053945167964,25.93498423916456,3.3646267504626133,0.2186657835220417,0.7692650023151573,OC(=O)C=C.C(=O)OCC,self_polishing,丙烯酸乙酯水解型SPC_变体478,82.43551158217315,66.34730958776794,81.33424475237237,68.53226875637296,False
115.03015216474046,-0.2128268425155614,65.35303082840124,0.0,3.0,6.0,0.0,0.0,9.0,-0.6562112412653789,1.0,0.0,0.0,0.0,2.0,0.0,0.0,0.0,0.0,0.0,0.0,0.0,0.8492680538638904,11.212652830787649,42.79215190876663,2.5824455532339496,1.1802597914220287,-0.407098870166878,OC(=O)C=C.C(=O)OCC,self_polishing,丙烯酸乙酯水解型SPC_变体479,75.00208076457352,54.89228287522448,94.45954771490898,58.69610041102528,False
143.54009676831228,0.9613753471625844,57.67189338761137,1.0,3.0,2.0,1.0,1.0,8.0,0.897450668277108,0.0,0.0,0.0,1.0,4.0,0.0,1.0,0.0,0.0,0.0,0.0,1.0,0.4025938144444648,7.404898753546899,36.46961895640244,0.9040924848434536,0.5411212930611705,0.3625407722877343,OC(=O)C=C.C(=O)OCC,self_polishing,丙烯酸乙酯水解型SPC_变体480,73.33527945341089,65.12761633477078,91.04545303351456,65.1156916339941,False
144.33077009165822,-3.8187976348326345,70.81965772499447,2.0,3.0,1.0,0.0,0.0,5.0,0.1178935320990168,0.0,0.0,0.0,0.0,4.0,0.0,0.0,0.0,0.0,0.0,0.0,0.0,0.3375851082213242,10.481273545554153,55.97022074888328,2.8240548630454727,0.3967010256080033,-0.7489590696726645,OC(=O)C=C.C(=O)[O-].[Na+],self_polishing,丙烯酸钠离子交换型_变体481,72.09733406959774,60.193836373030486,83.44735394492737,63.418874513353565,True
160.52993856880207,-0.707113073481035,75.89720754139859,2.0,3.0,1.0,0.0,0.0,11.0,-0.0856862947013317,0.0,0.0,0.0,0.0,5.0,0.0,0.0,0.0,1.0,0.0,0.0,0.0,0.6221197651636006,8.378652190703576,45.73419197383777,2.4411374309945497,-0.490717891114467,0.0853936054349747,OC(=O)C=C.CC(=O)[O-].[Cu+2],self_polishing,丙烯酸铜SPC_变体482,75.99299210462927,58.78169172182943,99.0,68.15326997286809,True
195.199909673256,-1.575059909967623,62.18062895835391,1.0,3.0,0.0,0.0,0.0,10.0,0.5990090067417527,0.0,0.0,1.0,0.0,5.0,0.0,0.0,0.0,1.0,0.0,0.0,0.0,0.0552976530038251,7.045560274161302,57.69365287530624,1.31166224685062,0.4257289176332809,-0.0131187933892272,OC(=O)C=C.CC(=O)[O-].[Cu+2],self_polishing,丙烯酸铜SPC_变体483,71.1212521147669,53.66483441179607,94.5742099373933,66.43163476255808,True
209.47737032778292,-0.7861978855391836,78.22872241487909,0.0,2.0,1.0,0.0,0.0,8.0,0.6968253297088327,1.0,0.0,0.0,0.0,5.0,0.0,0.0,0.0,0.0,0.0,0.0,0.0,-0.033982176815842,8.727381418109411,51.99177876522759,1.837262833619898,1.117312057249816,0.2008938641332046,OC(=O)C=C.CC(=O)[O-].[Zn+2],self_polishing,丙烯酸锌SPC_变体484,76.0327512052241,58.50566943853188,87.59671455802753,61.23906222941877,False
208.928738694376,1.0032947166280404,72.04255506199264,1.0,4.0,4.0,1.0,0.0,16.0,1.4059687346559246,0.0,0.0,0.0,1.0,5.0,0.0,0.0,0.0,0.0,0.0,0.0,0.0,-0.0012305982829844,6.541305066517608,42.87972489525493,0.6760469398909297,-0.9154721334936816,0.4382412867231262,OC(=O)C=C.[Si](OC)(OC)(OC)C,self_polishing,硅基自抛光丙烯酸酯_变体485,77.96807754587833,68.38244620043865,88.25312642426726,77.58959394814381,False
148.17161525931593,-4.664376929370624,87.49465298143502,2.0,3.0,1.0,0.0,0.0,9.0,-0.7027594655588819,0.0,1.0,1.0,0.0,3.0,1.0,1.0,0.0,0.0,0.0,0.0,1.0,-0.5914204045425147,13.917155801894513,49.155801381391285,1.116583072615673,0.5450601069550195,0.8011577995108794,OC(=O)C=C.C(=O)[O-].[Na+],self_polishing,丙烯酸钠离子交换型_变体486,68.12343131629048,58.26195027145304,81.58806951936418,63.5235490171991,False
166.40760892315848,-0.292705128708246,35.23305925516425,0.0,0.0,0.0,0.0,0.0,6.0,0.3129533519861665,0.0,0.0,0.0,1.0,3.0,0.0,0.0,0.0,1.0,0.0,0.0,0.0,-0.2155296531565356,4.645158771737358,24.326699212262945,2.0279500459350848,-0.0873492910609589,0.7629019452403145,CC(=C)C(=O)O.[Cu+2],self_polishing,甲基丙烯酸铜SPC_变体487,90.01055626066531,79.98361254952611,95.16286392140223,74.65807057712213,True
186.2991551677017,-1.0661570046731454,71.19988854390746,2.0,2.0,1.0,0.0,1.0,9.0,0.4438240571682848,1.0,0.0,1.0,1.0,5.0,0.0,0.0,0.0,0.0,0.0,1.0,0.0,-0.2385626781687697,5.695143440161666,50.66719517361559,2.195808570847133,0.6015301808409816,0.7759054130033185,OC(=O)C=C.CC(=O)[O-].[Cu+2],self_polishing,丙烯酸铜SPC_变体488,71.02523287302,57.311288620522646,99.0,66.68994671418491,False
160.5893050342806,-0.1271423983893581,34.781794516646954,2.0,2.0,2.0,0.0,0.0,4.0,-0.5557955598209448,0.0,0.0,0.0,0.0,1.0,0.0,0.0,0.0,1.0,0.0,0.0,0.0,0.7068755828529492,4.455824686191999,37.07027539638589,2.6825986850133656,1.1896016560941725,1.4654896606538657,CC(=C)C(=O)O.[Cu+2],self_polishing,甲基丙烯酸铜SPC_变体489,80.74913013750937,69.48339913454224,99.0,71.10280747607553,False
241.07700611670867,4.802320589121015,33.77978993553224,1.0,2.0,2.0,3.0,0.0,19.0,0.7278756513434355,0.0,0.0,0.0,1.0,1.0,0.0,0.0,0.0,0.0,0.0,0.0,0.0,-0.5227272539399553,2.3913822500512856,39.26331728396632,3.267308857947656,0.3625087105803688,-0.7069056142192622,OC(=O)C1CC2CCC(C(C)C)C2CC1,self_polishing,松香改性SPC_变体490,74.92314617622043,54.51687823457119,77.25576199635684,60.5820440475354,True
162.18129753994856,-0.1312766117052912,67.33427603369744,2.0,4.0,3.0,0.0,0.0,13.0,0.7865673302243494,0.0,0.0,0.0,0.0,2.0,0.0,0.0,0.0,0.0,0.0,0.0,0.0,-0.5567697805741628,9.25412789010539,48.90771992595814,3.226555403734828,-0.8541771928399499,0.277523315599148,OC(=O)C=C.C(=O)OCC,self_polishing,丙烯酸乙酯水解型SPC_变体491,73.85628792626595,54.24255716942127,82.59984752717132,63.42957611669026,True
139.60995769107075,0.7022812240053674,75.55122865431073,1.0,4.0,4.0,0.0,0.0,8.0,0.0789587990733501,0.0,1.0,0.0,0.0,4.0,0.0,1.0,0.0,0.0,0.0,1.0,0.0,-0.5744200598079318,8.036661902863463,46.060245754045226,2.726578532443145,0.0590615655022035,1.7861757285242177,OC(=O)C=C.C(=O)OCC,self_polishing,丙烯酸乙酯水解型SPC_变体492,73.94233421334431,55.84545848948321,80.99297520952331,58.7572733598693,False
158.0948759716721,1.2537740779203177,50.3012863316497,1.0,4.0,4.0,1.0,0.0,12.0,-0.0651208591999723,0.0,0.0,0.0,0.0,2.0,1.0,0.0,0.0,0.0,0.0,0.0,0.0,-0.0635702073930561,11.854597864088344,39.404200322425226,2.912912171227382,-0.4927428230957451,-0.2662827617688283,OC(=O)C=C.C(=O)OCC,self_polishing,丙烯酸乙酯水解型SPC_变体493,74.38339539994769,59.24814759233886,80.93074546924328,62.85042355946516,True
177.3800646453543,-2.289604267205909,99.51813698746152,1.0,3.0,1.0,0.0,0.0,11.0,-0.3636989723672444,0.0,0.0,1.0,0.0,3.0,0.0,0.0,0.0,1.0,0.0,1.0,0.0,-0.1344905816849851,8.321317406803827,39.16719160326832,2.200110248951854,0.761212372190109,-0.2812623356214242,OC(=O)C=C.CC(=O)[O-].[Cu+2],self_polishing,丙烯酸铜SPC_变体494,84.49054170491,60.4599847050248,99.0,67.90993679834723,False
113.34182701777692,-3.7622542881601673,73.52011111603306,1.0,4.0,1.0,1.0,1.0,9.0,0.3924443437470926,0.0,0.0,0.0,0.0,5.0,0.0,1.0,1.0,0.0,0.0,0.0,0.0,0.7284441263492414,7.776013093872734,55.414701232888056,1.2114484717648912,0.46233199622992,0.4542022079917621,OC(=O)C=C.C(=O)[O-].[Na+],self_polishing,丙烯酸钠离子交换型_变体495,72.79356506913545,59.2584832418086,95.02470291150084,67.25804578500093,False
136.80807221579008,-1.2895184277822285,81.47257894324277,2.0,3.0,0.0,1.0,0.0,10.0,-0.0461917658018189,0.0,0.0,0.0,1.0,3.0,0.0,0.0,1.0,1.0,1.0,0.0,0.0,0.0227955251347259,7.013202573605962,48.25007260005566,1.8129567318000293,0.1745844280930646,0.5473479851990757,OC(=O)C=C.CC(=O)[O-].[Cu+2],self_polishing,丙烯酸铜SPC_变体496,75.09264975507058,61.685183438899,99.0,74.02442042102595,False
128.25292998245428,-6.364594753262943,68.43926714906482,1.0,0.0,1.0,0.0,1.0,8.0,-0.2824995116215841,0.0,0.0,1.0,1.0,2.0,0.0,0.0,0.0,0.0,0.0,0.0,0.0,-0.6556118565876771,10.191533364357102,36.4342440743964,3.504346590866134,-0.1347327945305537,-0.3298847424762197,OC(=O)C=C.C(=O)[O-].[Na+],self_polishing,丙烯酸钠离子交换型_变体497,76.65008146851184,64.04994965614142,78.37687532437523,72.47065541504718,False
137.63969387249824,1.0425052176454654,56.20633932199368,2.0,4.0,4.0,0.0,0.0,14.0,0.0852459280724893,0.0,1.0,0.0,0.0,6.0,0.0,0.0,0.0,0.0,0.0,0.0,0.0,0.3331298420482815,12.427716596947544,50.75922758656592,1.6825255768922545,0.0381850357221352,0.0527373161974784,OC(=O)C=C.[Si](OC)(OC)(OC)C,self_polishing,硅基自抛光丙烯酸酯_变体498,72.1910923069693,57.83736750959152,84.96048244583982,77.18456617167836,True
161.5671838473821,-4.516384332944902,62.79335246322153,0.0,3.0,2.0,1.0,0.0,13.0,-0.0524101829702313,0.0,0.0,0.0,0.0,6.0,0.0,0.0,1.0,0.0,0.0,0.0,0.0,-0.2830699884542892,9.7262715920943,40.75603166296989,-0.0001322775837691,0.5654344856733949,0.4423202752900618,OC(=O)C=C.C(=O)[O-].[Na+],self_polishing,丙烯酸钠离子交换型_变体499,80.91500915863,64.26955391053058,77.75246106879531,67.0236485207958,False
165.75774235657053,0.7013665964208531,53.4185531348466,1.0,3.0,3.0,0.0,0.0,9.0,-0.0331709409042526,0.0,0.0,0.0,0.0,5.0,1.0,0.0,1.0,0.0,0.0,0.0,0.0,-0.8275084470361271,9.460329532720174,44.86766911973252,1.3512024125945756,-0.701026586582256,0.5112403887769449,OC(=O)C=C.C(=O)OCC,self_polishing,丙烯酸乙酯水解型SPC_变体500,78.69091672712426,54.91323632023333,73.9767352658175,61.4382179680108,False
125.63317913401636,0.9234264217092572,44.96459709825107,2.0,1.0,1.0,0.0,0.0,8.0,-0.5690756126995499,1.0,0.0,0.0,0.0,3.0,0.0,0.0,0.0,1.0,0.0,0.0,0.0,0.1924708654601875,3.997146809551785,40.65882758175305,2.4056704390151267,-0.179315102224412,-0.2458976643193623,CC(=C)C(=O)O.[Cu+2],self_polishing,甲基丙烯酸铜SPC_变体501,75.11019654133847,66.57922975082853,98.8817923445702,69.09928096217487,True
240.21220104492335,3.240082133326388,27.36997090680707,1.0,1.0,0.0,2.0,0.0,14.0,0.3437490840049569,0.0,1.0,0.0,0.0,1.0,0.0,0.0,0.0,0.0,0.0,0.0,0.0,0.2085402490043223,1.3344508330646838,33.09576738332142,2.1152231469858007,-0.1732308494829803,-0.2262785960674289,OC(=O)C1CC2CCC(C(C)C)C2CC1,self_polishing,松香改性SPC_变体502,76.76686290880006,61.789577914010856,76.25160496502399,61.84609519644146,True
206.70674129120405,-0.7475573322183843,77.846453862856,1.0,2.0,0.0,0.0,0.0,8.0,-0.3524732027534247,0.0,0.0,0.0,0.0,4.0,1.0,1.0,0.0,0.0,1.0,0.0,0.0,0.2617743017303743,5.170268108853633,34.06456327662022,2.660831882445792,0.2434882209875183,0.8667657530393656,OC(=O)C=C.CC(=O)[O-].[Zn+2],self_polishing,丙烯酸锌SPC_变体503,81.13904629312033,60.0750390260435,99.0,69.37470354239647,True
227.4246253924013,4.438199564527341,44.24399829816505,0.0,2.0,1.0,2.0,1.0,16.0,-0.2126067967920015,0.0,1.0,0.0,1.0,1.0,0.0,0.0,1.0,0.0,0.0,1.0,0.0,0.3273319813657565,1.775349236518065,37.77606271096048,2.1757356909451637,-0.2479873523209904,0.4806704766923049,OC(=O)C1CC2CCC(C(C)C)C2CC1,self_polishing,松香改性SPC_变体504,68.4928431459152,53.96966324053747,91.12113602431684,59.989678274299486,False
161.15266043004843,-0.6121791948290534,80.44903263448371,1.0,4.0,1.0,0.0,0.0,10.0,0.3661364507472268,1.0,0.0,0.0,0.0,5.0,0.0,1.0,0.0,1.0,0.0,0.0,0.0,0.7336683980980729,7.263600898891252,52.09201907087163,1.5324680663386916,-0.5064465584248515,0.7894662813431407,OC(=O)C=C.CC(=O)[O-].[Cu+2],self_polishing,丙烯酸铜SPC_变体505,72.77643383854115,54.13303526809361,99.0,70.91513052202501,True
172.94523417090147,-0.2307644884839691,37.35203676451703,2.0,1.0,2.0,0.0,0.0,6.0,-0.1829033976602496,0.0,0.0,0.0,0.0,3.0,0.0,0.0,1.0,0.0,0.0,1.0,0.0,0.7249960332935794,5.947820067019453,32.08577118512061,2.302207118884507,0.1091441603316902,0.4648347705419502,CC(=C)C(=O)O.[Cu+2],self_polishing,甲基丙烯酸铜SPC_变体506,80.1947769680665,65.81493299021528,99.0,71.5808836532112,False
158.3515297245345,-6.016940323723111,99.4350270117582,2.0,3.0,0.0,1.0,0.0,10.0,0.2854272820575507,1.0,0.0,0.0,0.0,4.0,1.0,0.0,0.0,0.0,0.0,0.0,0.0,0.888833690246748,8.320148047266837,68.51109818740824,1.8368473177522624,0.3092525730559191,0.44721048079498,OC(=O)C=C.C(=O)[O-].[Na+],self_polishing,丙烯酸钠离子交换型_变体507,59.00849492894263,53.09532762283297,89.83108773576248,60.52382996143869,False
155.8720570425219,0.0420875532959155,81.0146281184009,1.0,2.0,3.0,0.0,0.0,12.0,-0.1608281289022561,0.0,0.0,1.0,1.0,7.0,1.0,0.0,0.0,0.0,0.0,1.0,0.0,0.7282357389027257,7.946281129030945,37.66832281474338,2.409520719011629,0.5862469306638416,-0.5155691863915483,OC(=O)C=C.C(=O)OCC,self_polishing,丙烯酸乙酯水解型SPC_变体508,74.94440218203053,61.1306916562067,99.0,67.14160300925913,False
127.01665096607262,-2.628976687429778,89.70376998600214,1.0,3.0,1.0,1.0,0.0,9.0,-0.1261643856438931,0.0,0.0,1.0,0.0,6.0,0.0,0.0,0.0,0.0,0.0,1.0,1.0,0.308708336451704,9.047388859637136,49.55403343881164,2.03359373012234,-0.3325327147011494,-0.0824148882970317,OC(=O)C=C.CC(=O)[O-].[Cu+2],self_polishing,丙烯酸铜SPC_变体509,73.44991632380459,65.02295813407993,99.0,71.95672688112835,False
194.81192635401453,-1.0500077882831165,71.3166357670354,1.0,4.0,1.0,0.0,0.0,10.0,0.4925437625939973,0.0,1.0,1.0,1.0,3.0,0.0,0.0,0.0,0.0,1.0,1.0,1.0,0.1369399685315259,6.2725832261625145,41.33038902250765,2.1881894887081925,0.5636903714245136,-0.0829561630518501,OC(=O)C=C.CC(=O)[O-].[Zn+2],self_polishing,丙烯酸锌SPC_变体510,73.1001908344097,61.70680706117454,99.0,67.32238103264103,False
177.6427266236251,-1.5366246551631453,65.4196138714576,1.0,2.0,2.0,0.0,0.0,9.0,-0.6119106878406808,0.0,0.0,0.0,0.0,3.0,0.0,0.0,0.0,1.0,1.0,0.0,0.0,0.2201891505239833,5.147098815060153,59.61695609677773,1.7490568821865762,0.0483004165513528,0.0328510394048278,OC(=O)C=C.CC(=O)[O-].[Cu+2],self_polishing,丙烯酸铜SPC_变体511,74.10571805270693,51.77717797155197,99.0,63.70201819833742,True
190.4710538639819,0.9763521418085692,33.59157623272099,1.0,0.0,2.0,0.0,0.0,7.0,0.8083763451903753,0.0,0.0,0.0,0.0,2.0,0.0,0.0,0.0,1.0,0.0,0.0,0.0,-0.3074477333530193,4.175812994911831,40.08140289545263,2.05558275951766,0.2337544085433221,0.1877012706620273,CC(=C)C(=O)O.[Cu+2],self_polishing,甲基丙烯酸铜SPC_变体512,75.37033278519644,61.7731927220626,99.0,66.08613404057053,True
150.48468847539587,-0.1842049704584875,65.25249183740915,1.0,3.0,3.0,0.0,0.0,13.0,0.0646438787675515,0.0,0.0,0.0,0.0,3.0,0.0,1.0,0.0,0.0,0.0,0.0,1.0,-0.1066492164734164,9.18742116668451,32.74062504334695,2.8008069229937123,0.0146164097298116,0.3792522627488018,OC(=O)C=C.C(=O)OCC,self_polishing,丙烯酸乙酯水解型SPC_变体513,79.43000446563775,62.80925795414429,83.372381969726,69.64075123740572,True
244.55758014837403,0.5400058472313178,64.82505616080611,0.0,3.0,3.0,0.0,0.0,9.0,0.7142512938890537,0.0,0.0,0.0,0.0,6.0,0.0,1.0,0.0,0.0,0.0,0.0,1.0,0.2441997811812226,6.312957421699655,49.334808530504105,2.279299358751783,0.0879192580563196,0.1407210988351853,OC(=O)C=C.[Si](OC)(OC)(OC)C,self_polishing,硅基自抛光丙烯酸酯_变体514,73.85346579621913,66.55769026739274,84.74137231081181,70.05965236802923,True
229.10111989434404,-0.772541575003665,83.70192819580596,1.0,2.0,2.0,0.0,0.0,10.0,0.3023017303405098,0.0,0.0,0.0,0.0,3.0,0.0,0.0,0.0,1.0,1.0,0.0,0.0,0.2297774767479297,7.182897174404644,54.289270365510816,2.198548682421864,1.1230013572930364,0.7476647693623251,OC(=O)C=C.CC(=O)[O-].[Zn+2],self_polishing,丙烯酸锌SPC_变体515,68.5019759968015,54.79288978218586,97.38791554166218,66.8658629561989,True
150.03954342196428,0.4036114438137653,52.63603653730283,3.0,4.0,4.0,0.0,0.0,8.0,0.5917997173624059,0.0,0.0,0.0,0.0,3.0,0.0,0.0,0.0,0.0,1.0,0.0,0.0,0.1458460086950488,10.841503553261417,47.83805479735641,2.0714358686638885,-0.5286052465465736,-0.0474005901946154,OC(=O)C=C.C(=O)OCC,self_polishing,丙烯酸乙酯水解型SPC_变体516,72.38146501670164,60.24189742134429,86.88688674917826,61.784336941939294,False
187.5404127983496,0.6657410392294891,66.62740423994262,2.0,3.0,3.0,0.0,0.0,14.0,-0.596238766851344,0.0,1.0,0.0,0.0,5.0,0.0,0.0,0.0,0.0,1.0,0.0,0.0,0.8326794062152587,11.96388962380158,45.13180307820857,1.2652303734441772,0.0686983247609514,0.2852371686613408,OC(=O)C=C.[Si](OC)(OC)(OC)C,self_polishing,硅基自抛光丙烯酸酯_变体517,82.0509921623111,64.48830848381616,99.0,74.93959404439607,False
147.0933793677648,0.3530485584680337,57.28182785185601,0.0,3.0,3.0,0.0,0.0,8.0,-0.1038048021412247,1.0,0.0,0.0,0.0,3.0,0.0,0.0,0.0,0.0,0.0,0.0,0.0,-0.2429160481910737,8.854079124485269,43.14474641156786,2.7294877594747504,0.4380238626472122,0.4987892727763965,OC(=O)C=C.C(=O)OCC,self_polishing,丙烯酸乙酯水解型SPC_变体518,77.845763288573,59.71912590677464,85.78884098879851,62.067429341289404,True
173.5520448837977,-1.0175347960475858,79.5244963153605,2.0,1.0,1.0,0.0,0.0,11.0,0.5128919703009212,0.0,0.0,1.0,0.0,5.0,1.0,0.0,1.0,0.0,1.0,0.0,0.0,-0.0752774007079877,9.90559874433185,48.69804452604747,2.15692764237632,0.5645215258468546,2.0687185293728025,OC(=O)C=C.CC(=O)[O-].[Zn+2],self_polishing,丙烯酸锌SPC_变体519,69.75580517117729,55.98566665443218,86.72494192313214,64.1927889268793,False
269.4144106786406,1.175175518885781,69.48351507175971,0.0,5.0,5.0,1.0,0.0,12.0,-0.2988077947050092,0.0,0.0,0.0,0.0,4.0,0.0,0.0,0.0,0.0,0.0,1.0,0.0,-0.2960770456777786,6.584281349472502,33.63292420392336,1.7216641557796497,0.4769321762083371,1.5863965038830037,OC(=O)C=C.[Si](OC)(OC)(OC)C,self_polishing,硅基自抛光丙烯酸酯_变体520,87.41578617279829,68.01330935855978,92.0058339711964,78.8715419734628,False
138.44850953215456,0.2323299541785015,64.92288923504391,2.0,3.0,2.0,0.0,0.0,12.0,0.3137188738413238,0.0,0.0,0.0,1.0,5.0,1.0,0.0,0.0,0.0,0.0,0.0,0.0,0.434363012521908,8.774146714209232,50.68930019254635,1.4111918394475444,-0.0964026879635797,-0.2942377119833954,OC(=O)C=C.C(=O)OCC,self_polishing,丙烯酸乙酯水解型SPC_变体521,73.4889941301651,59.45929000899756,88.81513062476242,55.85121260614602,False
244.59968484513357,2.170529465844303,36.54021473329568,0.0,1.0,2.0,3.0,0.0,17.0,1.3855330758811584,0.0,1.0,0.0,0.0,2.0,0.0,0.0,1.0,1.0,0.0,0.0,0.0,-1.1328331069595623,4.708571885647094,47.265657044354775,2.4178966807376843,-0.2695558962734594,0.8498219619597033,OC(=O)C1CC2CCC(C(C)C)C2CC1,self_polishing,松香改性SPC_变体522,72.18242061200897,46.98177650048989,72.23330835062555,60.048708674304535,False
152.92535095513492,-0.7431734346603158,53.38343875746283,2.0,3.0,2.0,0.0,0.0,8.0,0.8925245057116349,1.0,0.0,0.0,1.0,6.0,1.0,0.0,0.0,0.0,0.0,0.0,0.0,0.3035844840975277,10.109373530129153,34.923269678525486,0.6802538796275417,0.2304780913416769,-0.1954003153085128,OC(=O)C=C.C(=O)OCC,self_polishing,丙烯酸乙酯水解型SPC_变体523,73.272668550364,67.32012074522652,97.2745794652322,63.67589327188495,False
220.6911411341006,-1.1753905699587313,64.30119106732506,1.0,4.0,1.0,0.0,0.0,12.0,-0.8911863910439124,0.0,0.0,1.0,0.0,5.0,0.0,0.0,0.0,1.0,0.0,0.0,0.0,-0.0779401917428362,8.637948894958008,43.54240611450122,3.9772966447164313,0.0960528094921784,-0.6371340969548073,OC(=O)C=C.CC(=O)[O-].[Cu+2],self_polishing,丙烯酸铜SPC_变体524,80.06042134542909,59.41526921058898,97.58057227803238,67.74009358303347,False
168.48911159368996,-2.198104732637626,87.76007065253708,1.0,4.0,1.0,0.0,0.0,9.0,0.2668691112463114,0.0,0.0,0.0,0.0,6.0,0.0,0.0,0.0,1.0,0.0,0.0,0.0,0.0283764533618166,10.196355812913326,53.541720820455744,3.3891050337355204,-0.2935839547084982,0.8088201675525835,OC(=O)C=C.CC(=O)[O-].[Cu+2],self_polishing,丙烯酸铜SPC_变体525,74.93892709778417,58.41944167064309,94.28137708456713,69.69129683823319,True
196.08364836619484,-0.679386656374544,53.17996763671151,1.0,2.0,1.0,0.0,0.0,6.0,0.4381696186831491,0.0,0.0,1.0,0.0,3.0,0.0,0.0,0.0,1.0,0.0,1.0,0.0,-0.0566050677923539,9.603281070379229,29.793128190812872,2.0095153127211423,-0.0894422103661806,0.3838941897142724,OC(=O)C=C.CC(=O)[O-].[Cu+2],self_polishing,丙烯酸铜SPC_变体526,86.67203767078995,68.12797984002333,96.07393334197812,73.85397879846494,False
178.54837619351767,-1.512915719728447,59.85415410747662,1.0,2.0,2.0,0.0,0.0,8.0,0.3497640022151441,0.0,0.0,0.0,1.0,3.0,0.0,1.0,1.0,0.0,0.0,0.0,0.0,0.8568375397979731,7.373805437617912,60.52634730175681,1.3576474044154854,0.7213459401107543,-0.4709619691983846,OC(=O)C=C.C(=O)[O-].[Na+],self_polishing,丙烯酸钠离子交换型_变体527,62.89496383282777,58.95250750257242,97.67252594702036,61.64310183195729,False
167.15202417687902,0.6824461474496095,56.764316638152856,2.0,2.0,3.0,1.0,0.0,11.0,-0.6330848777576616,0.0,0.0,0.0,1.0,3.0,0.0,0.0,0.0,0.0,0.0,0.0,0.0,-0.4797860936752342,7.907100568549417,41.20107837071926,2.531252101717424,-0.1192562383232522,0.0547838234465027,OC(=O)C=C.C(=O)OCC,self_polishing,丙烯酸乙酯水解型SPC_变体528,73.20729619082073,61.005419348431055,74.79479853908614,65.72372355515908,True
146.76618891023642,-5.293626857820295,81.63998013761989,3.0,3.0,2.0,0.0,0.0,9.0,-0.5090222687025319,0.0,0.0,0.0,1.0,4.0,0.0,0.0,0.0,0.0,0.0,0.0,0.0,-0.3121237781373168,10.976483190677214,65.48142001571046,1.44353489660445,0.4289282791638055,0.6812740854644326,OC(=O)C=C.C(=O)[O-].[Na+],self_polishing,丙烯酸钠离子交换型_变体529,64.96918622130013,54.50820906337752,77.77075748661139,60.31257947476867,False
197.1530617077773,-0.192632744649747,58.283731388781405,1.0,4.0,1.0,0.0,0.0,11.0,-0.6323587093827021,0.0,0.0,0.0,0.0,3.0,0.0,0.0,0.0,0.0,1.0,0.0,0.0,-0.0920042838949393,6.540948193833304,51.74606552708829,1.8895891186651428,0.8066977564908008,0.3737983656710707,OC(=O)C=C.CC(=O)[O-].[Zn+2],self_polishing,丙烯酸锌SPC_变体530,68.19546782011909,55.22286840231852,99.0,63.67479549132524,True
186.85830416441297,1.4849989028264026,65.8784893158695,1.0,6.0,5.0,1.0,0.0,15.0,0.6965351365305279,0.0,0.0,0.0,0.0,5.0,0.0,1.0,0.0,1.0,0.0,0.0,0.0,0.2953440224220954,5.845889542098611,43.52850062420524,1.740695987057927,-0.2588244907787509,-0.033468107258298,OC(=O)C=C.[Si](OC)(OC)(OC)C,self_polishing,硅基自抛光丙烯酸酯_变体531,79.73359044172685,63.692374690486425,99.0,78.89990378816846,True
187.9514564669644,0.6992156422671951,25.5794434459972,1.0,1.0,1.0,0.0,0.0,6.0,-0.1838988130222335,0.0,0.0,0.0,1.0,0.0,0.0,0.0,0.0,1.0,0.0,0.0,0.0,0.2827234196662929,0.9553455444808908,41.266907103377925,2.012906099625577,1.0014571433321124,-0.1625100392918428,CC(=C)C(=O)O.[Cu+2],self_polishing,甲基丙烯酸铜SPC_变体532,77.75895010770752,69.76414022754635,99.0,69.1954226180643,True
181.04320417420283,-2.706403740715285,69.82728287751485,2.0,3.0,0.0,1.0,0.0,13.0,0.6540445283388647,0.0,1.0,0.0,0.0,6.0,0.0,1.0,0.0,1.0,0.0,0.0,0.0,0.1015872170518179,4.855157510612898,47.70525050819749,2.7223532604245118,-0.295362921683833,-0.1116544705698934,OC(=O)C=C.CC(=O)[O-].[Cu+2],self_polishing,丙烯酸铜SPC_变体533,76.23953087172823,63.2715344144447,93.71311047082852,75.19425820727102,False
167.7112982139783,-1.1996115754100063,98.59807120771782,1.0,3.0,1.0,0.0,0.0,11.0,0.262608451664305,0.0,0.0,0.0,0.0,4.0,0.0,0.0,0.0,0.0,0.0,1.0,0.0,0.1491225089196924,5.38544680404922,42.29092426476185,0.8227249376110206,0.1914567068035841,0.6061323632400204,OC(=O)C=C.CC(=O)[O-].[Cu+2],self_polishing,丙烯酸铜SPC_变体534,80.3652052003769,64.28693740050298,99.0,65.23385442740587,True
122.2365149008229,0.5616433106514103,42.35258702651685,1.0,1.0,2.0,1.0,0.0,7.0,0.2717488590724843,0.0,0.0,0.0,0.0,2.0,1.0,0.0,1.0,0.0,0.0,0.0,0.0,-0.7399665725705595,4.246875622562439,39.71980561722634,1.334056082645148,0.4198182935310115,0.0654816845865486,CC(=C)C(=O)O.[Cu+2],self_polishing,甲基丙烯酸铜SPC_变体535,75.68007527061697,65.40397156672446,80.07525273629511,74.5249814627198,False
119.34672818181934,0.0762414013270788,45.64976430759709,1.0,2.0,1.0,1.0,0.0,6.0,1.7132421262626236,0.0,1.0,0.0,0.0,1.0,0.0,0.0,0.0,0.0,0.0,0.0,0.0,-0.578692341106456,6.266672417126833,27.77289585304049,1.822889872755702,0.3176410103322858,0.4805379053785883,CC(=C)C(=O)O.[Cu+2],self_polishing,甲基丙烯酸铜SPC_变体536,80.87306051304991,65.67160566134176,87.33864259366482,72.79711480603359,False
158.3909377751128,-1.1539356833594236,75.13074222206464,1.0,2.0,1.0,0.0,0.0,7.0,-0.9087290864658012,0.0,0.0,0.0,0.0,2.0,0.0,0.0,0.0,0.0,1.0,0.0,1.0,-0.2138218554856397,3.0539434219375883,51.16445095163508,1.3306485771248524,-0.5022113548891067,0.6696920884713111,OC(=O)C=C.CC(=O)[O-].[Zn+2],self_polishing,丙烯酸锌SPC_变体537,69.24966440326115,53.29551990409887,96.10741822775958,63.53642063094004,False
197.1165052718568,1.3307189448293193,54.4541458022868,1.0,2.0,3.0,0.0,0.0,12.0,0.8602363211995063,0.0,0.0,0.0,0.0,7.0,0.0,2.0,0.0,0.0,1.0,0.0,0.0,0.1391928476604413,10.2477676196253,41.21979277016283,2.846701982097417,0.6188589518889245,0.6763777109358213,OC(=O)C=C.[Si](OC)(OC)(OC)C,self_polishing,硅基自抛光丙烯酸酯_变体538,78.81189936669512,67.9728853499045,91.67858503560782,77.22395667260439,False
144.59435842638294,-0.5893614838112886,93.76988765689715,0.0,4.0,1.0,1.0,0.0,11.0,0.3907960988929579,0.0,0.0,0.0,0.0,4.0,1.0,0.0,0.0,0.0,1.0,0.0,0.0,0.1704332997392778,9.631548314863815,40.97653069422612,3.2482756472877705,0.8933707334108156,0.1533778798572802,OC(=O)C=C.CC(=O)[O-].[Zn+2],self_polishing,丙烯酸锌SPC_变体539,74.37673625554574,67.39245189178199,91.0938184957679,68.12618919395955,False
160.80822534029429,-0.4725315209137566,58.87085983231591,2.0,3.0,4.0,0.0,0.0,11.0,0.7000430864427849,0.0,0.0,0.0,0.0,6.0,0.0,0.0,0.0,0.0,0.0,0.0,0.0,0.7991388338745563,6.200963860703277,42.60866482192775,0.3559881614744828,0.7124394258144282,-0.0061294052915478,OC(=O)C=C.[Si](OC)(OC)(OC)C,self_polishing,硅基自抛光丙烯酸酯_变体540,80.19117387750885,66.99047662163973,96.0272239171157,70.36598032505603,True
176.21693494430113,2.995306389759089,45.84646744802242,1.0,1.0,2.0,2.0,1.0,13.0,1.0577451649462015,0.0,1.0,1.0,0.0,2.0,0.0,0.0,0.0,0.0,0.0,0.0,0.0,0.0010592105087362,3.1809598601360145,28.78812885659989,2.1232950318622943,-1.1466931241842486,0.048596051714296,OC(=O)C1CC2CCC(C(C)C)C2CC1,self_polishing,松香改性SPC_变体541,78.29548657812333,61.21049341032454,71.75418505117025,65.53801155309446,False
197.81125499695204,0.4791351375505619,73.919878635773,2.0,4.0,6.0,0.0,0.0,18.0,0.2032086024809356,0.0,0.0,0.0,0.0,5.0,0.0,1.0,0.0,1.0,1.0,0.0,1.0,-0.5369315889178732,5.861466756413628,30.60220007313494,0.6673074169948227,0.45142961411652,1.322743493119738,OC(=O)C=C.[Si](OC)(OC)(OC)C,self_polishing,硅基自抛光丙烯酸酯_变体542,92.36862151295018,67.10532501876858,93.0579715165961,82.90054005173359,False
207.5498476456677,-0.8232051788722069,69.52771886425062,1.0,2.0,2.0,0.0,0.0,11.0,0.4878828505760056,0.0,0.0,0.0,0.0,4.0,0.0,0.0,0.0,1.0,0.0,0.0,0.0,0.6374694826718305,10.526170190754776,50.43297829220312,2.3864549581186294,0.6668306304456734,0.6220174393029269,OC(=O)C=C.CC(=O)[O-].[Cu+2],self_polishing,丙烯酸铜SPC_变体543,72.10258150249375,57.6268166028351,99.0,65.22980630900449,True
193.21876853791557,-1.453925188966927,82.2561553616686,1.0,4.0,1.0,0.0,0.0,10.0,0.3354141222166742,0.0,0.0,0.0,0.0,5.0,0.0,0.0,0.0,1.0,0.0,0.0,0.0,-0.2599361259773115,8.743927860009979,39.14594203058711,1.8481278122169065,-0.4625143569872142,0.06855918119299,OC(=O)C=C.CC(=O)[O-].[Cu+2],self_polishing,丙烯酸铜SPC_变体544,76.40788773952397,68.18814866661633,98.4498741297888,68.33510681727023,True
165.86083368610912,0.2164757591222464,31.414820337151028,1.0,1.0,0.0,0.0,0.0,9.0,0.7535330514590197,1.0,0.0,0.0,0.0,2.0,0.0,1.0,0.0,1.0,0.0,0.0,0.0,0.7482110458871927,4.598941595793458,41.6131485773311,2.6064416128772634,-0.533846235415074,1.1583053270470045,CC(=C)C(=O)O.[Cu+2],self_polishing,甲基丙烯酸铜SPC_变体545,75.0560174320114,59.59897229838965,99.0,74.11143153392737,False
196.795626686783,-2.701629883243568,73.77852999171459,0.0,5.0,1.0,0.0,0.0,12.0,0.4238858717827759,0.0,0.0,0.0,0.0,5.0,0.0,0.0,0.0,0.0,0.0,0.0,0.0,0.3895535139519057,8.871179581624805,52.17666866991434,3.2937370961896217,-0.095970948411286,-0.2803315771021297,OC(=O)C=C.C(=O)[O-].[Na+],self_polishing,丙烯酸钠离子交换型_变体546,72.76848438702666,60.4053931783408,83.10973247040693,61.77987302602423,True
208.81155851302145,-0.0740828138697612,77.64927201780182,0.0,4.0,1.0,0.0,0.0,11.0,0.0210897080228148,0.0,0.0,0.0,0.0,6.0,0.0,1.0,0.0,0.0,1.0,1.0,0.0,-0.0133393092615526,6.038772239133337,45.58265693317018,1.2518830281633788,-0.4438000866377168,0.5448602878706122,OC(=O)C=C.CC(=O)[O-].[Zn+2],self_polishing,丙烯酸锌SPC_变体547,76.72046141174812,56.34980856099766,95.16863798955102,65.52536071442569,False
186.338754647554,-0.64707704349384,62.69952817870621,1.0,2.0,1.0,0.0,0.0,9.0,0.3117279160092112,1.0,0.0,0.0,0.0,4.0,0.0,0.0,1.0,0.0,1.0,0.0,0.0,-0.4288274603273198,9.467046843923862,32.1614847540868,3.07574180032445,0.7904699260273031,0.153843875768339,OC(=O)C=C.CC(=O)[O-].[Zn+2],self_polishing,丙烯酸锌SPC_变体548,79.16865492387169,68.83185300895308,95.90965836576152,68.01075381824629,False
205.1786111718614,-0.0038186429897253,68.75167905734278,1.0,4.0,4.0,0.0,0.0,13.0,0.3384664049419026,0.0,1.0,0.0,0.0,4.0,0.0,1.0,0.0,0.0,0.0,0.0,0.0,0.8005593428196345,11.443145895832249,25.72354445641283,1.916266929069456,0.5027036880697937,0.6874340551796548,OC(=O)C=C.[Si](OC)(OC)(OC)C,self_polishing,硅基自抛光丙烯酸酯_变体549,87.6638872925185,73.97829553095924,90.01249480908557,78.52214456959967,True
190.08392140716103,0.7820709140908809,48.558336555720274,2.0,0.0,1.0,0.0,0.0,7.0,-0.1289891304684926,0.0,0.0,1.0,0.0,2.0,0.0,0.0,0.0,1.0,0.0,1.0,1.0,-0.7948408336704142,4.843803929446702,44.94291989216977,2.1401160348042048,0.0345249734506608,0.0491331514272815,CC(=C)C(=O)O.[Cu+2],self_polishing,甲基丙烯酸铜SPC_变体550,73.88701394216065,67.19695274784092,93.64262824014574,68.57308900904252,False
126.68874732904423,1.3683898288121616,35.550211644766684,1.0,1.0,1.0,0.0,0.0,7.0,0.3842184834439894,0.0,1.0,0.0,0.0,2.0,0.0,0.0,1.0,1.0,0.0,0.0,1.0,-0.3881985798894248,3.4443842630193124,40.52777178736496,3.1860154036177937,-1.2098787524892485,-0.7478257470965372,CC(=C)C(=O)O.[Cu+2],self_polishing,甲基丙烯酸铜SPC_变体551,77.03693015907274,72.14937040867504,91.21977692940588,65.85441157200336,False
142.3825881137134,0.6696041958266065,33.17407084495329,2.0,2.0,0.0,1.0,1.0,7.0,-0.0782109168261864,0.0,0.0,0.0,0.0,2.0,0.0,0.0,0.0,1.0,0.0,0.0,0.0,0.2392049477828403,6.476686741742688,41.48411496796387,1.0682320958316949,0.101729950205821,-0.0990563062775122,CC(=C)C(=O)O.[Cu+2],self_polishing,甲基丙烯酸铜SPC_变体552,75.55391713966623,64.51859220297021,95.3142233034611,65.85963615625965,False
297.21088949477354,1.2173866649910474,62.343642031201455,1.0,3.0,3.0,0.0,0.0,10.0,1.3649216225469865,0.0,1.0,0.0,1.0,3.0,0.0,0.0,0.0,1.0,0.0,0.0,0.0,-0.0193938415558465,6.5225050293984586,32.137480339668826,2.103472521909662,0.2170432510152171,0.8510583796570579,OC(=O)C=C.[Si](OC)(OC)(OC)C,self_polishing,硅基自抛光丙烯酸酯_变体553,88.19340540502937,72.32639089849457,89.85885037897766,78.14904068860982,False
178.99742169017918,-0.2674999912929545,79.11179252038875,1.0,3.0,1.0,1.0,0.0,13.0,-0.237240535085967,0.0,0.0,0.0,0.0,5.0,0.0,0.0,0.0,0.0,0.0,1.0,0.0,1.3134855537945034,7.317736379632242,47.6794775043664,2.5637668612478905,-0.0976923035008484,0.5272817743934596,OC(=O)C=C.CC(=O)[O-].[Cu+2],self_polishing,丙烯酸铜SPC_变体554,71.551709564949,58.260876850052426,99.0,70.37187630017888,False
113.8892655168427,0.1075316927779732,69.02345209911944,1.0,2.0,2.0,0.0,0.0,11.0,0.1159177255118893,0.0,0.0,0.0,0.0,3.0,0.0,0.0,0.0,0.0,0.0,0.0,0.0,-0.7898194053189188,10.764012110319433,39.99945789980177,2.261792591386611,0.6180905483556708,0.2131282040396454,OC(=O)C=C.C(=O)OCC,self_polishing,丙烯酸乙酯水解型SPC_变体555,69.89937662656875,57.91456917156581,81.96007450342321,64.00969732287261,True
214.5319812683162,2.998430271421209,44.67692386539376,1.0,1.0,1.0,1.0,0.0,13.0,1.4324746270361457,0.0,0.0,0.0,0.0,2.0,0.0,0.0,0.0,0.0,0.0,0.0,0.0,0.4634998143670844,2.7154832741246087,33.35555548086634,1.6088292908151272,0.0951979861381785,0.874975147534811,OC(=O)C1CC2CCC(C(C)C)C2CC1,self_polishing,松香改性SPC_变体556,77.5403982175563,55.26450857214694,80.23321028131615,64.6116350285693,True
191.9890638607424,0.0384518852437991,57.27246044625019,0.0,5.0,6.0,0.0,0.0,12.0,0.6839927975204062,0.0,0.0,0.0,0.0,6.0,0.0,0.0,0.0,1.0,0.0,0.0,0.0,0.7154392262615481,8.184382975348989,51.73404080077807,1.0340108596097686,-0.1930039760225146,-0.3991299818405122,OC(=O)C=C.[Si](OC)(OC)(OC)C,self_polishing,硅基自抛光丙烯酸酯_变体557,79.8501459765931,64.58908891487073,93.55351016721886,70.90390776463862,False
216.1839281289278,-0.7341988971528366,84.79464603010497,1.0,2.0,2.0,0.0,0.0,12.0,-0.5426538219352985,0.0,0.0,0.0,1.0,3.0,0.0,0.0,0.0,0.0,0.0,0.0,0.0,0.2599355900711899,9.05556648827944,43.80974243295904,1.895976053588429,0.039983572128156,0.2241762989032215,OC(=O)C=C.CC(=O)[O-].[Cu+2],self_polishing,丙烯酸铜SPC_变体558,77.65399079016207,67.6019294756333,95.1022880238643,68.46664785726053,True
277.9890301979109,3.679419749673058,42.93964590033311,2.0,1.0,3.0,2.0,0.0,14.0,0.5259124515351443,0.0,0.0,0.0,0.0,2.0,0.0,0.0,0.0,0.0,0.0,0.0,0.0,-0.3274922443043595,1.9155265856622432,42.08274545465005,2.1702094227838624,0.3891346640438161,0.6771508494970814,OC(=O)C1CC2CCC(C(C)C)C2CC1,self_polishing,松香改性SPC_变体559,70.02640857788153,51.04370407271759,75.00420036581728,61.79906101984587,True
208.12221449843065,2.9994028343861143,33.841134280495666,2.0,1.0,2.0,3.0,0.0,19.0,0.4155611464205528,0.0,0.0,0.0,0.0,2.0,0.0,0.0,0.0,0.0,0.0,0.0,1.0,0.1143280481385342,1.329372020690347,38.2237042364378,2.118473552998955,1.0205144980069494,0.1245076286978029,OC(=O)C1CC2CCC(C(C)C)C2CC1,self_polishing,松香改性SPC_变体560,72.62867635573082,62.92934279740264,70.72046182903735,61.00008207707484,False
180.10198594381822,-1.4655172679603976,71.05405099341633,0.0,2.0,0.0,0.0,1.0,10.0,-0.1571667606568967,0.0,0.0,1.0,0.0,3.0,0.0,0.0,0.0,0.0,0.0,0.0,0.0,0.1981867898984591,4.133962264436105,57.46756540750966,1.0101076319482083,-0.0458628809567276,0.3972551729189338,OC(=O)C=C.CC(=O)[O-].[Cu+2],self_polishing,丙烯酸铜SPC_变体561,68.87981212889657,62.5605878844035,91.21508860587936,64.45035083712527,False
155.9425257170383,-0.1388117509013413,48.220797618327154,1.0,1.0,0.0,1.0,0.0,8.0,0.1538473279809821,0.0,1.0,0.0,0.0,2.0,0.0,0.0,0.0,0.0,0.0,0.0,0.0,0.1010436447460519,3.432570120795517,49.08749182596649,1.9703844554577596,0.3015489475587977,-0.6765397212003927,CC(=C)C(=O)O.[Cu+2],self_polishing,甲基丙烯酸铜SPC_变体562,75.72552698461911,66.85667434312754,91.48087959961364,68.34017577853777,True
132.20465407932758,-4.031034782446664,84.2177240823075,2.0,1.0,1.0,0.0,0.0,10.0,-0.1147679684051157,0.0,0.0,0.0,0.0,5.0,0.0,0.0,0.0,1.0,0.0,0.0,0.0,-0.2837959567521525,7.864098622733334,50.32835462483062,2.1839632931362805,0.158449000064116,0.4252105068062628,OC(=O)C=C.C(=O)[O-].[Na+],self_polishing,丙烯酸钠离子交换型_变体563,71.08655867813619,54.25943011779837,82.21256465375832,64.88531739396012,True
125.1717395539686,0.8209399647764115,66.96052565258746,2.0,3.0,2.0,0.0,0.0,6.0,0.523439698804378,0.0,0.0,0.0,0.0,5.0,0.0,0.0,0.0,0.0,0.0,0.0,0.0,-1.3757898619940343,11.27992937026672,52.42576720668133,2.3344928800388933,0.3814362021210918,1.074728315631095,OC(=O)C=C.C(=O)OCC,self_polishing,丙烯酸乙酯水解型SPC_变体564,66.98261939040745,50.21221045236726,70.89815193944422,57.48349528134626,True
166.39219153039247,-0.7013648033314612,46.217501228081794,1.0,3.0,4.0,0.0,0.0,11.0,-0.1456610179240305,0.0,0.0,0.0,0.0,3.0,0.0,0.0,1.0,0.0,0.0,0.0,0.0,0.3769560325960664,10.616486471076716,36.62857739648919,2.6404072311056157,-0.7265414463372407,-0.5717739940119522,OC(=O)C=C.C(=O)OCC,self_polishing,丙烯酸乙酯水解型SPC_变体565,72.35809830204963,60.2481446104236,91.47021792991384,55.583329359024674,True
224.88004212815596,-1.0227615796841718,85.91996297630132,1.0,5.0,1.0,0.0,1.0,12.0,0.7668925016618573,0.0,0.0,0.0,0.0,4.0,0.0,0.0,0.0,1.0,1.0,0.0,1.0,0.6979235094307097,4.624613071304528,45.707450988565,3.1669859315956064,-0.5286141770950739,-0.4123972946969463,OC(=O)C=C.CC(=O)[O-].[Zn+2],self_polishing,丙烯酸锌SPC_变体566,76.52612190341314,63.59405313866687,99.0,64.37957022584308,False
230.75106032023515,-1.6725726840429198,70.57007268124512,1.0,4.0,1.0,0.0,0.0,10.0,0.0662864439635753,0.0,0.0,0.0,0.0,5.0,0.0,0.0,0.0,1.0,0.0,0.0,0.0,1.116395045782094,9.895492181763546,45.09644207204066,2.3825825746757183,-0.1830572510966304,-0.5556339115007983,OC(=O)C=C.CC(=O)[O-].[Cu+2],self_polishing,丙烯酸铜SPC_变体567,81.90487200989682,59.56819867581429,99.0,71.0627519165753,True
150.71636893552716,0.040346853468906,62.19257684850852,1.0,4.0,2.0,0.0,0.0,14.0,0.6794037643895536,0.0,0.0,0.0,1.0,4.0,1.0,0.0,0.0,0.0,0.0,0.0,0.0,0.7549775978315865,7.123077420992244,47.32378878359816,3.996583554512124,0.3306529369239656,1.5909788027823044,OC(=O)C=C.C(=O)OCC,self_polishing,丙烯酸乙酯水解型SPC_变体568,72.91444376677096,56.859056392558806,94.04835664597204,60.770730085432334,False
143.3491331062847,0.4005431403873038,39.62383545076983,2.0,1.0,1.0,0.0,0.0,8.0,0.2890705863815453,0.0,0.0,0.0,0.0,1.0,0.0,0.0,0.0,0.0,0.0,0.0,0.0,0.537366933221211,4.52650060703103,50.951196992505885,1.0782828166199474,-0.0124694327357116,0.5026316145984979,CC(=C)C(=O)O.[Cu+2],self_polishing,甲基丙烯酸铜SPC_变体569,69.51285671336034,64.71480691649651,97.41638486487628,61.38677964218593,True
273.7014847426611,0.4163578884914397,60.14178637840372,1.0,5.0,4.0,0.0,0.0,14.0,-0.3620085446950449,1.0,0.0,0.0,0.0,4.0,0.0,1.0,1.0,0.0,0.0,0.0,0.0,0.0444626652567867,8.059630989059405,24.61260641406716,0.8466425237831269,-0.4995426200613312,0.8851052511101474,OC(=O)C=C.[Si](OC)(OC)(OC)C,self_polishing,硅基自抛光丙烯酸酯_变体570,89.33865591742419,69.15912421921911,81.97102435489403,83.64028598374797,False
101.43084572799398,-0.609107053750519,40.1773434181963,1.0,1.0,2.0,0.0,0.0,9.0,0.8082262999860244,0.0,0.0,0.0,1.0,2.0,0.0,0.0,0.0,1.0,0.0,0.0,0.0,-0.0444171549948274,4.3996574848886905,39.45784339496185,2.0197652080695576,0.166592324691899,0.269805576664109,CC(=C)C(=O)O.[Cu+2],self_polishing,甲基丙烯酸铜SPC_变体571,82.23552366105987,68.48536604078473,94.26342830739505,66.55651930577665,True
239.39399321950495,0.4119557150798066,69.64953339041887,1.0,3.0,6.0,1.0,0.0,15.0,0.4996560480347914,0.0,0.0,0.0,0.0,5.0,1.0,2.0,0.0,0.0,0.0,0.0,1.0,0.194772216164813,6.498139671107503,48.47827732766228,2.99814306063472,-0.1551488147333677,0.6330455153557782,OC(=O)C=C.[Si](OC)(OC)(OC)C,self_polishing,硅基自抛光丙烯酸酯_变体572,80.71088218242913,67.97082189806622,87.14049997960456,78.35013874026437,False
255.5857065933639,0.3400385050501374,43.20701608401588,1.0,5.0,4.0,0.0,0.0,10.0,0.6784804507577336,0.0,0.0,0.0,0.0,5.0,0.0,0.0,0.0,0.0,0.0,0.0,0.0,0.1703432624043417,8.597124556100118,38.227737144503024,1.636147721170533,-0.119292953006162,0.1527898539814086,OC(=O)C=C.[Si](OC)(OC)(OC)C,self_polishing,硅基自抛光丙烯酸酯_变体573,83.6813306170647,63.6818265892702,85.2200773865445,73.91316238956736,True
197.8557026916621,1.2023184724354965,44.59714737714627,2.0,4.0,3.0,0.0,0.0,10.0,-0.3199310924354018,0.0,0.0,0.0,1.0,5.0,1.0,0.0,0.0,0.0,0.0,1.0,0.0,-0.3796213409632619,8.325273069830885,35.69517623056729,0.9348640927677496,0.024351635343416,0.2781763999178845,OC(=O)C=C.[Si](OC)(OC)(OC)C,self_polishing,硅基自抛光丙烯酸酯_变体574,82.35537603076364,68.39283744338542,89.46217289672654,78.06169469710534,False
191.84913199412588,-1.1434505992319897,86.22026607366814,0.0,4.0,2.0,1.0,0.0,9.0,0.3540030466288374,1.0,0.0,1.0,0.0,4.0,0.0,1.0,0.0,0.0,1.0,0.0,0.0,-0.3326009147284649,6.260256262893787,45.18562792463985,0.2478055079796091,0.2739316950926821,-0.0383782276000898,OC(=O)C=C.CC(=O)[O-].[Zn+2],self_polishing,丙烯酸锌SPC_变体575,71.73887208993588,60.21331947104241,88.1190547656073,66.96881684163398,False
165.37924209446044,-1.4477872895551105,81.7183141233429,0.0,5.0,1.0,0.0,0.0,12.0,0.5185580555892748,1.0,0.0,0.0,0.0,5.0,1.0,0.0,0.0,0.0,1.0,0.0,0.0,0.7879669318134213,5.484826921739824,44.18709685430787,3.090080843072493,0.5312253691858314,0.5901367710276495,OC(=O)C=C.CC(=O)[O-].[Zn+2],self_polishing,丙烯酸锌SPC_变体576,71.86457343696074,57.19290345080533,99.0,64.47644030725446,False
156.2807146081892,1.1922995860340362,63.36547947368981,1.0,3.0,3.0,1.0,0.0,13.0,0.1301006915986258,0.0,0.0,0.0,0.0,6.0,0.0,2.0,0.0,0.0,0.0,0.0,0.0,-0.7600748613722437,6.820054037370859,30.46889633506094,1.2034921163064392,-0.4897456628165531,1.5949508614337318,OC(=O)C=C.[Si](OC)(OC)(OC)C,self_polishing,硅基自抛光丙烯酸酯_变体577,89.85661004072044,69.49573686742238,73.55949692808461,73.91663121008366,False
245.1191389874768,0.4718488818281123,84.03964973122685,1.0,3.0,3.0,1.0,0.0,15.0,1.6446682983423244,0.0,0.0,0.0,0.0,8.0,0.0,0.0,0.0,0.0,0.0,0.0,0.0,0.502999169816341,9.903648418257143,37.999334302096685,1.320157151250624,0.091338878791996,0.9379170023837452,OC(=O)C=C.[Si](OC)(OC)(OC)C,self_polishing,硅基自抛光丙烯酸酯_变体578,79.73002880557313,67.46801335256374,88.51892780459386,75.3734816723338,False
172.9877232221937,0.4398398198957037,38.14668721010905,0.0,1.0,2.0,0.0,0.0,7.0,0.0350624635769475,0.0,0.0,0.0,1.0,3.0,0.0,0.0,0.0,0.0,0.0,1.0,0.0,0.5873355804117689,5.627547781345179,36.60664449104175,3.63447115524887,0.0676336731991635,0.3605027882015287,CC(=C)C(=O)O.[Cu+2],self_polishing,甲基丙烯酸铜SPC_变体579,75.58190957717645,61.02137442402602,99.0,74.40979402784727,False
121.9905194406518,0.8114066280555097,63.788528342814985,1.0,4.0,2.0,0.0,0.0,12.0,0.5173400323291674,0.0,0.0,0.0,1.0,3.0,0.0,0.0,0.0,0.0,0.0,0.0,0.0,-0.9693999546907888,7.421291598136826,45.65130612645989,0.9342086389477272,-0.1226868615617412,1.4901511389247148,OC(=O)C=C.C(=O)OCC,self_polishing,丙烯酸乙酯水解型SPC_变体580,71.52682454668877,57.76707051860482,71.5218403800859,68.29503272316246,True
245.7783525222836,-1.35570957732529,94.0746514959444,1.0,2.0,1.0,0.0,0.0,6.0,-0.2231848156293759,0.0,1.0,0.0,0.0,5.0,0.0,0.0,0.0,1.0,0.0,0.0,0.0,-0.1784134883126228,6.325919470186429,44.19935462884823,2.366926139338516,0.1763942606478998,0.0963844903051693,OC(=O)C=C.CC(=O)[O-].[Cu+2],self_polishing,丙烯酸铜SPC_变体581,77.45024268440307,66.35330539873841,99.0,70.88484786792216,True
151.0599517069712,1.031402229961899,38.36175718167853,1.0,1.0,1.0,0.0,1.0,6.0,0.3744462087865047,0.0,0.0,0.0,0.0,2.0,0.0,0.0,0.0,1.0,0.0,0.0,0.0,0.2830378558554764,4.458582862063887,43.99397303242711,2.004338455194942,-0.3782956369740869,0.8794834287720407,CC(=C)C(=O)O.[Cu+2],self_polishing,甲基丙烯酸铜SPC_变体582,73.84150693707144,66.33013365449314,91.03685911997452,67.43504205258361,True
198.44246468251944,0.1724945967265087,66.93441974552198,1.0,5.0,4.0,1.0,1.0,10.0,-0.2880901497057994,0.0,1.0,0.0,0.0,5.0,0.0,1.0,0.0,0.0,0.0,0.0,0.0,0.3308229012573782,7.890913016613534,45.76007117791753,1.2296777478382286,0.1774766483235532,1.2123647124529648,OC(=O)C=C.[Si](OC)(OC)(OC)C,self_polishing,硅基自抛光丙烯酸酯_变体583,74.30116912176456,66.78296602237471,88.18193356194644,71.40844904486023,False
145.88780530454864,-4.347490753944917,80.83617512359683,1.0,3.0,1.0,0.0,0.0,13.0,0.7319503930871614,0.0,1.0,0.0,0.0,2.0,0.0,0.0,0.0,0.0,0.0,0.0,0.0,-0.1755796478770788,12.60880210272756,42.97842789186752,2.230084485945248,-0.0511701533060744,0.7313837447129466,OC(=O)C=C.C(=O)[O-].[Na+],self_polishing,丙烯酸钠离子交换型_变体584,72.44246309609696,61.078879275873305,80.91909383061272,67.2970140511274,True
160.93254963069424,2.0805499205243185,22.72955017840162,1.0,2.0,1.0,0.0,0.0,4.0,0.3930740779863907,0.0,1.0,0.0,0.0,3.0,0.0,0.0,1.0,1.0,1.0,1.0,0.0,-0.2073571180994609,4.8330273242817,40.81288129310397,3.431856858073076,-0.4014979566077976,0.4185290789606786,CC(=C)C(=O)O.[Cu+2],self_polishing,甲基丙烯酸铜SPC_变体585,75.7970999910398,66.0002519172747,99.0,74.72525936388654,False
185.7717564839711,-1.3775352262699665,61.12714854918397,1.0,2.0,1.0,0.0,0.0,12.0,-0.0064879202253478,0.0,0.0,0.0,0.0,3.0,0.0,0.0,0.0,1.0,0.0,0.0,0.0,0.8700267545035436,11.748655502800029,39.44550782935623,2.803605457415558,-0.0205556293855177,0.7785516975491817,OC(=O)C=C.CC(=O)[O-].[Cu+2],self_polishing,丙烯酸铜SPC_变体586,77.91839790192057,60.46655306447487,99.0,68.97393299915485,True
226.4644764333896,3.2526022399917576,42.28379807806751,1.0,1.0,3.0,1.0,0.0,10.0,1.37159808140199,1.0,0.0,0.0,0.0,2.0,0.0,0.0,0.0,0.0,0.0,0.0,0.0,0.7842669693546632,2.9745458885020537,28.90033728923348,2.0352331599791844,-0.1117841845622755,-0.5626044158340753,OC(=O)C1CC2CCC(C(C)C)C2CC1,self_polishing,松香改性SPC_变体587,78.46733674058112,58.30901897285338,83.34381302613355,65.29018095438613,False
143.71241035132385,-1.580193558339281,53.50941355759413,1.0,4.0,1.0,0.0,0.0,6.0,0.2295073824432649,0.0,1.0,1.0,0.0,5.0,0.0,0.0,0.0,0.0,1.0,1.0,0.0,1.123186659336722,5.869098281142964,25.31609463276769,1.7041297075289108,-0.1119172941071484,-0.4364039964705417,OC(=O)C=C.CC(=O)[O-].[Zn+2],self_polishing,丙烯酸锌SPC_变体588,88.74390329672389,63.86438696192268,99.0,77.94775457723324,False
181.63636903967665,-2.722710768537602,86.92100109020514,0.0,3.0,1.0,0.0,0.0,10.0,0.3895779233709995,0.0,1.0,0.0,0.0,3.0,0.0,1.0,0.0,0.0,0.0,0.0,0.0,0.621460879148157,11.581582283270343,35.94659149275303,2.929209848631696,0.3571863505942593,-0.1011378608505109,OC(=O)C=C.C(=O)[O-].[Na+],self_polishing,丙烯酸钠离子交换型_变体589,79.75258908838657,62.93402810759024,90.18247035799074,63.31531424914578,False
199.86242556427865,-0.7642639644367014,59.77548137612472,1.0,4.0,1.0,1.0,0.0,12.0,0.577786546626077,0.0,0.0,0.0,0.0,3.0,0.0,0.0,0.0,1.0,0.0,0.0,0.0,-0.2234164159893591,9.022808643878694,47.62869991318573,3.202494789500231,-0.2882772873507707,0.8895351282620397,OC(=O)C=C.CC(=O)[O-].[Cu+2],self_polishing,丙烯酸铜SPC_变体590,85.20451878783088,62.016617436107126,98.21243128939902,70.2919430187205,True
206.00626216296791,2.10944679067262,34.26386657657156,1.0,1.0,1.0,3.0,0.0,14.0,1.4144923055049774,1.0,0.0,0.0,0.0,3.0,0.0,0.0,0.0,0.0,0.0,1.0,0.0,0.4261678415371324,3.504531949295203,25.94956968222561,3.4142966168683717,0.4360112359882033,0.4488714437131071,OC(=O)C1CC2CCC(C(C)C)C2CC1,self_polishing,松香改性SPC_变体591,82.36416770857535,63.40834075424807,83.39370813595211,67.73916531783334,False
176.27762899924466,1.6459745045851637,82.3828470076289,1.0,4.0,5.0,0.0,0.0,11.0,0.0786708084772466,0.0,0.0,0.0,0.0,5.0,0.0,1.0,0.0,0.0,0.0,0.0,0.0,-0.5098682736708343,9.520404850697435,40.32540642509319,2.0516611275533223,0.2409347630961562,0.5441243943560432,OC(=O)C=C.[Si](OC)(OC)(OC)C,self_polishing,硅基自抛光丙烯酸酯_变体592,76.87684914231647,72.28309655683573,74.61948618295533,78.51360395215175,True
148.94191944357462,0.6669888628864752,75.46827139643943,0.0,4.0,2.0,0.0,0.0,9.0,0.8681495985169394,1.0,1.0,0.0,0.0,4.0,1.0,0.0,1.0,0.0,0.0,0.0,0.0,-0.0495727129427746,7.191209572177364,46.45722560315328,3.0628667865814774,0.4901395989173849,0.7779566192880094,OC(=O)C=C.C(=O)OCC,self_polishing,丙烯酸乙酯水解型SPC_变体593,74.071600111988,48.22521710735597,91.3889178493087,59.18762160063263,False
164.88092947407117,1.3765320947560291,36.99035207090673,0.0,2.0,1.0,1.0,0.0,6.0,0.650139441862813,0.0,0.0,0.0,0.0,1.0,0.0,1.0,0.0,1.0,0.0,0.0,0.0,0.0653783269507619,4.035338076942336,40.43893447176622,2.3668786155988992,-0.4887862652973638,0.8722392350327106,CC(=C)C(=O)O.[Cu+2],self_polishing,甲基丙烯酸铜SPC_变体594,78.49859294596308,64.07396232399942,94.39124785267184,72.87067091210011,True
142.21057582904285,0.9524676622308594,72.50189933071454,1.0,3.0,4.0,0.0,0.0,8.0,-0.4758918484280988,0.0,0.0,0.0,0.0,3.0,0.0,0.0,0.0,0.0,0.0,1.0,0.0,0.4465047428891616,9.690617825483708,45.84370145265394,0.8239575296849131,0.4775484774629985,0.4036415372612434,OC(=O)C=C.C(=O)OCC,self_polishing,丙烯酸乙酯水解型SPC_变体595,74.87192641937882,55.90577735901335,99.0,63.34801973903418,True
94.757570705969,-0.1804008520526182,25.27208357647405,1.0,1.0,0.0,1.0,0.0,7.0,-0.2061385775469016,1.0,0.0,0.0,1.0,0.0,0.0,0.0,0.0,0.0,0.0,0.0,0.0,-0.0134499262446922,8.013928713191845,43.656581960457885,2.1467610763526896,0.4459041181508922,0.3869232911715954,O=C1CCCN1,bioinspired,PVP单体(聚乙烯吡咯烷酮)_变体596,60.64979732074515,57.29371343183128,79.57729745852141,64.40324101303922,True
136.96095564660624,1.2688077957164965,67.02168526298843,3.0,3.0,1.0,1.0,0.0,10.0,0.2118982165780228,1.0,0.0,1.0,2.0,3.0,0.0,0.0,1.0,1.0,0.0,0.0,0.0,0.297199321510537,7.494347340166393,43.01119051094286,2.7553647928570983,1.4198335335701042,-0.1960499537167844,NCc1ccc(O)c(O)c1,bioinspired,多巴胺(仿贻贝)_变体597,69.4743282152846,68.47785942296669,86.27869961998628,70.62898020793364,False
308.6023220856508,1.843013995973927,63.33406865301448,1.0,5.0,6.0,2.0,3.0,22.0,0.0923013690089753,0.0,0.0,0.0,1.0,4.0,0.0,0.0,0.0,0.0,0.0,0.0,0.0,0.2392822702001908,5.678769430869584,30.47971472215152,3.533594677703972,0.0289125010981602,0.0357370724992791,COc1ccc(CCN=Cc2ccc(O)c(OC)c2)cc1O,bioinspired,辣椒素(天然防污)_变体598,79.65479349963621,66.02825445655529,82.52931132288292,68.69054003480778,True
254.51492135374585,2.0653119817803502,72.88379464388007,2.0,7.0,5.0,1.0,1.0,21.0,0.3528250269541438,0.0,0.0,1.0,1.0,5.0,0.0,0.0,0.0,0.0,1.0,0.0,0.0,0.3980955307567806,6.136106900024549,36.070664653172166,3.10916085834324,0.1033282945238292,0.4339232254869476,COc1ccc(CCN=Cc2ccc(O)c(OC)c2)cc1O,bioinspired,辣椒素(天然防污)_变体599,75.58719052716069,62.08203501664339,98.67830005644538,69.5145749518099,False
129.92583302719572,-0.4140445614105036,82.14614519158548,3.0,2.0,1.0,0.0,1.0,10.0,1.0453536363733302,0.0,1.0,0.0,1.0,3.0,0.0,1.0,0.0,0.0,0.0,0.0,0.0,0.0631279363569663,6.564826998819182,31.81122026090955,1.0513270216119273,-0.6531180232434811,0.6646293846464401,NCc1ccc(O)c(O)c1,bioinspired,多巴胺(仿贻贝)_变体600,67.12354474441624,67.27607211474574,72.56866622258815,71.11015531376474,False
127.8403129072484,-0.8350282734047958,82.58057872194496,5.0,3.0,2.0,0.0,1.0,11.0,0.1125785411319948,0.0,0.0,0.0,0.0,3.0,0.0,0.0,1.0,1.0,0.0,0.0,0.0,0.5339016749110911,9.602303505244196,45.19922841899304,2.6472010767074234,0.2966643624027252,0.0702205825787029,OC(=O)c1cc(O)c(O)c(O)c1,bioinspired,没食子酸(仿贻贝粘附)_变体601,67.45750761417514,58.69642347519487,78.68253006904962,59.77975227075992,True
267.1405671173084,0.4227421960805891,143.36898823460552,6.0,5.0,1.0,2.0,1.0,18.0,0.2816203204804837,0.0,0.0,0.0,0.0,6.0,0.0,0.0,0.0,0.0,1.0,0.0,0.0,-0.1345554012651503,7.664968318768341,55.04780501884489,4.213013569563687,0.6434441358392624,0.8681950760290144,OC(=O)c1cc(O)c(O)c(O)c1.O=C1CCCN1,bioinspired,丹宁酸-PVP复合_变体602,67.72892707028754,65.07904573884441,77.264629114032,68.76386139857581,True
86.01696969692188,0.2207554343991897,23.77263256133699,1.0,1.0,1.0,0.0,0.0,6.0,0.6738898695592475,0.0,0.0,0.0,2.0,0.0,0.0,0.0,0.0,1.0,0.0,0.0,1.0,-0.8457931280978812,7.058597453110742,44.00209563976478,2.8502870229535064,0.2565194586982037,1.101487196490863,O=C1CCCN1,bioinspired,PVP单体(聚乙烯吡咯烷酮)_变体603,64.89643815607431,58.69452931110449,71.72081690785096,63.96037541089537,False
230.58633490171695,-0.1412704241708341,80.43088038089476,5.0,7.0,1.0,2.0,1.0,21.0,0.2081917813429092,1.0,0.0,0.0,0.0,4.0,0.0,0.0,0.0,0.0,1.0,0.0,0.0,0.0156072948347823,13.728406980527932,50.16221185189457,2.039984792737102,-0.091571546140112,1.2279118440018233,OC(=O)c1cc(O)c(O)c(O)c1.O=C1CCCN1,bioinspired,丹宁酸-PVP复合_变体604,64.99128078274848,66.50775506699829,84.63159109534914,69.4216582383176,False
243.5210909852763,3.16823467827551,73.69560044740005,1.0,5.0,6.0,2.0,3.0,28.0,-0.0932935379368067,0.0,0.0,0.0,0.0,5.0,1.0,0.0,1.0,0.0,1.0,0.0,0.0,-0.2135040606526726,5.671276511562075,34.1596822563256,3.532998712851993,0.9209125741142432,-0.1201531596451289,COc1ccc(CCN=Cc2ccc(O)c(OC)c2)cc1O,bioinspired,辣椒素(天然防污)_变体605,70.49875385868441,60.352580255507526,92.81878530749763,67.94796263792148,False
224.69411600473512,1.842436301434606,77.59330758427664,4.0,4.0,9.0,2.0,0.0,28.0,-0.0128810045265287,0.0,0.0,0.0,0.0,2.0,0.0,0.0,0.0,0.0,0.0,0.0,0.0,0.1940373366431922,7.749859736330639,42.25707786713569,3.048944517007271,1.6045035482289312,0.0805128581522367,COc1ccc(CCN=Cc2ccc(O)c(OC)c2)cc1O,bioinspired,辣椒素(天然防污)_变体606,78.52248720864677,62.36881992361392,82.74867173060396,67.23739316337374,False
174.95193428791583,0.6954946170945142,122.0927550133392,4.0,4.0,1.0,1.0,1.0,15.0,0.4509986161760599,0.0,0.0,1.0,0.0,5.0,0.0,0.0,0.0,0.0,0.0,0.0,1.0,-0.635915526517921,11.112819536319144,49.04392577593914,2.3623000421380693,-0.0607244556634828,0.7959801722724014,OC(=O)c1cc(O)c(O)c(O)c1,bioinspired,没食子酸(仿贻贝粘附)_变体607,59.277199568338,59.64812830636666,62.97469607426928,60.97474947683549,True
137.2191143412157,0.9170905182741388,94.06010914980496,5.0,5.0,2.0,1.0,0.0,15.0,0.0514096205585341,1.0,0.0,0.0,0.0,5.0,0.0,0.0,0.0,0.0,0.0,1.0,0.0,-0.1488545731099842,10.21763393594278,39.08131599015406,2.068671229318924,0.5255990520698839,1.1610589500627082,OC(=O)c1cc(O)c(O)c(O)c1,bioinspired,没食子酸(仿贻贝粘附)_变体608,67.34898063022683,64.58706157906181,72.82032711066266,63.181652094733806,True
216.05637071950605,0.3594090904335265,96.13271060740728,5.0,4.0,2.0,1.0,0.0,15.0,0.4563634065599043,0.0,0.0,0.0,0.0,4.0,1.0,0.0,0.0,0.0,0.0,0.0,0.0,-0.7063942888956384,11.391202074191032,39.79406904933517,2.3931871427775877,-0.929144348418634,0.2423747902782615,OC(=O)c1cc(O)c(O)c(O)c1,bioinspired,没食子酸(仿贻贝粘附)_变体609,69.94835623083085,66.31072082957245,65.81151078920641,59.55538340485509,True
207.3433667113936,0.9625910426599712,125.49997483445648,6.0,4.0,0.0,3.0,2.0,15.0,0.8232471146802087,0.0,0.0,0.0,0.0,4.0,0.0,0.0,0.0,0.0,0.0,0.0,1.0,0.4854098037085569,7.852741705923288,47.90873934555228,3.4489916135944174,0.7325015391927159,0.8852887570129788,OC(=O)c1cc(O)c(O)c(O)c1.O=C1CCCN1,bioinspired,丹宁酸-PVP复合_变体610,70.09386364300904,64.89201565991239,83.9158458883537,69.0318162950935,True
252.4910100626225,0.5015231905897513,105.46775330325616,6.0,5.0,1.0,3.0,3.0,15.0,-0.2101791859116058,1.0,0.0,0.0,1.0,6.0,0.0,0.0,0.0,0.0,0.0,0.0,1.0,-0.0503985843258176,10.230396272949138,37.0777283447903,3.237531699203629,1.894347447687453,0.6633103250019872,OC(=O)c1cc(O)c(O)c(O)c1.O=C1CCCN1,bioinspired,丹宁酸-PVP复合_变体611,74.95462217817257,65.07369019965734,82.27078309777222,71.41884207767117,False
234.88907640528083,2.8602994269870408,77.69330571363395,2.0,6.0,7.0,3.0,3.0,23.0,-0.4305339881313337,0.0,0.0,0.0,1.0,2.0,0.0,0.0,0.0,1.0,0.0,0.0,0.0,-0.2182442626572633,4.572203355123158,41.411046075908686,2.011957058111895,1.4782789228419315,0.5272780356828473,COc1ccc(CCN=Cc2ccc(O)c(OC)c2)cc1O,bioinspired,辣椒素(天然防污)_变体612,73.80240015041466,58.16621447797087,92.26948173067107,62.84878454785731,True
158.0142985503711,1.1902842510731544,90.39381592338104,5.0,5.0,0.0,1.0,1.0,14.0,-0.5876738180757204,0.0,0.0,0.0,1.0,3.0,0.0,0.0,0.0,0.0,1.0,0.0,0.0,0.4794822216401491,7.730097472768349,43.40924978745964,3.321344777797466,-0.0509637346400339,1.1830427800964438,OC(=O)c1cc(O)c(O)c(O)c1,bioinspired,没食子酸(仿贻贝粘附)_变体613,62.95755548547284,61.01058365903245,81.38495833118971,64.74102033555809,True
294.2448743494618,2.8384693654290643,81.63394774474071,2.0,5.0,4.0,1.0,1.0,25.0,-0.3148338329367815,0.0,1.0,0.0,0.0,4.0,0.0,0.0,0.0,0.0,0.0,0.0,1.0,0.1648064322219706,2.65129605389059,37.45250319093039,2.5234631840486803,0.9002975866638576,-0.0831750063930962,COc1ccc(CCN=Cc2ccc(O)c(OC)c2)cc1O,bioinspired,辣椒素(天然防污)_变体614,74.22123546010964,55.76161885532622,80.32716568170744,68.6551890203711,False
96.95334848602384,-0.027479570129323,35.021337066424486,0.0,1.0,0.0,0.0,0.0,5.0,1.3307761718293016,0.0,0.0,0.0,0.0,0.0,0.0,0.0,0.0,0.0,0.0,0.0,1.0,0.6205671600074009,4.20024897805448,44.48140717451373,1.6683693173508098,-0.2582868957920315,0.6415613810481213,O=C1CCCN1,bioinspired,PVP单体(聚乙烯吡咯烷酮)_变体615,61.06840997305587,56.95411131257755,80.73996257640088,65.61893590017857,True
113.5584321610509,-0.3818958178908603,20.304608278117232,1.0,0.0,1.0,1.0,0.0,7.0,0.5455427286736196,0.0,0.0,0.0,1.0,2.0,0.0,0.0,0.0,0.0,0.0,0.0,0.0,-0.0848806955581464,6.032591478923042,55.31727679933098,1.401185272529102,-0.3277589767616268,-0.6521847719110896,O=C1CCCN1,bioinspired,PVP单体(聚乙烯吡咯烷酮)_变体616,56.57606709116104,58.92193836430343,69.44407612405323,58.3131615265344,True
274.67993627984714,0.3498787057728104,138.03435509469378,3.0,6.0,0.0,2.0,2.0,22.0,-0.6041554473804708,0.0,0.0,0.0,2.0,6.0,1.0,0.0,0.0,1.0,0.0,0.0,0.0,-0.7961863894308028,12.416852669380308,44.48885782350416,1.704219546347765,0.9124097089694804,1.038110732654425,OC(=O)c1cc(O)c(O)c(O)c1.O=C1CCCN1,bioinspired,丹宁酸-PVP复合_变体617,72.26676831612204,75.03068304167701,86.04751528961768,73.1233886218588,False
196.0347736710552,1.5222135978814335,91.61707089858244,3.0,4.0,1.0,1.0,2.0,11.0,-0.1523394812968652,0.0,0.0,0.0,0.0,6.0,1.0,0.0,0.0,0.0,0.0,0.0,0.0,0.6845306499212326,8.954180502130372,52.924296164810585,3.3342877999137963,-0.1786702639934464,-0.1863106290592519,OC(=O)c1cc(O)c(O)c(O)c1,bioinspired,没食子酸(仿贻贝粘附)_变体618,59.45721467009194,56.51634166130116,78.22989427502193,57.293081281966295,True
299.5020736618245,2.623430725565518,56.51257970657234,2.0,7.0,4.0,2.0,2.0,20.0,0.3232983677320623,0.0,0.0,0.0,1.0,4.0,0.0,0.0,0.0,0.0,0.0,0.0,0.0,-0.0244755740800246,4.3975481555556994,35.87286433595687,3.75668781186752,0.3383242012788012,-0.0173595437108717,COc1ccc(CCN=Cc2ccc(O)c(OC)c2)cc1O,bioinspired,辣椒素(天然防污)_变体619,77.98517842011377,63.21635398696132,78.39434256770923,66.12467299821364,True
174.56723815860073,-0.4580095026927439,134.12827635345192,5.0,5.0,1.0,4.0,0.0,21.0,0.2737619972113558,0.0,1.0,1.0,1.0,7.0,0.0,0.0,0.0,0.0,0.0,0.0,0.0,-0.0476005577705312,7.095089252025035,38.15308263557122,-0.3097587706250193,0.0212432708770523,0.4099073835681307,OC(=O)c1cc(O)c(O)c(O)c1.O=C1CCCN1,bioinspired,丹宁酸-PVP复合_变体620,75.01505113561346,76.67923000036569,81.82361858595483,75.64543076859609,False
285.8840379986744,0.1443539851536989,130.0687193917217,5.0,5.0,0.0,1.0,1.0,18.0,-0.205207677697466,0.0,0.0,0.0,1.0,7.0,1.0,0.0,1.0,0.0,0.0,0.0,0.0,-0.1654608751239834,12.284931759275482,48.2547658625586,3.055294887129224,-0.1797316536782095,0.9157979599482426,OC(=O)c1cc(O)c(O)c(O)c1.O=C1CCCN1,bioinspired,丹宁酸-PVP复合_变体621,70.61948808823207,63.72913101069673,81.13310110643796,67.42638669288166,False
198.7777424907508,1.03140455919133,95.12980857023884,5.0,6.0,0.0,2.0,0.0,22.0,-0.5927713411397397,0.0,0.0,0.0,1.0,7.0,0.0,0.0,1.0,0.0,0.0,0.0,1.0,0.6321771827515664,9.19331953661364,38.59162544049916,2.253893566470932,0.1754369803915467,0.8185469994817622,OC(=O)c1cc(O)c(O)c(O)c1.O=C1CCCN1,bioinspired,丹宁酸-PVP复合_变体622,71.79060837444854,68.81253613448979,85.5870982108948,74.69768420085165,False
276.3606356305194,0.7762839256402062,181.1537038035036,5.0,7.0,0.0,3.0,2.0,18.0,-0.7652373910093151,0.0,0.0,0.0,1.0,9.0,0.0,0.0,0.0,0.0,0.0,0.0,0.0,-0.3015061615384858,7.148863623748348,38.33978245019875,3.093573244546572,0.6588663966996047,0.945492422672266,OC(=O)c1cc(O)c(O)c(O)c1.O=C1CCCN1,bioinspired,丹宁酸-PVP复合_变体623,74.4855251415589,76.65545055994207,81.31299186236282,70.47559362059384,True
266.34010242845886,3.1944302042718187,74.67892751116604,3.0,5.0,4.0,3.0,4.0,25.0,-0.1863364991455708,0.0,0.0,1.0,1.0,3.0,0.0,0.0,1.0,0.0,1.0,0.0,1.0,0.7913095218670256,5.764189868118555,36.65169108571671,2.7396933063423234,0.2582078277491955,-0.6576979934059115,COc1ccc(CCN=Cc2ccc(O)c(OC)c2)cc1O,bioinspired,辣椒素(天然防污)_变体624,78.83159557849686,61.076678617856885,90.26069847846604,60.30192271368976,False
284.912202104073,0.2888558330849667,124.16809500242,6.0,5.0,1.0,2.0,1.0,19.0,0.9885284601588068,0.0,0.0,0.0,2.0,7.0,0.0,0.0,0.0,1.0,1.0,0.0,1.0,-0.0370810064430428,8.158000302835038,34.45019448507229,3.359095986685144,-0.1179592111984438,0.1802050218235515,OC(=O)c1cc(O)c(O)c(O)c1.O=C1CCCN1,bioinspired,丹宁酸-PVP复合_变体625,77.94731706208097,72.107512537726,90.68828106753114,69.7405896932181,False
236.9605063575601,0.3602234070606713,129.59868319952392,6.0,5.0,1.0,2.0,1.0,16.0,-0.64844924511239,0.0,0.0,0.0,2.0,7.0,0.0,1.0,0.0,0.0,0.0,0.0,0.0,-0.5359879626649457,9.624532802507336,46.58709062299454,3.0316085967903685,-0.3286536860069297,-0.3671622075593577,OC(=O)c1cc(O)c(O)c(O)c1.O=C1CCCN1,bioinspired,丹宁酸-PVP复合_变体626,72.39890201496216,66.22644416054483,72.41306966703505,71.17107698647666,True
136.1843284945201,1.586316952586427,73.29925926699343,2.0,2.0,1.0,0.0,0.0,11.0,0.3102022147530239,0.0,0.0,0.0,1.0,2.0,1.0,0.0,0.0,0.0,0.0,0.0,0.0,0.2195852122161629,8.619685614611093,29.01740138983105,1.5408423661100974,0.1916333119692287,0.2218089969841031,NCc1ccc(O)c(O)c1,bioinspired,多巴胺(仿贻贝)_变体627,77.55021170989025,69.96962897951849,82.25493022926149,71.83127138591964,True
149.04695653001826,0.3636377247870067,105.94932704158848,3.0,3.0,1.0,1.0,0.0,14.0,0.2184055112150335,0.0,1.0,0.0,0.0,5.0,0.0,0.0,0.0,1.0,0.0,0.0,0.0,-0.0150629919884309,11.943731029695932,42.399916763807326,2.249571882625194,0.965214249734743,-0.0282047953209043,OC(=O)c1cc(O)c(O)c(O)c1,bioinspired,没食子酸(仿贻贝粘附)_变体628,70.2875958110462,62.90163556336434,80.84780683203759,59.95126682436055,False
268.45244276336507,0.3715611413673148,136.92934417103558,4.0,5.0,2.0,3.0,2.0,14.0,-0.247965202816644,0.0,0.0,0.0,1.0,8.0,0.0,0.0,1.0,0.0,0.0,0.0,0.0,0.2556488691646636,7.275466580125367,48.715505534661226,2.104218294748155,0.0125997146346227,-0.1575262252687501,OC(=O)c1cc(O)c(O)c(O)c1.O=C1CCCN1,bioinspired,丹宁酸-PVP复合_变体629,71.76524547914502,68.11722764040512,80.73587715545244,76.27828962857028,True
396.31645900553065,2.285622896002244,76.21434027952697,2.0,5.0,7.0,3.0,2.0,23.0,0.2665965484152981,0.0,0.0,0.0,1.0,4.0,0.0,0.0,0.0,0.0,0.0,0.0,0.0,0.5004015216912762,4.694072741088687,42.39145554710744,2.7099555822566064,1.4145823021708828,0.1117486882069891,COc1ccc(CCN=Cc2ccc(O)c(OC)c2)cc1O,bioinspired,辣椒素(天然防污)_变体630,73.38976597589948,58.08947813642495,81.45079718365879,63.220496049310334,True
169.9404308513252,1.1810147716454489,107.61960152172703,2.0,5.0,0.0,2.0,1.0,12.0,0.3636263031960342,0.0,0.0,0.0,0.0,6.0,0.0,0.0,0.0,0.0,0.0,0.0,0.0,-0.3000035692273243,12.8639827569576,49.78568938039746,2.016293286339249,-0.0465148845257464,0.2551986222878379,OC(=O)c1cc(O)c(O)c(O)c1,bioinspired,没食子酸(仿贻贝粘附)_变体631,68.26039137944672,58.13661069650601,73.28403093352034,62.76034498057189,True
152.06078028085267,1.4633630117698422,77.9737279870717,4.0,3.0,1.0,0.0,0.0,10.0,-0.2925322538301588,0.0,0.0,0.0,0.0,1.0,0.0,0.0,0.0,0.0,0.0,0.0,0.0,0.6741547919850214,8.18043923375546,40.65854954041305,2.1435608499108736,0.172899348781333,0.444973849104219,NCc1ccc(O)c(O)c1,bioinspired,多巴胺(仿贻贝)_变体632,66.79416633584331,69.3613516058509,79.90899229597379,68.68885928705298,True
168.9428276511368,0.9944128911289578,108.716046640884,4.0,5.0,2.0,2.0,2.0,9.0,-0.9455704809877978,0.0,0.0,0.0,0.0,4.0,0.0,0.0,0.0,0.0,0.0,0.0,0.0,-0.5261334878969991,12.532988699747683,34.69697286445296,1.0451965130207714,0.2414052743160163,0.2614135081870309,OC(=O)c1cc(O)c(O)c(O)c1,bioinspired,没食子酸(仿贻贝粘附)_变体633,70.56510847418994,62.62401054852489,66.35118334328388,68.11251887629382,True
106.58892825215752,-0.6534983412081994,24.38949279258289,2.0,2.0,1.0,2.0,0.0,5.0,1.2001868867444514,0.0,0.0,0.0,1.0,2.0,0.0,0.0,0.0,0.0,0.0,0.0,0.0,0.1643263062039094,5.287002681098865,50.86541735338952,1.676486549820236,-0.0646862453780675,0.8091038329259634,O=C1CCCN1,bioinspired,PVP单体(聚乙烯吡咯烷酮)_变体634,64.9009915782212,65.65042143869701,69.78257064281983,59.42742856698481,True
90.9923029513482,-0.4433566884432013,34.91690182737565,2.0,1.0,0.0,0.0,0.0,6.0,1.5171493912108245,1.0,0.0,0.0,2.0,0.0,0.0,0.0,0.0,0.0,0.0,1.0,0.0,-0.1981450724685741,7.722561646265069,46.44702037194557,1.3105633515571815,0.3832506190791798,0.2062945090992169,O=C1CCCN1,bioinspired,PVP单体(聚乙烯吡咯烷酮)_变体635,62.252266894884414,64.48271528604262,83.3323735550263,64.17772136102907,True
85.71875052057906,-0.9520260233394736,28.04200189879724,1.0,0.0,0.0,2.0,0.0,8.0,0.5194874878649428,1.0,0.0,0.0,1.0,1.0,0.0,0.0,0.0,0.0,0.0,1.0,0.0,-0.6530963986134637,5.002508373873392,39.536111693552726,1.7520977871140513,-0.0261737445079198,0.1705540416535943,O=C1CCCN1,bioinspired,PVP单体(聚乙烯吡咯烷酮)_变体636,72.91519116360011,63.74451015270876,74.99417988063762,66.79200885991877,True
128.71692373097997,0.2569375608527782,67.75206643066791,2.0,1.0,2.0,1.0,1.0,10.0,-0.0254109335028276,0.0,0.0,1.0,1.0,1.0,0.0,0.0,0.0,0.0,0.0,0.0,0.0,-0.2378300452892398,6.80654024057933,51.10949466856936,1.9937629968789436,0.2821132112681583,1.1710667204638008,NCc1ccc(O)c(O)c1,bioinspired,多巴胺(仿贻贝)_变体637,61.7433874255072,59.68213023593994,70.4640830893514,61.14341150393783,True
80.38986421937142,-0.0676038282120274,29.94446524529217,1.0,0.0,0.0,3.0,0.0,9.0,1.2992877710544943,0.0,0.0,1.0,0.0,1.0,0.0,1.0,0.0,0.0,0.0,0.0,1.0,-0.3839441001039663,5.8567532417531645,36.27525089377918,1.371655493766064,0.0491085714096072,-0.1399459732548322,O=C1CCCN1,bioinspired,PVP单体(聚乙烯吡咯烷酮)_变体638,69.45989965718543,60.86306103463278,67.1539794464965,70.88518675397462,False
141.60942180072166,0.4891049552804898,74.26061581912744,2.0,3.0,1.0,1.0,0.0,11.0,0.2516038360887719,0.0,1.0,0.0,0.0,2.0,0.0,0.0,1.0,0.0,0.0,1.0,0.0,1.0399881283975767,7.718469974610309,41.28657732925931,1.5245286721605276,-0.3621224785940554,-0.8957043966302305,NCc1ccc(O)c(O)c1,bioinspired,多巴胺(仿贻贝)_变体639,67.52614951686606,68.98415654047112,86.32699899789367,66.32029957924235,False
286.1100106223832,0.2510805072001154,111.22389899774824,6.0,6.0,1.0,3.0,1.0,17.0,0.0564624436460116,0.0,0.0,0.0,1.0,9.0,0.0,0.0,0.0,0.0,0.0,0.0,0.0,-0.4733049551057737,9.030419091424417,53.511405573523945,1.8507454492479936,0.3262350120673923,-1.0764073454856136,OC(=O)c1cc(O)c(O)c(O)c1.O=C1CCCN1,bioinspired,丹宁酸-PVP复合_变体640,63.29876070999414,65.06799026258882,80.17890168728466,65.36048928193982,True
64.01218770728363,0.2515616006092246,24.863155562982072,1.0,2.0,1.0,2.0,1.0,7.0,0.8527309804032497,0.0,0.0,1.0,1.0,1.0,1.0,0.0,0.0,1.0,0.0,0.0,0.0,0.1578697817853969,3.716888988377918,46.69881783083369,2.051511602318416,0.4501589729539839,0.6087696765082049,O=C1CCCN1,bioinspired,PVP单体(聚乙烯吡咯烷酮)_变体641,66.09838410807113,60.128933235362936,77.03412972289983,63.327473498184176,False
135.92233203414608,-0.2248271448339991,75.57047677816234,3.0,3.0,1.0,2.0,1.0,9.0,-0.6993859244699026,0.0,0.0,0.0,2.0,1.0,0.0,0.0,0.0,1.0,1.0,1.0,0.0,-0.3760405164772561,2.5982553104373656,42.06298721558066,3.772523083887144,0.5761025836362598,-0.6621797914245431,NCc1ccc(O)c(O)c1,bioinspired,多巴胺(仿贻贝)_变体642,73.63467372956802,68.78764381482293,92.41210757392162,72.20842937281901,False
251.0379800240981,0.4764587633515913,144.65257590455596,6.0,2.0,1.0,2.0,1.0,18.0,0.6617401015134781,0.0,0.0,0.0,0.0,10.0,1.0,0.0,0.0,0.0,0.0,0.0,1.0,-0.238049234721423,10.708696507715604,34.18126285192804,2.119340177108367,0.4947456068169964,0.7748437797021381,OC(=O)c1cc(O)c(O)c(O)c1.O=C1CCCN1,bioinspired,丹宁酸-PVP复合_变体643,75.14967114404212,71.00511977119304,83.46173419511996,78.73134700330573,False
86.92169866465395,0.0971387998674854,27.94407170710636,3.0,1.0,0.0,1.0,0.0,5.0,1.240225816679048,0.0,1.0,0.0,1.0,1.0,0.0,0.0,0.0,0.0,0.0,0.0,0.0,-0.4672328349176233,10.742337610149097,48.080409748258006,2.048679409023971,0.1061611056891919,1.555890886501567,O=C1CCCN1,bioinspired,PVP单体(聚乙烯吡咯烷酮)_变体644,64.59579567885659,60.417465826997855,64.15403704669251,62.37488448210648,True
68.66031347311494,0.5949228740896604,20.16834794485751,0.0,1.0,0.0,1.0,0.0,7.0,0.1816804789526208,1.0,0.0,0.0,1.0,1.0,0.0,0.0,0.0,0.0,0.0,1.0,0.0,0.3030742832093045,9.289810964811924,52.251233914213685,3.2671806149935603,0.6650106314342265,0.1055659899802899,O=C1CCCN1,bioinspired,PVP单体(聚乙烯吡咯烷酮)_变体645,58.4357600864397,60.77739770249188,82.23765090457105,60.63380325578623,False
245.06022522577055,2.411212070235337,57.8752177296915,2.0,7.0,6.0,3.0,2.0,23.0,-0.0838659534646268,0.0,0.0,1.0,1.0,5.0,1.0,1.0,0.0,0.0,0.0,0.0,0.0,0.5976207854734668,5.767684448617495,34.67653867629475,2.86716217804451,1.1403178766038915,0.246328708370723,COc1ccc(CCN=Cc2ccc(O)c(OC)c2)cc1O,bioinspired,辣椒素(天然防污)_变体646,81.6165008137256,63.78478799809577,91.13572195776192,65.46089593333309,False
345.2466096347082,0.9540375314202044,56.84469621089013,3.0,6.0,6.0,1.0,2.0,27.0,1.476069979985495,0.0,0.0,1.0,0.0,6.0,0.0,0.0,0.0,0.0,0.0,0.0,0.0,0.5563437188077537,4.23809950894424,34.25883539035406,2.9112231698417266,-0.2990745797212198,0.3576603627181223,COc1ccc(CCN=Cc2ccc(O)c(OC)c2)cc1O,bioinspired,辣椒素(天然防污)_变体647,74.56151488090605,56.38262812719564,89.44995883610895,65.53929065205699,False
90.71622418078356,-0.0804997249962565,33.18078046528,0.0,1.0,1.0,0.0,0.0,3.0,0.5503979894180984,0.0,1.0,0.0,1.0,2.0,0.0,0.0,0.0,0.0,0.0,0.0,0.0,-0.1557365586454486,9.50796318113598,45.39454349818829,4.39754825598321,0.2788964151896086,0.7183456965378596,O=C1CCCN1,bioinspired,PVP单体(聚乙烯吡咯烷酮)_变体648,69.87524541997534,58.594175720012615,75.78103188915641,61.24078102435564,False
301.99047799769073,0.0563444286202752,100.19052087993384,6.0,6.0,1.0,1.0,1.0,20.0,0.7598569616921322,0.0,0.0,0.0,2.0,7.0,0.0,1.0,1.0,1.0,1.0,0.0,0.0,0.3017471005320493,7.004594876518761,35.0192155929536,3.128243259738332,0.7371310890062386,1.7111445135612824,OC(=O)c1cc(O)c(O)c(O)c1.O=C1CCCN1,bioinspired,丹宁酸-PVP复合_变体649,76.20923240618563,66.94347776380249,92.41294069292454,77.52461501103978,False
69.07612387318635,-0.4460634135804914,25.68332405782464,1.0,1.0,0.0,2.0,0.0,5.0,-0.2439077745806197,0.0,0.0,1.0,2.0,2.0,0.0,0.0,0.0,0.0,0.0,0.0,0.0,-0.4665139854206322,6.001957695946883,33.95921241565178,2.12007018067379,-0.4818859864621396,0.099723918904279,O=C1CCCN1,bioinspired,PVP单体(聚乙烯吡咯烷酮)_变体650,74.22914344641597,63.32892599950437,65.31761201177642,67.52713010563298,True
325.3011513440415,4.140455777155914,79.80964365675786,1.0,7.0,5.0,1.0,2.0,24.0,0.71721573985122,0.0,1.0,0.0,0.0,2.0,0.0,0.0,0.0,0.0,0.0,1.0,0.0,0.2212376709599981,4.135775610725432,27.22022355115203,3.5014762587671795,1.7126893391400562,0.4902892859141508,COc1ccc(CCN=Cc2ccc(O)c(OC)c2)cc1O,bioinspired,辣椒素(天然防污)_变体651,81.63940795779824,66.79688297692756,89.70455548173062,64.82199125518966,False
185.6072632101166,0.4122322431560042,105.5369144930377,4.0,6.0,1.0,2.0,2.0,14.0,0.0811846928398307,0.0,0.0,1.0,0.0,6.0,0.0,0.0,0.0,1.0,0.0,0.0,0.0,0.5986269921197337,8.98956828302134,40.79950389169519,2.148721470285461,0.2593122728905195,0.2474085557361737,OC(=O)c1cc(O)c(O)c(O)c1,bioinspired,没食子酸(仿贻贝粘附)_变体652,70.35553555694857,65.85926399388501,78.84422248260856,67.5130470961586,True
246.1876966616236,0.99463652611,109.17725042269198,6.0,6.0,1.0,2.0,1.0,16.0,0.4408584370802442,0.0,0.0,0.0,0.0,6.0,0.0,1.0,0.0,1.0,0.0,0.0,0.0,-0.0654030543827618,8.515164051200548,44.03841362363675,2.30121953697534,-0.291915454596603,-0.9401567362597436,OC(=O)c1cc(O)c(O)c(O)c1.O=C1CCCN1,bioinspired,丹宁酸-PVP复合_变体653,69.71011522613713,61.30579974554787,80.8660135327468,76.54566345008642,False
254.0754145747476,-0.2380179208640989,144.13553879766278,6.0,5.0,0.0,1.0,1.0,16.0,0.1478705355870341,0.0,0.0,1.0,1.0,7.0,0.0,0.0,0.0,1.0,0.0,0.0,0.0,-0.1959781416559015,9.090793187438493,52.81703620411688,2.479293484043019,0.9680972810131824,1.1734229143908146,OC(=O)c1cc(O)c(O)c(O)c1.O=C1CCCN1,bioinspired,丹宁酸-PVP复合_变体654,70.85330917786584,67.28412555499557,89.8278367215172,67.11805183660968,False
163.8637533130218,0.1374508025757663,65.13904805634282,2.0,5.0,2.0,1.0,1.0,11.0,0.864676842651767,0.0,0.0,1.0,2.0,0.0,0.0,0.0,0.0,0.0,0.0,1.0,0.0,0.0605046215994058,8.161484143531435,41.937654340867,3.2347295126646576,-0.1804520903534288,0.4017050802100952,NCc1ccc(O)c(O)c1,bioinspired,多巴胺(仿贻贝)_变体655,70.21343663337964,62.08436438827819,85.71297845224628,67.58167347803567,False
193.18219642762963,-0.1525237834618696,89.93194235593384,4.0,3.0,2.0,2.0,2.0,14.0,0.4884927991861653,0.0,0.0,0.0,0.0,5.0,0.0,0.0,1.0,0.0,0.0,1.0,0.0,-0.5147000198285376,10.159552203170874,37.073900483999935,3.316141499931929,0.2388648908436648,-0.19849015449887,OC(=O)c1cc(O)c(O)c(O)c1,bioinspired,没食子酸(仿贻贝粘附)_变体656,68.92089425141592,63.75214521754444,64.3601489561037,65.71600068732761,False
138.5938542921875,0.3002306578124132,88.53544289660633,5.0,4.0,1.0,0.0,2.0,10.0,-0.5158934320952517,0.0,1.0,0.0,0.0,4.0,0.0,1.0,1.0,0.0,0.0,0.0,0.0,0.4455880799474684,12.076699977817588,38.70058082056265,3.066233346259962,0.76631293773025,0.4361175125268894,OC(=O)c1cc(O)c(O)c(O)c1,bioinspired,没食子酸(仿贻贝粘附)_变体657,70.09530980637862,67.47075241337593,82.11701188934666,62.088571087516485,False
226.22578297616343,2.7545604087742617,74.42655528412395,1.0,7.0,5.0,2.0,2.0,15.0,0.7752731677838116,0.0,0.0,0.0,2.0,3.0,0.0,1.0,0.0,0.0,0.0,0.0,0.0,-0.428947378671487,3.3934620154076813,35.42137629046508,3.901567956025156,0.3423382989288111,0.9612690106585078,COc1ccc(CCN=Cc2ccc(O)c(OC)c2)cc1O,bioinspired,辣椒素(天然防污)_变体658,75.32637459745602,58.53732629505008,82.82100226621202,67.51056553486417,True
257.72850716837803,3.6617238053149928,83.26486761319717,3.0,6.0,7.0,2.0,2.0,24.0,0.2129773674019943,0.0,0.0,0.0,2.0,4.0,1.0,1.0,0.0,0.0,0.0,0.0,0.0,0.4234771541677982,5.743220900358737,41.42238888983635,2.046401464259638,0.2996059473096807,-0.0879255121816547,COc1ccc(CCN=Cc2ccc(O)c(OC)c2)cc1O,bioinspired,辣椒素(天然防污)_变体659,72.63648087653934,62.60022809152108,86.00702469628574,60.95999777434084,True
340.6522204417313,1.320190693807235,69.5460435447788,2.0,4.0,4.0,0.0,1.0,22.0,0.5552165753417472,1.0,0.0,0.0,2.0,4.0,0.0,0.0,0.0,0.0,0.0,1.0,0.0,-0.4299555978706045,7.236735228975322,44.74874067188246,2.691452780747247,0.4956426014354042,0.5036028250772918,COc1ccc(CCN=Cc2ccc(O)c(OC)c2)cc1O,bioinspired,辣椒素(天然防污)_变体660,71.22067649762201,57.82397203173311,79.33855970082227,67.7900737130345,False
160.29547433133854,1.1120232501707337,105.21308604599515,5.0,2.0,1.0,2.0,2.0,8.0,-0.1757418180805849,1.0,0.0,0.0,0.0,4.0,0.0,0.0,0.0,0.0,0.0,0.0,0.0,-0.8053471474586227,11.361835110692494,41.37806970893038,2.245875516149067,-0.1265427167784835,0.4654845939458149,OC(=O)c1cc(O)c(O)c(O)c1,bioinspired,没食子酸(仿贻贝粘附)_变体661,67.3404188708757,68.62071651943539,62.39585679896259,67.62000256735891,True
187.13174344430584,0.029860328515227,102.81358608874233,5.0,4.0,1.0,2.0,1.0,14.0,-0.238925542922391,0.0,0.0,0.0,1.0,4.0,1.0,0.0,0.0,0.0,1.0,0.0,0.0,0.0730936700838048,11.72847260370472,37.73576873052803,2.620738864255703,-0.2164022409367188,0.7734118341535721,OC(=O)c1cc(O)c(O)c(O)c1,bioinspired,没食子酸(仿贻贝粘附)_变体662,72.02580871622988,62.662914472735935,78.7125457792509,67.25422104123624,False
182.81600711786265,-0.0988481860791536,81.48934220996618,4.0,5.0,1.0,1.0,1.0,8.0,0.1202122093474045,0.0,0.0,0.0,0.0,5.0,0.0,0.0,0.0,0.0,0.0,0.0,0.0,-0.2495398793529917,14.550284304343974,44.02464491684332,1.644862977976159,-0.9306220108337904,0.9799509283161932,OC(=O)c1cc(O)c(O)c(O)c1,bioinspired,没食子酸(仿贻贝粘附)_变体663,61.45142770399963,58.76153275355277,65.83966407862009,59.55321860609696,True
80.88209002695582,0.271341609470643,29.02180054382151,1.0,0.0,0.0,2.0,0.0,4.0,-0.0165577115115252,0.0,0.0,0.0,1.0,1.0,0.0,0.0,0.0,0.0,0.0,0.0,0.0,0.8669415691893041,9.854431371269516,28.62478721795373,1.4464209578230722,0.3781310661296352,-0.392517427548619,O=C1CCCN1,bioinspired,PVP单体(聚乙烯吡咯烷酮)_变体664,73.79282414453316,69.8299804707489,79.9305120439751,70.52907994522516,True
108.71414917601128,-0.2598046884263962,28.28562195828469,2.0,1.0,0.0,0.0,0.0,9.0,1.9159759907221623,1.0,0.0,0.0,1.0,1.0,0.0,0.0,1.0,0.0,0.0,0.0,1.0,0.0659701204625764,4.913770627797998,33.30482802422451,3.6136866133241368,0.1642144032495681,0.9155174580251676,O=C1CCCN1,bioinspired,PVP单体(聚乙烯吡咯烷酮)_变体665,77.36260149577541,65.30150196574546,74.06790724843307,61.608634794592575,False
264.3372320981788,0.5732141123238373,149.52109946604327,4.0,6.0,1.0,3.0,0.0,19.0,1.2009683528246526,0.0,0.0,0.0,0.0,9.0,0.0,0.0,0.0,0.0,0.0,1.0,0.0,-0.4938291647992208,8.29056146603627,39.6780246794433,1.504365836189442,0.9912019729168172,1.1301868623590694,OC(=O)c1cc(O)c(O)c(O)c1.O=C1CCCN1,bioinspired,丹宁酸-PVP复合_变体666,74.07361255685818,68.95051036197009,72.79978069873053,75.68447636207783,False
165.57898502745843,0.7379840890452962,99.5802692485268,6.0,4.0,0.0,1.0,0.0,12.0,-0.0317827923669779,1.0,0.0,0.0,0.0,5.0,0.0,0.0,0.0,0.0,1.0,0.0,0.0,0.5725693968104375,10.552447817351409,33.52611953546614,1.4565811526064163,-0.3996165041663841,-0.2688703167965512,OC(=O)c1cc(O)c(O)c(O)c1,bioinspired,没食子酸(仿贻贝粘附)_变体667,75.73177529426457,61.37301472347987,80.55902071203836,65.60706482173329,False
221.62279247583976,0.0200924241851547,139.2654576582593,4.0,6.0,2.0,3.0,1.0,12.0,-0.382159909771441,0.0,0.0,0.0,0.0,6.0,0.0,0.0,0.0,1.0,0.0,0.0,1.0,-0.590747127785609,7.466141588291265,41.58715796791245,2.538947458314696,-0.0587122908992702,1.4895216401176885,OC(=O)c1cc(O)c(O)c(O)c1.O=C1CCCN1,bioinspired,丹宁酸-PVP复合_变体668,75.32230076553347,66.95220001948836,73.62849705746287,72.83484495675644,False
157.69380446516033,0.5293220680469441,117.73940532224832,6.0,4.0,0.0,0.0,1.0,17.0,0.2695470521275511,0.0,0.0,0.0,0.0,5.0,0.0,0.0,1.0,0.0,0.0,0.0,0.0,0.0736399278837394,12.351961953836462,42.03961744536249,2.423456116561169,0.2846058182848671,0.2732169386022406,OC(=O)c1cc(O)c(O)c(O)c1,bioinspired,没食子酸(仿贻贝粘附)_变体669,65.74084669695219,64.56164955889027,70.40075568370139,62.7974765860384,True
187.01233700051324,0.4783296226615904,48.01418254943167,2.0,4.0,1.0,0.0,2.0,10.0,-0.1706354013152906,0.0,0.0,0.0,2.0,1.0,0.0,0.0,1.0,0.0,0.0,1.0,0.0,0.0900146433188583,8.794240169455662,51.35236954878544,2.696134874828505,1.5018551430461278,0.2511962770468592,NCc1ccc(O)c(O)c1,bioinspired,多巴胺(仿贻贝)_变体670,65.70451362729096,59.60310928870395,82.19051017024101,66.9857388830406,False
183.5720252630505,0.9954731476622672,100.4428410738701,4.0,3.0,1.0,0.0,0.0,10.0,-0.253672597992018,1.0,0.0,0.0,0.0,7.0,0.0,0.0,0.0,1.0,1.0,0.0,1.0,0.0888304982344946,10.197505117913732,49.718297294864094,2.7978883476753644,-0.2254180689355729,0.977715944361614,OC(=O)c1cc(O)c(O)c(O)c1,bioinspired,没食子酸(仿贻贝粘附)_变体671,61.01537345950712,57.12021051388176,84.4603224551438,60.31801438900603,False
172.8711483289011,-0.2973433037563898,61.75439083647553,4.0,4.0,0.0,1.0,1.0,11.0,0.1358374248192551,0.0,0.0,1.0,0.0,4.0,0.0,0.0,0.0,0.0,0.0,0.0,0.0,-0.4835965664683673,10.913345053576109,39.18862110544819,2.015700924116794,-0.2428653822655496,0.5855774384014688,OC(=O)c1cc(O)c(O)c(O)c1,bioinspired,没食子酸(仿贻贝粘附)_变体672,66.42263139050645,59.4521852438389,65.69149408663931,64.662465073306,True
269.51863349326607,3.5817933768966177,66.81032380517728,2.0,4.0,6.0,3.0,2.0,17.0,-0.2781868702130355,0.0,0.0,0.0,0.0,4.0,1.0,0.0,0.0,0.0,0.0,0.0,0.0,0.6016809917790953,3.0937566540187578,45.785991792450645,3.0714790190924486,0.5685715048098046,1.0895970881315409,COc1ccc(CCN=Cc2ccc(O)c(OC)c2)cc1O,bioinspired,辣椒素(天然防污)_变体673,73.1573601854416,59.12812859307444,86.83869270412882,62.68206130367626,True
187.04316101361604,0.9192179148669748,110.91346363895296,5.0,4.0,2.0,1.0,0.0,9.0,0.1542873797094868,1.0,0.0,0.0,0.0,5.0,1.0,0.0,0.0,0.0,0.0,1.0,0.0,-0.0153737754904529,8.37488366362447,49.95948766279231,1.5740608938151217,0.2844386619114259,0.8672044529029478,OC(=O)c1cc(O)c(O)c(O)c1,bioinspired,没食子酸(仿贻贝粘附)_变体674,66.8882636545037,58.69609319600031,80.41143109659805,60.594312865378754,False
102.24615832475048,1.4898091769751372,70.6822294622077,3.0,4.0,1.0,1.0,1.0,11.0,-0.1139158644732297,0.0,0.0,0.0,1.0,1.0,1.0,0.0,0.0,0.0,0.0,1.0,0.0,0.6676726783685213,7.268624617329457,45.6435208122447,0.8695142655773231,-0.111362788727738,-0.3937813660660431,NCc1ccc(O)c(O)c1,bioinspired,多巴胺(仿贻贝)_变体675,66.55388804376247,65.15802689362056,84.25840643306863,70.39847003724293,False
178.01759860772225,0.2245964811080097,110.43966606714318,3.0,3.0,2.0,0.0,1.0,12.0,0.1765039063164669,0.0,0.0,1.0,1.0,5.0,0.0,0.0,0.0,0.0,0.0,0.0,0.0,0.4585836678691825,10.465074419460048,37.53158546735581,3.009435189783599,-0.4357934342117856,-0.3454018743355172,OC(=O)c1cc(O)c(O)c(O)c1,bioinspired,没食子酸(仿贻贝粘附)_变体676,67.468825928765,67.62670686020246,80.92164534537771,60.28719084600442,True
70.1225088425529,-0.3474453112714714,30.089065187151306,1.0,2.0,0.0,1.0,0.0,8.0,0.6056783880628394,0.0,0.0,0.0,1.0,1.0,1.0,0.0,0.0,0.0,0.0,1.0,0.0,1.2495464746539433,8.48473914194877,34.73489892017152,1.6539870867039412,-0.8759856478213063,0.392008381181391,O=C1CCCN1,bioinspired,PVP单体(聚乙烯吡咯烷酮)_变体677,74.28715633698141,66.19930737282438,92.7066943408096,68.36499216751925,False
93.5199352339823,-0.7555762547545886,33.59670457567897,0.0,1.0,0.0,1.0,0.0,6.0,0.0152321671200834,0.0,0.0,0.0,2.0,1.0,0.0,1.0,0.0,0.0,0.0,0.0,0.0,-0.2242452154332156,9.22513191613522,43.7835171056072,2.214267177829565,-0.914209350015966,1.0318807145573856,O=C1CCCN1,bioinspired,PVP单体(聚乙烯吡咯烷酮)_变体678,67.27928053668307,62.128340148080646,74.28724028562343,68.10743503902266,True
273.8788699725145,0.8326922605148088,141.13638056598484,3.0,5.0,1.0,2.0,1.0,11.0,0.3420100940772081,0.0,0.0,0.0,0.0,5.0,0.0,0.0,0.0,0.0,0.0,0.0,0.0,-0.8791080016022711,8.823803636946197,42.43082905314392,4.018674628196157,-0.2101785121359575,0.8293466550165737,OC(=O)c1cc(O)c(O)c(O)c1.O=C1CCCN1,bioinspired,丹宁酸-PVP复合_变体679,73.27920168037728,65.62089813957756,68.67715519698172,75.36954436894,True
83.03377945976268,-0.0122556796535118,27.574574187276976,1.0,2.0,0.0,1.0,0.0,7.0,0.5714200392370742,0.0,0.0,0.0,1.0,2.0,0.0,0.0,0.0,0.0,1.0,0.0,0.0,-0.15182788861489,8.999846166162989,36.54472277440947,1.0034844078755454,0.123217756331405,0.7045883901480672,O=C1CCCN1,bioinspired,PVP单体(聚乙烯吡咯烷酮)_变体680,73.27241542775809,65.83418321602535,75.77585599804694,69.57954456580927,True
124.1559112484714,0.3678876493199635,62.741448986468974,2.0,3.0,1.0,1.0,0.0,10.0,-0.4287827003364025,0.0,0.0,0.0,0.0,2.0,0.0,1.0,1.0,0.0,0.0,0.0,0.0,-1.0010713624162164,6.815841537005305,40.074524431955815,2.4609241312709758,-0.1712019719215946,0.9943009675638464,NCc1ccc(O)c(O)c1,bioinspired,多巴胺(仿贻贝)_变体681,65.97731880857044,62.55540382234338,66.93583020041709,65.99270051350183,False
162.72414791818554,0.331484349080279,97.6079006281992,4.0,4.0,1.0,1.0,0.0,11.0,-1.000496582582714,0.0,0.0,0.0,0.0,5.0,0.0,1.0,0.0,0.0,0.0,0.0,0.0,0.2634731095171599,8.16367914784162,43.31851304676529,1.7078915916231918,-0.3719189690114035,0.4364940927032958,OC(=O)c1cc(O)c(O)c(O)c1,bioinspired,没食子酸(仿贻贝粘附)_变体682,62.67019938357196,66.72833575512844,70.16362463071655,58.9285766260352,True
58.42731318609008,0.4065475341630181,28.355146297120044,0.0,1.0,0.0,2.0,0.0,6.0,1.147033994404762,1.0,1.0,0.0,2.0,2.0,0.0,0.0,1.0,0.0,0.0,0.0,0.0,0.6397813404802158,7.05845454231523,31.970957182382044,2.923588831587661,0.6679937152657738,1.1937890299078564,O=C1CCCN1,bioinspired,PVP单体(聚乙烯吡咯烷酮)_变体683,75.19619871286261,69.96252776539261,75.52813600639645,70.11979976145244,False
147.3859168432156,0.2846995355242007,77.21457519828982,4.0,4.0,0.0,2.0,1.0,10.0,-0.8147696499826086,0.0,0.0,0.0,0.0,4.0,1.0,0.0,0.0,0.0,0.0,0.0,0.0,-0.2250617366469458,11.614131383766548,36.7423862003429,1.8617705101818005,1.0313444556475662,1.1090547177878682,OC(=O)c1cc(O)c(O)c(O)c1,bioinspired,没食子酸(仿贻贝粘附)_变体684,58.24212335992662,66.77333146725577,67.45477452849951,62.35273795120009,True
137.08090971715336,0.4822207523264222,108.19596526396852,4.0,3.0,1.0,1.0,0.0,12.0,0.1962700043999478,1.0,0.0,0.0,0.0,5.0,0.0,1.0,0.0,0.0,1.0,1.0,0.0,-0.8017246379469315,10.72546275556833,40.164102722036695,2.7540777961181826,-0.2963642920123661,0.8779006859968783,OC(=O)c1cc(O)c(O)c(O)c1,bioinspired,没食子酸(仿贻贝粘附)_变体685,67.49085544835899,64.56022669304934,68.99095298043572,64.24600076809429,False
280.1648078446984,2.064842794212957,85.0020862805543,2.0,3.0,4.0,4.0,2.0,19.0,0.8543384728636549,0.0,1.0,0.0,1.0,3.0,0.0,0.0,0.0,0.0,0.0,1.0,0.0,0.2319995645249258,6.904283029156617,41.58034709142936,2.81301707009579,0.919971063566756,0.0189198666016475,COc1ccc(CCN=Cc2ccc(O)c(OC)c2)cc1O,bioinspired,辣椒素(天然防污)_变体686,71.66009477779748,60.84542790228865,86.26051670529047,69.30057690248769,False
241.7179818235207,3.117366389108555,83.19339388150999,2.0,3.0,7.0,1.0,1.0,21.0,0.3700732785674731,0.0,0.0,1.0,1.0,5.0,0.0,0.0,0.0,1.0,0.0,0.0,0.0,-0.2342599646300259,4.5804178872185695,35.5927029627972,3.9716727235745006,0.2353378851075067,-0.4820400743121756,COc1ccc(CCN=Cc2ccc(O)c(OC)c2)cc1O,bioinspired,辣椒素(天然防污)_变体687,70.1684089043369,67.38333361104452,83.76406287596333,68.1259246140571,False
135.5362679899866,0.2134487894878911,71.08213430728875,4.0,5.0,1.0,1.0,2.0,10.0,-0.1883505484054894,0.0,0.0,0.0,2.0,2.0,0.0,1.0,0.0,0.0,0.0,0.0,0.0,-0.2695038679348971,7.447240197288843,34.98603890089435,2.815901507371473,0.8185513886669878,0.1009095538572172,NCc1ccc(O)c(O)c1,bioinspired,多巴胺(仿贻贝)_变体688,66.14060339891287,67.50713625659208,68.90429439677693,70.36144919705417,True
166.68097472846415,0.2378016317529109,118.60829989910305,5.0,5.0,1.0,3.0,1.0,20.0,0.5228143276766366,0.0,0.0,0.0,0.0,7.0,0.0,1.0,0.0,0.0,0.0,0.0,1.0,0.8910881078341216,7.0327030656341485,41.3179577863238,1.686781408525995,0.6933613372201866,1.1789337675489806,OC(=O)c1cc(O)c(O)c(O)c1.O=C1CCCN1,bioinspired,丹宁酸-PVP复合_变体689,69.89126494912902,69.28320328211376,86.38342265908253,75.63793250886152,False
276.23288297716607,0.1356306837663982,162.21204827194222,4.0,6.0,0.0,1.0,1.0,21.0,0.1215196813479465,0.0,1.0,0.0,2.0,5.0,0.0,0.0,0.0,0.0,0.0,0.0,0.0,0.0973661264008055,7.519098635933054,34.94763569796108,0.397336413460108,0.4855458445015647,0.4067511313303437,OC(=O)c1cc(O)c(O)c(O)c1.O=C1CCCN1,bioinspired,丹宁酸-PVP复合_变体690,78.64795244748464,75.68652347226174,80.00841544595369,74.80707787733671,False
149.7030355916721,1.2983718277907657,109.44817326371444,4.0,5.0,1.0,1.0,1.0,14.0,0.5011694618610092,1.0,0.0,1.0,1.0,6.0,0.0,1.0,0.0,0.0,1.0,0.0,0.0,-0.2760537704442267,10.897307108639028,32.320345740883155,1.7595982241027202,-0.1143011702759485,0.3310051079294082,OC(=O)c1cc(O)c(O)c(O)c1,bioinspired,没食子酸(仿贻贝粘附)_变体691,68.55561787569349,66.11538839055184,74.14734671350378,64.46430737945856,False
96.92552588105664,0.0430467231137095,29.188303477372195,2.0,0.0,0.0,0.0,0.0,7.0,0.2942301963724864,2.0,0.0,0.0,0.0,0.0,0.0,1.0,1.0,0.0,0.0,0.0,1.0,-0.2520774417768063,6.236419168209774,38.8957223577681,1.8613183260698836,0.5134360904723243,-0.88064382951348,O=C1CCCN1,bioinspired,PVP单体(聚乙烯吡咯烷酮)_变体692,69.56012615310757,62.35126833562176,67.33705764916354,68.09466246266048,False
183.93347034281584,1.5690898264717303,81.67967986939087,4.0,6.0,1.0,1.0,1.0,14.0,0.5248849748893769,0.0,0.0,0.0,0.0,5.0,0.0,0.0,0.0,1.0,0.0,0.0,0.0,-0.8210393803627093,9.729701131939189,44.69423631692799,2.407764780040321,-0.0667738038802663,0.5412215579832054,OC(=O)c1cc(O)c(O)c(O)c1,bioinspired,没食子酸(仿贻贝粘附)_变体693,63.351306199352834,60.26870327702139,58.83438422159948,64.3931605788333,True
410.12395298523154,2.880977966350899,70.8921679848099,2.0,5.0,5.0,1.0,2.0,23.0,-0.2991491179019713,0.0,0.0,0.0,1.0,0.0,0.0,1.0,0.0,0.0,0.0,0.0,1.0,-0.2859308077966023,4.533556292321298,42.76959069577923,0.9385516842694628,0.1540160457979744,-0.0498975327754936,COc1ccc(CCN=Cc2ccc(O)c(OC)c2)cc1O,bioinspired,辣椒素(天然防污)_变体694,70.20274070474679,56.42701241302208,80.64104220896937,67.96818145138612,False
153.21174673884374,0.9140210944473082,77.02544335386315,2.0,4.0,1.0,1.0,0.0,8.0,-0.2257735508108495,0.0,0.0,0.0,1.0,5.0,0.0,0.0,0.0,0.0,0.0,0.0,1.0,-0.5526098236962783,11.291831345818878,44.73785342803052,0.9926504224940458,-0.0415910354901818,-0.3762519470706456,OC(=O)c1cc(O)c(O)c(O)c1,bioinspired,没食子酸(仿贻贝粘附)_变体695,65.35386958032669,60.29240932139592,64.16477225212986,59.61812709048859,True
274.1131662033705,0.7752066752790683,144.02031687268882,3.0,4.0,0.0,3.0,1.0,19.0,-0.5254807774301311,1.0,0.0,0.0,1.0,6.0,0.0,0.0,1.0,0.0,0.0,0.0,0.0,0.4489026407226627,8.44132580438827,39.449077641034144,2.500432814872537,0.7647063896413717,-0.3753323934855609,OC(=O)c1cc(O)c(O)c(O)c1.O=C1CCCN1,bioinspired,丹宁酸-PVP复合_变体696,76.29152507245817,68.82818135320036,83.19129608023269,79.67000394307901,False
192.29228300421843,0.8458240845456858,174.29127757452176,6.0,6.0,1.0,2.0,1.0,18.0,-0.0777094657504439,0.0,0.0,0.0,2.0,7.0,0.0,1.0,0.0,0.0,0.0,0.0,0.0,0.8569726802652758,11.268617520795072,39.68696965340398,0.9340888557934006,-0.023126536673623,0.971755186067887,OC(=O)c1cc(O)c(O)c(O)c1.O=C1CCCN1,bioinspired,丹宁酸-PVP复合_变体697,73.46412753114993,66.84343305997706,89.24649681377645,72.59024404416124,False
244.7143635384764,-0.3636486180008348,141.42004936154848,7.0,7.0,0.0,1.0,1.0,14.0,0.5820019240621317,0.0,1.0,0.0,0.0,6.0,0.0,0.0,0.0,0.0,0.0,0.0,0.0,-0.1755142520906447,11.663831880798108,31.11799075630759,2.2258262024717794,0.1746386348203926,0.327793786602082,OC(=O)c1cc(O)c(O)c(O)c1.O=C1CCCN1,bioinspired,丹宁酸-PVP复合_变体698,76.00906265641738,79.97804286132856,82.15921193266078,82.79920900293848,False
286.51584352366564,0.8155471671736663,83.69354920273304,5.0,5.0,0.0,2.0,2.0,9.0,-0.016372233750749,0.0,0.0,0.0,1.0,7.0,1.0,1.0,0.0,0.0,0.0,1.0,0.0,0.8031735197651555,9.177737526410736,38.94789610188566,2.580660111253944,0.1103443426660962,0.7591163841372477,OC(=O)c1cc(O)c(O)c(O)c1.O=C1CCCN1,bioinspired,丹宁酸-PVP复合_变体699,77.93535528306765,73.56509255296139,95.07410588086913,74.5530981494602,False
331.49361310517,2.936803829236565,85.45471292815328,3.0,6.0,7.0,3.0,1.0,18.0,0.3641798591208365,0.0,0.0,0.0,0.0,5.0,0.0,0.0,0.0,0.0,0.0,0.0,0.0,-0.1170853613899991,4.530901257459857,38.645316364486746,2.467524148519446,0.4059135859411897,0.8535943255479772,COc1ccc(CCN=Cc2ccc(O)c(OC)c2)cc1O,bioinspired,辣椒素(天然防污)_变体700,72.04617126057812,59.80145172823234,79.53682335303951,68.93656059228847,True
128.5173093649441,0.6436083663408161,72.15957121034221,3.0,3.0,0.0,2.0,1.0,11.0,0.4069021471089644,1.0,0.0,0.0,1.0,2.0,0.0,0.0,0.0,1.0,0.0,0.0,0.0,0.2486130724322358,4.291070105993272,37.84295531835324,3.373726846283609,1.1652529377200185,0.1013393024111675,NCc1ccc(O)c(O)c1,bioinspired,多巴胺(仿贻贝)_变体701,70.83074663165809,70.06206441135015,84.24904316409877,70.23602612214798,False
112.65480084157568,-0.5112020214208582,34.415362238255554,0.0,0.0,0.0,0.0,0.0,8.0,0.542047760932766,1.0,1.0,0.0,1.0,1.0,0.0,1.0,0.0,1.0,0.0,0.0,0.0,-0.1991413374762269,9.08050845361376,56.24394866593205,2.902496386604948,0.5859303394645334,0.3009650416335479,O=C1CCCN1,bioinspired,PVP单体(聚乙烯吡咯烷酮)_变体702,62.92101012839631,61.03609817608165,71.57361347699954,60.75150388486852,False
260.95374994615185,2.400768678176905,77.32374832606469,2.0,4.0,5.0,3.0,2.0,22.0,0.5992350611661961,0.0,0.0,1.0,1.0,4.0,0.0,1.0,0.0,1.0,0.0,0.0,1.0,-0.105343068851858,4.841969701111427,31.1536357863939,3.1118407135441792,0.0599979355395974,-0.1879051773650606,COc1ccc(CCN=Cc2ccc(O)c(OC)c2)cc1O,bioinspired,辣椒素(天然防污)_变体703,75.22574274195067,61.44858430752559,89.27742819920273,69.60451688588884,False
83.65974771290654,-1.14128797669117,31.685354331287904,1.0,2.0,1.0,0.0,1.0,4.0,0.4202519946042665,1.0,0.0,0.0,0.0,0.0,0.0,0.0,1.0,0.0,0.0,0.0,0.0,-0.7627634305917137,5.616438667143228,41.11890445835923,1.5878258603649031,-0.0659794214077927,0.551577781353414,O=C1CCCN1,bioinspired,PVP单体(聚乙烯吡咯烷酮)_变体704,67.66300667851347,60.058714071350586,68.20147425961365,59.10032000379142,False
85.37136071390916,-0.11837313949012,34.79658800447555,0.0,1.0,0.0,2.0,0.0,5.0,-0.0598912806370955,0.0,0.0,0.0,1.0,2.0,0.0,0.0,0.0,0.0,1.0,1.0,0.0,-0.4486465907121099,7.027071593832146,39.46902676167034,2.412607212341258,0.6700889950719298,-0.2367486135838911,O=C1CCCN1,bioinspired,PVP单体(聚乙烯吡咯烷酮)_变体705,71.79821531519306,66.06544613376576,75.48237612965248,62.39915628446786,False
184.1044432591532,0.2737444401225357,157.96964542968735,5.0,3.0,1.0,3.0,1.0,13.0,0.0201833589557452,0.0,0.0,0.0,2.0,7.0,0.0,0.0,1.0,0.0,0.0,0.0,0.0,-0.3179272708849321,13.945648328726453,53.90651985339831,3.1559056204653952,0.0570819111648283,0.1369428074660278,OC(=O)c1cc(O)c(O)c(O)c1.O=C1CCCN1,bioinspired,丹宁酸-PVP复合_变体706,72.6866369765045,64.50433219211604,79.98333188859176,67.66688342310579,False
195.44613884380027,0.9439722132891342,129.65580595165216,4.0,6.0,1.0,3.0,0.0,16.0,0.7831291194661697,1.0,0.0,0.0,1.0,6.0,0.0,0.0,0.0,0.0,0.0,1.0,1.0,-0.4565298690301537,7.841176143713958,46.069838103058345,1.4447438027042006,0.022270339555889,1.0044664395768303,OC(=O)c1cc(O)c(O)c(O)c1.O=C1CCCN1,bioinspired,丹宁酸-PVP复合_变体707,73.67790124190172,73.51265378384544,81.1178379000993,69.84653456224794,False
271.92870526928755,0.8148614890774258,113.82427340167573,4.0,4.0,1.0,0.0,1.0,19.0,-0.6991114488461703,0.0,0.0,0.0,1.0,6.0,0.0,0.0,0.0,0.0,1.0,0.0,0.0,0.28130881634675,5.613102045515613,37.10136444572947,1.687246679363493,0.5900991854877448,0.4727009530815326,OC(=O)c1cc(O)c(O)c(O)c1.O=C1CCCN1,bioinspired,丹宁酸-PVP复合_变体708,79.75366339044417,74.7838890096868,79.96866841937765,69.3098860468928,False
196.1808105287232,-0.0975278002011627,80.79861968647059,3.0,5.0,1.0,0.0,2.0,14.0,0.833533074178736,1.0,1.0,0.0,0.0,7.0,1.0,0.0,0.0,0.0,0.0,0.0,0.0,-0.4401328197385162,10.226011672052543,44.71608323450177,2.610747741324356,0.5466852276619328,-0.3562603629473509,OC(=O)c1cc(O)c(O)c(O)c1,bioinspired,没食子酸(仿贻贝粘附)_变体709,63.79232816487008,58.70296536397453,61.66926388721715,59.83663371436918,False
146.27595080744086,1.5175557731280236,55.4592657900208,5.0,4.0,2.0,2.0,2.0,7.0,-0.4479249078587948,0.0,0.0,0.0,1.0,1.0,0.0,0.0,0.0,0.0,0.0,0.0,0.0,1.0541877369160166,10.115226587942397,48.076118422040885,2.735681648303862,-0.3749560665818663,0.7835796830470251,NCc1ccc(O)c(O)c1,bioinspired,多巴胺(仿贻贝)_变体710,69.80786951810634,61.73612722069139,81.27107472463264,68.35792410237748,True
332.3168131709988,3.019475678022512,73.98088929132678,1.0,6.0,6.0,2.0,2.0,19.0,0.4051207699787491,0.0,0.0,0.0,0.0,6.0,0.0,0.0,1.0,1.0,0.0,0.0,0.0,0.4674008313478272,7.858638345157416,31.83462385793717,3.956100294847335,-0.0774871419504357,0.4067929140732033,COc1ccc(CCN=Cc2ccc(O)c(OC)c2)cc1O,bioinspired,辣椒素(天然防污)_变体711,72.76832697274796,61.90035921607914,91.2295574571874,67.00413792367303,False
258.5932214666797,-0.53935401101968,105.52817705252764,6.0,4.0,2.0,4.0,2.0,20.0,0.8315097559396958,0.0,0.0,0.0,1.0,4.0,0.0,0.0,0.0,0.0,0.0,0.0,0.0,0.5953194520785224,9.513271094953025,49.68153317406877,3.3247010522812737,1.0563750766459434,-0.1169419254621303,OC(=O)c1cc(O)c(O)c(O)c1.O=C1CCCN1,bioinspired,丹宁酸-PVP复合_变体712,66.11345122446915,65.77791717420476,81.78383351705222,69.90629491297527,True
302.8561725123052,-0.184873077564602,149.34747743706805,5.0,4.0,1.0,2.0,1.0,18.0,1.073006883783957,0.0,0.0,1.0,0.0,7.0,0.0,0.0,0.0,0.0,0.0,0.0,1.0,0.2552113072981709,9.682722115496126,52.40141222069461,2.4310701660181198,0.6720156148835892,1.0389071430818515,OC(=O)c1cc(O)c(O)c(O)c1.O=C1CCCN1,bioinspired,丹宁酸-PVP复合_变体713,67.4824941735072,66.34425876314816,80.80534905973526,73.21812552322018,False
72.80661386818404,-0.7893199513486497,30.2137318141489,0.0,1.0,0.0,1.0,0.0,8.0,0.637891377941365,0.0,0.0,0.0,2.0,0.0,0.0,1.0,1.0,1.0,0.0,0.0,0.0,-0.0060977832969471,6.495237287477034,35.435225213385486,2.274297719755594,-0.4242336877435674,-0.2688415874684356,O=C1CCCN1,bioinspired,PVP单体(聚乙烯吡咯烷酮)_变体714,71.96310342677104,65.54043186018896,80.68784724935728,65.59469820573582,False
204.9926479095428,2.633107587440935,7.408612435972482,2.0,0.0,0.0,0.0,0.0,15.0,0.8377337076127347,8.0,0.0,0.0,0.0,2.0,1.0,0.0,1.0,0.0,1.0,1.0,0.0,-0.611108848203486,0.867039593987464,26.959452680564176,2.3805567206017786,-0.071176160195149,0.4612698844696268,[Cu]O[Cu].FC(F)(F)C(F)(F)F,nanocomposite,Cu2O/氟碳复合_变体715,84.14439130394938,81.61151931102684,98.06894492763648,80.84476343512402,False
263.3407800096678,4.635618083013643,24.17509366042093,0.0,1.0,2.0,0.0,0.0,10.0,1.4087083647597065,0.0,0.0,0.0,0.0,2.0,0.0,1.0,1.0,0.0,1.0,0.0,1.0,-0.4124033957209131,3.1172945321543084,35.74326795918642,1.5335414074656568,0.0436987851204906,0.6243169180403028,[Zn]=O.C[Si](C)(C)O[Si](C)(C)C,nanocomposite,ZnO/PDMS复合_变体716,75.09569538800929,72.5428670605182,93.7690284661801,74.93626214537312,False
264.40746956969264,2.087862884109948,7.079092153755285,1.0,0.0,2.0,0.0,0.0,12.0,0.1221886787393601,0.0,0.0,0.0,0.0,2.0,1.0,2.0,0.0,0.0,0.0,0.0,0.0,-0.0575614300114829,1.3045991756847397,29.275660908335137,1.27909154262946,0.0902286507009689,-0.6519430008478687,[Ag].C[Si](C)(C)O[Si](C)(C)C,nanocomposite,Ag/PDMS复合_变体717,80.70203304113457,78.22646931500765,87.52112681154584,79.40177860688011,False
70.28877366962054,2.002761392215973,0.1619713903591349,1.0,0.0,1.0,1.0,1.0,5.0,0.0428341691770885,0.0,0.0,0.0,0.0,0.0,0.0,1.0,1.0,0.0,0.0,0.0,1.0,0.4994839176583103,0.2753713457662737,43.36222747509401,3.724887285753529,-0.4689139917037286,-0.1960199343485613,C1=CC=CC=C1,nanocomposite,碳纳米管(苯环近似)_变体718,61.23272136394255,59.41645220117534,65.63528273914149,58.76026562954003,False
320.84896482432225,3.805880113376941,13.749415097789312,0.0,1.0,2.0,0.0,1.0,10.0,1.3589172928681543,0.0,0.0,0.0,0.0,1.0,1.0,2.0,0.0,1.0,1.0,1.0,1.0,1.0599622237536397,0.8110711037684626,25.872168371890563,1.660908429972831,-1.544003599185743,-0.0140868992408686,[Ag].C[Si](C)(C)O[Si](C)(C)C,nanocomposite,Ag/PDMS复合_变体719,79.58672320883682,79.08377190498415,99.0,77.28046226094553,False
92.95925129207308,-0.676958894551597,39.45461237968721,0.0,2.0,0.0,0.0,0.0,4.0,0.4354310444647736,0.0,0.0,0.0,0.0,2.0,0.0,0.0,0.0,0.0,0.0,0.0,1.0,-0.4875773745180694,9.896926383349465,31.307211168868747,0.8510273571424851,0.5791457588305007,0.4649846231170178,O=[Ti]=O,nanocomposite,TiO2纳米粒子_变体720,69.33985103954095,62.32692178672404,81.60948592343462,63.7241720653084,True
210.0899273961768,4.000974467066103,38.49663897650259,0.0,5.0,1.0,0.0,0.0,13.0,-0.1940338885347088,0.0,0.0,1.0,0.0,3.0,0.0,2.0,0.0,0.0,0.0,0.0,1.0,-0.6283245828969708,1.8601325005643368,29.86646016567277,0.6317882924660363,0.2272502532464088,0.2235303971528846,O=[Ti]=O.C[Si](C)(C)O[Si](C)(C)C,nanocomposite,TiO2/PDMS复合_变体721,71.82552926255461,77.86379699745848,81.19928297076198,78.84020198689907,False
251.39396314903584,2.415017113185724,7.873511363153182,0.0,2.0,1.0,0.0,0.0,11.0,1.4529154243224465,0.0,0.0,0.0,0.0,1.0,0.0,2.0,1.0,0.0,0.0,1.0,0.0,0.1036629170968207,1.0447728216397278,26.371240070795483,0.5176993932099592,0.4778988140927193,0.2074430494501087,[Ag].C[Si](C)(C)O[Si](C)(C)C,nanocomposite,Ag/PDMS复合_变体722,86.85418918084541,82.36766001045348,98.11177721282274,80.10965451944166,True
111.14740336840084,-0.397730528511363,-0.564221445556501,1.0,1.0,0.0,0.0,1.0,2.0,-0.1423772338078456,0.0,0.0,0.0,0.0,1.0,0.0,0.0,0.0,0.0,0.0,1.0,1.0,-0.4559727944275502,-1.1057567546288796,44.25720450811732,2.893139740235455,0.0821900580624453,-0.8055628828196469,[Ag],nanocomposite,Ag纳米粒子_变体723,64.96367670599292,48.77098542341805,99.0,59.68751083791954,False
216.46714744407703,2.514430977674234,21.31878171351958,0.0,2.0,3.0,0.0,0.0,10.0,1.110421626337376,1.0,1.0,0.0,0.0,2.0,0.0,2.0,0.0,0.0,1.0,0.0,0.0,-0.6366158140690995,3.390129443787345,36.496903791684886,0.9420446798603858,-0.0250403796028883,0.4323349208511591,[Zn]=O.C[Si](C)(C)O[Si](C)(C)C,nanocomposite,ZnO/PDMS复合_变体724,79.05882354103676,81.426271166476,86.33880009421945,73.90138115404979,True
234.06901778506,3.5187107217662525,43.87511852263534,0.0,2.0,2.0,1.0,0.0,14.0,1.2466886539282744,1.0,1.0,0.0,0.0,2.0,0.0,3.0,0.0,0.0,0.0,0.0,1.0,0.3142845192965942,4.155173489310821,25.706394430184027,1.7173521853422202,0.44420892118944,0.0530847807741911,O=[Ti]=O.C[Si](C)(C)O[Si](C)(C)C,nanocomposite,TiO2/PDMS复合_变体725,84.124213917602,84.90981480233721,91.629235799999,74.65226464883767,False
172.10922398979852,-0.481161500604024,14.147168318317426,0.0,1.0,0.0,0.0,0.0,1.0,-0.0354169537626275,0.0,0.0,1.0,0.0,1.0,0.0,0.0,0.0,0.0,0.0,1.0,0.0,-0.3527118570012256,2.351403084206455,38.24294695221974,2.1299199252156717,-0.2005145107519565,0.110833827060869,[Ce]=O,nanocomposite,CeO2纳米酶_变体726,71.97634316213546,66.87019010496176,87.72870481017114,68.78224827693563,True
187.6393214026324,0.6768341201464151,52.93483476589126,0.0,3.0,1.0,3.0,1.0,12.0,0.2402081532423347,0.0,0.0,0.0,0.0,3.0,1.0,1.0,1.0,0.0,1.0,0.0,0.0,-0.2852073843710092,4.229197084019781,53.389697150388535,2.975165157519619,-0.2093035029503871,0.20742609353048,C1=CC=C2C(=C1)C(=O)C(=C2O)O,nanocomposite,氧化石墨烯片_变体727,61.474171579613696,52.94853438548744,96.10081424869747,62.7387536579555,False
78.86334817067755,-0.2082746968327944,18.68353992832826,0.0,1.0,0.0,1.0,0.0,2.0,0.169753884186397,1.0,0.0,1.0,0.0,1.0,0.0,0.0,0.0,0.0,1.0,0.0,0.0,-0.0027691771066778,6.031347357222956,35.759998583756285,1.4187773852850287,0.1754470674094063,0.4898906670330151,[Zn]=O,nanocomposite,ZnO纳米粒子_变体728,68.48241324818059,55.82495524577456,93.95309658966056,61.3090179267863,True
49.52140457255848,-1.143174066876732,-0.1421636370201671,0.0,0.0,0.0,0.0,0.0,0.0,-0.6017489577961458,1.0,0.0,1.0,0.0,0.0,0.0,1.0,0.0,1.0,1.0,1.0,0.0,0.5921174750674156,-0.3062662077312012,54.61033457707509,0.9509862002843256,-0.4527211523274688,0.6563693009352197,[Cu],nanocomposite,Cu纳米粒子_变体729,58.32702679883734,52.27235671360312,99.0,59.0946904540116,False
349.221988819754,2.980686105667352,20.10011066392159,0.0,2.0,3.0,1.0,0.0,11.0,1.0153533915695223,0.0,0.0,0.0,1.0,0.0,0.0,2.0,0.0,1.0,1.0,0.0,1.0,-0.3231838351729845,2.2642453506734928,24.837062916963703,1.767182632930022,-0.0013054170843587,0.3545227244896131,[Cu]O[Cu].C[Si](C)(C)O[Si](C)(C)C,nanocomposite,Cu2O/PDMS复合_变体730,83.14136264766293,79.82446033819156,99.0,75.06492683499728,False
217.3311214524888,2.32705331389409,8.92894165092688,0.0,1.0,0.0,0.0,0.0,8.0,1.465958987929584,6.0,0.0,0.0,0.0,1.0,0.0,0.0,0.0,0.0,1.0,0.0,0.0,0.5717430794298511,0.4125960083129015,23.224502928196127,1.0696034566380914,-0.0994514556856396,-0.0587722349668458,[Cu]O[Cu].FC(F)(F)C(F)(F)F,nanocomposite,Cu2O/氟碳复合_变体731,84.63668448165329,85.3354086527316,99.0,78.23658801625182,True
240.6400572385388,2.6198610087114225,41.03884865212006,1.0,4.0,2.0,0.0,0.0,14.0,0.5677398514789624,0.0,0.0,0.0,0.0,3.0,0.0,1.0,0.0,0.0,0.0,0.0,1.0,0.0923383646168567,4.9000031883717785,33.21320250004416,1.652122524877934,-0.1640076621417463,-0.5007944097853201,O=[Ti]=O.C[Si](C)(C)O[Si](C)(C)C,nanocomposite,TiO2/PDMS复合_变体732,72.4094339200155,76.27824389934477,97.01120826054915,75.12610211501921,True
160.0805431257866,0.6222666856825037,14.69642551892101,1.0,1.0,0.0,0.0,0.0,3.0,0.5406598358520524,0.0,0.0,0.0,0.0,1.0,0.0,0.0,0.0,0.0,0.0,0.0,0.0,0.0713505144269005,3.0642167111932057,45.82757357834869,2.866634519208764,0.8528702033882472,0.5802465944326021,[Ce]=O,nanocomposite,CeO2纳米酶_变体733,60.9662666373894,66.2526951901192,87.51006558670171,67.06949428732266,True
178.1528146315344,1.1892443600171785,48.10092084839491,2.0,2.0,0.0,2.0,1.0,14.0,0.1497059690087435,1.0,0.0,1.0,0.0,3.0,1.0,0.0,0.0,0.0,0.0,0.0,0.0,0.7127029661864661,9.41672357643118,33.1005205545564,1.9146298716152588,0.875819799712734,0.5367669963140381,C1=CC=C2C(=C1)C(=O)C(=C2O)O,nanocomposite,氧化石墨烯片_变体734,73.97902403868457,59.44959566273661,91.16410101488836,66.55975360860364,False
79.80312223485029,1.5021916918951854,0.0510988343443472,0.0,0.0,1.0,2.0,0.0,7.0,-0.0095596652289316,0.0,0.0,0.0,0.0,0.0,0.0,0.0,0.0,0.0,0.0,1.0,0.0,0.9137781496207634,-0.0709245906225829,30.14241679115621,2.556977152273449,0.0368612669367942,-0.2917058014718219,C1=CC=CC=C1,nanocomposite,碳纳米管(苯环近似)_变体735,69.58376972535449,65.19871687438817,75.47882509440515,64.45895061159456,False
61.15038192416807,-0.1174038112747493,0.8843306197895965,0.0,0.0,0.0,0.0,0.0,1.0,0.4133430105539565,0.0,0.0,0.0,0.0,0.0,0.0,1.0,0.0,1.0,1.0,1.0,0.0,-0.1830958193243173,0.7813079123353894,49.87516980045292,2.20271692279138,0.6173398791490349,-0.3906423269604148,[Cu],nanocomposite,Cu纳米粒子_变体736,55.36069425779654,47.136364760002486,99.0,58.31491014033397,True
139.99699114617945,0.9243471972028896,45.22425682020673,1.0,4.0,0.0,2.0,1.0,13.0,-0.6823655211469745,1.0,1.0,0.0,0.0,2.0,0.0,0.0,0.0,1.0,0.0,0.0,0.0,-0.2830424919243723,7.723640642286239,38.71990883879234,3.276540306095749,1.8265342859177869,-0.2520188886008557,C1=CC=C2C(=C1)C(=O)C(=C2O)O,nanocomposite,氧化石墨烯片_变体737,71.78241968859099,56.42589063247146,94.28681655546124,66.62647046732724,False
134.01116343297042,0.4972360943596157,9.87947208143412,0.0,1.0,0.0,1.0,0.0,3.0,-0.1192454285253996,0.0,0.0,0.0,0.0,0.0,0.0,1.0,0.0,1.0,0.0,1.0,0.0,0.3980049850029288,3.1874009771943417,39.52427822618186,2.0676725069980284,0.7626503253453891,0.4321028224588586,[Cu]O[Cu],nanocomposite,Cu2O纳米粒子_变体738,72.50043675710106,61.801940861128784,99.0,67.25820902134596,True
108.69301869961424,0.4577945652452735,18.66337272579944,0.0,2.0,0.0,1.0,0.0,2.0,0.0123486751507651,1.0,0.0,0.0,0.0,1.0,1.0,0.0,0.0,0.0,1.0,1.0,0.0,0.4510435572389961,5.563225985692518,40.88678347125657,3.259169325283942,-0.3548068963985694,0.4136841616720719,[Zn]=O,nanocomposite,ZnO纳米粒子_变体739,64.5034664586599,48.427435021298,99.0,60.62855519386847,False
145.21923636100385,-0.7719831676811033,13.912502038613985,0.0,2.0,0.0,1.0,0.0,2.0,0.1524424536921863,0.0,1.0,1.0,1.0,1.0,0.0,0.0,0.0,0.0,1.0,0.0,0.0,-0.2029158886603673,1.2178759719219805,44.85695110879377,1.2271821623257444,0.2668629429685868,0.8420178244075718,[Cu]O[Cu],nanocomposite,Cu2O纳米粒子_变体740,66.42345215057497,54.904860339156855,91.76217369354887,62.7962554483299,False
87.69487998411022,1.4276140459997744,-0.0757155872996483,0.0,0.0,0.0,1.0,0.0,9.0,0.0018383493142168,0.0,0.0,0.0,0.0,0.0,0.0,0.0,0.0,1.0,0.0,0.0,0.0,0.5548861906794739,-0.3696293622420205,39.502415225282206,2.0098257308742817,0.7228455501803074,-0.029265548656539,C1=CC=CC=C1,nanocomposite,碳纳米管(苯环近似)_变体741,66.70221209651996,55.94751691514297,68.02404643923188,59.470399808586976,True
129.90321899091109,-0.8021253207969258,6.516300144304903,0.0,2.0,0.0,0.0,0.0,2.0,0.1372414538142105,0.0,0.0,0.0,1.0,1.0,1.0,0.0,1.0,1.0,0.0,0.0,0.0,-0.7729018381628081,2.476280505495011,44.16320732462806,2.1212864549156505,-0.0398148542387805,0.1515113971812507,[Cu]O[Cu],nanocomposite,Cu2O纳米粒子_变体742,75.81816036571064,53.78700890456284,92.76266954780074,66.29730671527852,False
135.66804787713644,-0.6255848241457802,-0.3123315664407294,0.0,0.0,0.0,0.0,0.0,2.0,0.2666624508335655,0.0,0.0,1.0,0.0,0.0,1.0,0.0,0.0,0.0,0.0,0.0,0.0,-0.3154809991235106,0.2453021619683456,39.49404759363042,2.4911875029912625,-0.0004907752075193,-0.6236449611541578,[Ag],nanocomposite,Ag纳米粒子_变体743,62.92406938674962,48.16275054568614,87.39205821172925,64.96693363444356,False
74.83748420416788,-0.1784897317768968,36.871243934777375,0.0,3.0,1.0,0.0,0.0,2.0,0.2739947446627903,0.0,1.0,0.0,0.0,2.0,0.0,1.0,0.0,0.0,0.0,1.0,0.0,-0.2214954497202663,13.351952008635273,48.89488260392077,1.1306561363420105,0.1361339383254717,0.4396104699188153,[Si](=O)(=O),nanocomposite,SiO2纳米粒子_变体744,59.716856065316605,53.51822233884462,56.40215080883722,55.108908307558416,False
324.87949563521715,1.750775128749507,13.936218701155203,0.0,1.0,2.0,1.0,0.0,11.0,0.9647345523862988,0.0,0.0,0.0,0.0,3.0,0.0,2.0,0.0,1.0,0.0,0.0,0.0,-0.3209612817736892,1.2536221230683335,32.60542287787142,0.4291494270908739,0.3887401900852519,-0.100358759076932,[Cu]O[Cu].C[Si](C)(C)O[Si](C)(C)C,nanocomposite,Cu2O/PDMS复合_变体745,77.44639679690368,72.90803681520514,89.72794305350646,75.78312673163109,True
93.1569218063511,2.21817886812844,-0.3381499556173515,0.0,0.0,0.0,1.0,2.0,7.0,0.0880477441154247,0.0,0.0,0.0,0.0,0.0,0.0,1.0,0.0,0.0,0.0,0.0,1.0,0.8114379922356048,0.348111841281424,46.997639872178354,2.5305445160303504,0.526644778647307,0.6123622609548778,C1=CC=CC=C1,nanocomposite,碳纳米管(苯环近似)_变体746,60.98394927736307,56.41425562308069,71.84900632807164,57.34020193513447,False
290.1863048919997,2.6303642403766,9.115875903746309,0.0,1.0,2.0,0.0,0.0,11.0,0.6329546738559428,0.0,0.0,0.0,0.0,1.0,0.0,2.0,0.0,0.0,0.0,1.0,0.0,-0.0672880339450245,-0.0550576260629374,25.096382819784893,0.7712307244299448,0.7298405969311814,0.694145766170398,[Ag].C[Si](C)(C)O[Si](C)(C)C,nanocomposite,Ag/PDMS复合_变体747,82.16988585513519,80.15303487871557,99.0,81.36514885063721,True
238.61179984039123,2.126873305333137,56.578713866592935,0.0,3.0,3.0,0.0,0.0,13.0,1.2642168823115565,1.0,0.0,0.0,0.0,4.0,0.0,2.0,1.0,0.0,1.0,0.0,0.0,0.3025880276834727,2.6753553574095337,29.165181797216,1.0635040263829778,0.5898484389517604,0.7944521093335993,O=[Ti]=O.C[Si](C)(C)O[Si](C)(C)C,nanocomposite,TiO2/PDMS复合_变体748,73.86834327973992,76.95735855968937,99.0,78.1169862352251,False
316.48675223575765,1.3314431155191937,8.888621172799914,0.0,1.0,2.0,0.0,0.0,11.0,1.14887142438879,0.0,0.0,0.0,0.0,2.0,0.0,1.0,0.0,0.0,0.0,1.0,1.0,-0.528319107352761,1.7651737432432046,30.78288566173692,1.272279300431049,0.3675036193899259,-0.2894851017971585,[Ag].C[Si](C)(C)O[Si](C)(C)C,nanocomposite,Ag/PDMS复合_变体749,86.870304575345,81.68248664813129,92.58998511049096,72.99292012830888,True
235.97511647071624,2.189891093331777,25.4916204879692,0.0,1.0,2.0,1.0,0.0,12.0,0.6129572441140831,0.0,0.0,0.0,1.0,2.0,1.0,3.0,0.0,0.0,1.0,1.0,0.0,-0.8442002911677196,3.90994331727756,33.99754489219063,0.8129322049953784,0.5015833628303012,0.1990684540019245,[Zn]=O.C[Si](C)(C)O[Si](C)(C)C,nanocomposite,ZnO/PDMS复合_变体750,79.93589028736515,75.3801042137362,95.51801192954258,81.29117004849057,False
182.17737101897845,2.0151584841856893,28.530802979235546,1.0,3.0,1.0,0.0,0.0,11.0,1.9168001871326896,0.0,0.0,1.0,0.0,2.0,0.0,2.0,1.0,0.0,1.0,0.0,1.0,0.0210463670623912,4.141347296725721,38.47633034998247,0.2961893048207742,1.2208128115796146,0.6727547107177901,[Zn]=O.C[Si](C)(C)O[Si](C)(C)C,nanocomposite,ZnO/PDMS复合_变体751,72.79216380476011,79.13315038020284,91.17891537318286,80.04023768798503,False
129.16777290728018,-0.6032045479946013,20.168750640631234,0.0,3.0,0.0,0.0,0.0,2.0,-0.6099399810557983,0.0,0.0,0.0,1.0,0.0,0.0,0.0,0.0,0.0,0.0,0.0,0.0,0.3614360588836512,2.546439245331664,39.16319829088801,2.196483109055276,0.1416312198929227,0.8161688511369527,[Ce]=O,nanocomposite,CeO2纳米酶_变体752,67.96313911463155,69.59714022579904,89.58364925551868,72.81634147970287,True
245.1040961780216,2.716853743819472,18.33708660882173,0.0,1.0,0.0,0.0,1.0,8.0,1.20546789451916,8.0,0.0,1.0,0.0,1.0,0.0,0.0,0.0,0.0,1.0,1.0,0.0,-0.2741878098171851,0.458122964225389,22.848151370157204,0.9208397242256228,-0.4726655952074539,0.0893232630719182,[Zn]=O.FC(F)(F)C(F)(F)F,nanocomposite,ZnO/氟碳复合_变体753,80.78461581135736,86.89666812043143,92.62093949158066,80.825650890285,False
311.03537822102743,3.0692400381813973,7.02999185591713,0.0,1.0,1.0,0.0,0.0,10.0,0.6146744298700009,4.0,0.0,0.0,1.0,1.0,0.0,0.0,0.0,1.0,0.0,0.0,0.0,0.0159546108194369,0.8481120123283491,27.17652098570644,2.5801075687682635,0.3691706417995219,0.070650877750319,[Cu]O[Cu].FC(F)(F)C(F)(F)F,nanocomposite,Cu2O/氟碳复合_变体754,88.56050365629811,77.35820394873451,99.0,82.01098085125558,True
327.5770590787436,2.9926705253607007,10.372935353996144,0.0,0.0,0.0,0.0,0.0,7.0,1.3208325158182253,4.0,0.0,0.0,0.0,2.0,0.0,0.0,0.0,1.0,0.0,0.0,0.0,-0.701000311714056,0.9381784134968252,26.736647107317147,2.1039694972552923,-0.7343310194247025,-0.4867919238838789,[Cu]O[Cu].FC(F)(F)C(F)(F)F,nanocomposite,Cu2O/氟碳复合_变体755,88.89113064889827,82.76907941345681,85.05399639989973,74.18151137928108,True
105.42680657668856,-0.8525576081387146,41.17342815730818,0.0,2.0,0.0,0.0,1.0,3.0,0.071495478592054,0.0,0.0,0.0,0.0,1.0,1.0,0.0,0.0,0.0,0.0,0.0,1.0,0.1993751949589275,7.977003859064358,34.44865223050854,1.4285292148225022,0.7593883557733592,0.6327245834627632,O=[Ti]=O,nanocomposite,TiO2纳米粒子_变体756,72.95493251155177,57.381582786174064,83.26019948706151,70.96239953422293,True
122.11966669896265,0.5999516763090623,-0.2270172859899372,0.0,0.0,0.0,0.0,0.0,1.0,-0.4364411120518651,0.0,0.0,0.0,0.0,0.0,1.0,0.0,1.0,0.0,0.0,1.0,0.0,-0.4122329517566512,-0.113257057890282,44.10584839873839,1.7558373745530529,0.4350218363509991,0.0916092292042355,[Ag],nanocomposite,Ag纳米粒子_变体757,66.39907078141482,50.18035299388001,99.0,60.1654431852358,False
270.7801866436129,2.7259373119678107,9.474818547150475,0.0,0.0,2.0,0.0,0.0,12.0,1.4030562831746454,0.0,0.0,0.0,0.0,1.0,0.0,2.0,1.0,0.0,0.0,1.0,0.0,-0.8070841322528427,0.3266231479813195,30.548829581193715,1.8009215078832657,0.7133204817171004,-0.0118094597162123,[Ag].C[Si](C)(C)O[Si](C)(C)C,nanocomposite,Ag/PDMS复合_变体758,82.40807127036081,77.9972718968292,85.80349874849865,76.31112151620678,True
200.0358990232044,3.31773253816652,24.1087372500512,0.0,3.0,2.0,1.0,1.0,11.0,1.257480473151544,0.0,0.0,1.0,0.0,2.0,0.0,2.0,0.0,0.0,1.0,0.0,1.0,0.0296290363645675,4.346139759010928,26.22327162688071,0.7248690807450975,0.0876604818025831,0.1385135845463769,[Zn]=O.C[Si](C)(C)O[Si](C)(C)C,nanocomposite,ZnO/PDMS复合_变体759,77.24477272942698,81.12580039280074,94.10125349798705,82.64842732170366,False
77.87847191404741,3.23001056936506,-0.2230808813739428,0.0,1.0,0.0,1.0,0.0,6.0,0.1924165014341769,0.0,1.0,0.0,0.0,0.0,0.0,0.0,1.0,0.0,1.0,0.0,0.0,-0.408191776519577,-0.3645419736943588,36.72188104775261,2.7487724666454407,-0.2121130100207495,0.3953074387546318,C1=CC=CC=C1,nanocomposite,碳纳米管(苯环近似)_变体760,69.28070261675975,59.52119077930974,64.59064579481274,52.65673118664802,False
291.4167272852442,2.9417589067161227,8.18217454690272,0.0,0.0,0.0,1.0,1.0,14.0,1.4332001099305105,4.0,0.0,0.0,0.0,1.0,0.0,1.0,0.0,1.0,0.0,0.0,0.0,-1.035780838798668,1.349317994974527,12.21777753720354,0.1969422338732835,0.0763790650360006,0.336721414318472,[Cu]O[Cu].FC(F)(F)C(F)(F)F,nanocomposite,Cu2O/氟碳复合_变体761,88.41327669930942,90.39436465993197,92.72021127996275,86.25249941333874,False
56.80263514409079,-1.7013193517788754,38.4008718960126,0.0,2.0,0.0,0.0,1.0,3.0,0.2137277023484701,0.0,0.0,1.0,0.0,3.0,1.0,2.0,0.0,1.0,0.0,1.0,0.0,0.137834038018094,12.772509336893725,40.54558913664463,1.8178064534010177,-0.0647735531022637,0.5156320623021563,[Si](=O)(=O),nanocomposite,SiO2纳米粒子_变体762,67.51673021979569,63.214348078675705,64.08512069125534,58.50407096471768,False
69.09548041710835,0.8800268691835742,-0.3729299878416948,0.0,0.0,0.0,0.0,0.0,1.0,0.2306922205426763,0.0,0.0,0.0,1.0,1.0,0.0,0.0,0.0,1.0,0.0,0.0,0.0,0.068678769962904,-1.0097424274469884,35.94169644978436,3.1718543380363178,0.1984742760778876,-0.3981278553234989,[Cu],nanocomposite,Cu纳米粒子_变体763,64.82775291546174,63.19093151296147,92.88034004612322,61.224707696177646,True
323.2872733067594,3.1211430015424124,10.705618701789223,0.0,1.0,0.0,0.0,1.0,10.0,0.976384889240625,5.0,0.0,0.0,0.0,1.0,0.0,0.0,0.0,1.0,0.0,0.0,1.0,-0.0498445478141801,1.4743616597746243,18.566582240146666,2.4689781398846096,0.4548769304136554,-0.2756139041303613,[Cu]O[Cu].FC(F)(F)C(F)(F)F,nanocomposite,Cu2O/氟碳复合_变体764,84.92832977895146,83.22089687070994,92.50891331889876,83.72670535867113,True
56.28747635923422,-0.1459998099789206,38.53563870080422,1.0,0.0,1.0,0.0,1.0,5.0,0.5955392175496708,0.0,0.0,0.0,0.0,1.0,0.0,2.0,0.0,0.0,0.0,0.0,0.0,0.7403851020700793,13.521509397605223,43.94188430426392,1.8868563337726736,-0.202503218532968,0.8516447679847724,[Si](=O)(=O),nanocomposite,SiO2纳米粒子_变体765,61.1563010945946,61.89067440581351,63.738219641724704,56.94545082352533,False
248.41013623870455,2.360055975345607,24.45534736735865,1.0,2.0,2.0,0.0,0.0,12.0,1.286613612949701,0.0,0.0,0.0,0.0,3.0,0.0,2.0,0.0,0.0,0.0,0.0,0.0,0.6028183044347047,1.8663021526730996,27.271031292560988,2.25050482727273,0.474827383020759,-0.0283756767217983,[Cu]O[Cu].C[Si](C)(C)O[Si](C)(C)C,nanocomposite,Cu2O/PDMS复合_变体766,84.14739333037662,76.3842225281935,95.25746432722865,78.74276428568672,True
93.37765787925,0.6001596294012727,27.02682460680649,0.0,3.0,0.0,0.0,0.0,4.0,-1.113206239277606,0.0,0.0,1.0,0.0,1.0,1.0,0.0,0.0,0.0,1.0,0.0,1.0,-0.4248999858133612,8.453536102643744,35.64491809005352,0.5991992936916541,0.4374730460234666,-0.3855772503160336,O=[Ti]=O,nanocomposite,TiO2纳米粒子_变体767,68.79053764806699,56.81407184928901,79.91227902218857,71.86269678726067,False
354.68186990656886,2.599486651098422,10.54879191580864,0.0,1.0,2.0,0.0,0.0,11.0,-0.093512504187512,0.0,0.0,0.0,0.0,1.0,0.0,2.0,0.0,0.0,1.0,1.0,0.0,0.0223354348279154,0.6062125573876437,24.929432710383978,1.1493950672802564,0.1893991550932036,0.0105568076499243,[Ag].C[Si](C)(C)O[Si](C)(C)C,nanocomposite,Ag/PDMS复合_变体768,80.66509120573184,79.42672030025186,99.0,78.01312549609908,True
75.54221751967137,-0.2822569465170093,0.1687005351623308,0.0,0.0,0.0,1.0,0.0,1.0,0.4725773678334148,0.0,0.0,0.0,0.0,0.0,0.0,0.0,0.0,0.0,0.0,1.0,0.0,0.314859362059462,-0.0452120503376469,40.687096258064656,2.560263336484962,-0.4589567759952231,0.1846242216754784,[Ag],nanocomposite,Ag纳米粒子_变体769,67.95931502865567,51.17081899884575,99.0,65.07958621474609,True
235.2503519484833,2.893924217810328,26.82624280889752,0.0,3.0,2.0,0.0,1.0,12.0,0.6922547332354615,0.0,0.0,0.0,0.0,2.0,0.0,2.0,0.0,1.0,0.0,0.0,1.0,-0.4314076229363074,5.126928506286797,33.99579257808224,1.129678368704697,0.5566579248463378,0.4261097459372281,O=[Ti]=O.C[Si](C)(C)O[Si](C)(C)C,nanocomposite,TiO2/PDMS复合_变体770,76.49048895442783,81.38448137611908,85.65342642782079,81.23490041284958,True
105.10209375747966,-0.193778116709424,0.2094068771603888,0.0,0.0,1.0,0.0,0.0,0.0,-0.7903679268684529,0.0,0.0,0.0,1.0,0.0,0.0,0.0,0.0,0.0,0.0,0.0,0.0,0.0629935416033688,0.141747697802245,38.74316711779508,2.9674121516062737,-0.072580399651625,0.9826586871985784,[Ag],nanocomposite,Ag纳米粒子_变体771,71.9367517426823,48.0752164651431,98.18407571408872,67.68050416020318,True
159.72181622977558,2.843552106964484,30.043391582708622,1.0,1.0,3.0,1.0,0.0,12.0,1.4014535293214565,0.0,0.0,0.0,0.0,2.0,0.0,3.0,0.0,0.0,1.0,0.0,1.0,-0.0767249255634423,3.906961610689916,29.46701831528481,0.7223794422426784,0.5878069852438232,0.1414628683857526,[Zn]=O.C[Si](C)(C)O[Si](C)(C)C,nanocomposite,ZnO/PDMS复合_变体772,74.14990502852538,85.66529766323161,89.72481564927902,81.44266906893719,False
160.73217181179336,-1.1318849477069104,21.787157059357163,0.0,3.0,0.0,0.0,0.0,3.0,-0.3602333641179559,0.0,0.0,0.0,0.0,1.0,0.0,1.0,1.0,0.0,0.0,0.0,0.0,-0.2278836385865373,3.0882900014415235,42.70707687897521,1.2144454121723598,-0.4121036325326097,1.9673591506139652,[Ce]=O,nanocomposite,CeO2纳米酶_变体773,67.86049578406842,66.94850999936855,79.80983871074746,67.93984418322118,False
36.19583836976707,-0.8039318540334288,40.67157539907561,0.0,1.0,0.0,1.0,0.0,4.0,0.2845209792090639,1.0,0.0,0.0,1.0,1.0,0.0,1.0,0.0,0.0,0.0,0.0,1.0,-0.1021167430324305,11.572928457351033,47.90704440933553,2.532021064815235,-0.2952123814964081,1.079596007166937,[Si](=O)(=O),nanocomposite,SiO2纳米粒子_变体774,49.6885889428015,55.82482727472848,58.25835778836458,55.59721192950088,False
300.05193483670087,2.65308423185648,10.15884161737834,1.0,0.0,0.0,0.0,0.0,8.0,2.610988069075696,7.0,1.0,0.0,0.0,1.0,1.0,0.0,0.0,1.0,1.0,0.0,0.0,-0.3388081793482392,1.4454765269144998,17.536547884959596,1.6922264834450718,-0.010299625984597,-0.4535390897978225,[Cu]O[Cu].FC(F)(F)C(F)(F)F,nanocomposite,Cu2O/氟碳复合_变体775,89.66406943804202,87.84576538631303,99.0,81.52899449364594,False
174.07067914058928,-1.4311299668415605,17.069279298418305,0.0,2.0,0.0,1.0,0.0,2.0,-0.2166611096783169,0.0,1.0,0.0,1.0,2.0,0.0,1.0,0.0,0.0,0.0,0.0,1.0,0.4068933724610482,2.208672057999701,49.028091990492925,0.7344098842371698,-0.3657946620102007,0.3548586599992864,[Ce]=O,nanocomposite,CeO2纳米酶_变体776,72.6930080490301,59.17731450118261,79.23970995764779,62.45841585935732,False
199.1210197344921,0.919353115908534,20.29507751085981,0.0,1.0,0.0,0.0,0.0,6.0,0.5566349711514935,8.0,0.0,0.0,0.0,1.0,0.0,0.0,0.0,0.0,1.0,1.0,0.0,-0.155764508188691,0.4900953324773338,20.25828802303497,1.9006147548304504,1.1206702835945848,0.8741864910890813,[Zn]=O.FC(F)(F)C(F)(F)F,nanocomposite,ZnO/氟碳复合_变体777,78.97869897209685,82.3614212342614,93.77946762782402,85.70692091575084,True
53.80521321661861,-0.6400899331623017,37.66181095525111,0.0,1.0,0.0,1.0,1.0,4.0,0.3829864540772806,0.0,0.0,0.0,1.0,2.0,0.0,1.0,0.0,1.0,1.0,1.0,0.0,0.203548614799006,11.98903461752333,34.576328157342346,1.107021409639914,0.0987881432679424,0.3865105110763137,[Si](=O)(=O),nanocomposite,SiO2纳米粒子_变体778,62.272868513172085,64.54021952389058,67.61038564156847,59.72803481794029,False
144.79708636666552,-0.4616649135020014,9.26349796220853,0.0,2.0,0.0,1.0,0.0,1.0,-0.1164589959010932,0.0,1.0,0.0,0.0,2.0,0.0,1.0,1.0,1.0,0.0,0.0,1.0,-0.4222308732758635,4.006844453226712,34.27911198573606,1.824033409334417,-0.5522698480524496,0.5702459306235009,[Cu]O[Cu],nanocomposite,Cu2O纳米粒子_变体779,73.76740987993564,61.43736845568116,90.2669581452979,67.93447307862988,False
195.36666506455143,1.9653579849974263,66.2688987547069,0.0,4.0,1.0,0.0,0.0,12.0,1.0368094746023342,0.0,0.0,0.0,0.0,4.0,0.0,2.0,0.0,0.0,0.0,0.0,1.0,-0.2473429671500822,3.813538212496732,32.15328732478956,0.5598065115797818,0.7065404435090865,0.1039319796622929,O=[Ti]=O.C[Si](C)(C)O[Si](C)(C)C,nanocomposite,TiO2/PDMS复合_变体780,77.63483559452698,75.45479719959467,74.09454808909341,80.6831228204628,True
176.49770394382006,0.2198041354484423,8.532605624854144,0.0,0.0,0.0,0.0,0.0,3.0,-0.8058023222376166,0.0,0.0,0.0,0.0,1.0,0.0,0.0,0.0,0.0,0.0,1.0,1.0,0.3680502779204825,1.5033535249913772,53.12715848809978,1.6558117317285992,0.2284098584403989,0.3221121744140089,[Cu]O[Cu],nanocomposite,Cu2O纳米粒子_变体781,64.49436410543423,52.42828945461945,99.0,63.00850343351077,True
257.7609198361536,3.284425410404258,32.06388883366276,0.0,3.0,3.0,0.0,0.0,13.0,1.2779237293942338,0.0,0.0,0.0,0.0,1.0,0.0,2.0,0.0,0.0,0.0,0.0,0.0,0.3740569586521722,2.630870402913198,32.84161680308131,0.8185542885131571,-0.0464594858845308,0.391490081409477,[Zn]=O.C[Si](C)(C)O[Si](C)(C)C,nanocomposite,ZnO/PDMS复合_变体782,78.06785764709743,84.23487342931455,87.74688656202798,74.27766240387743,True
330.7215636741573,3.4555929438808994,7.14615705092049,0.0,0.0,0.0,0.0,0.0,13.0,0.774985307763764,6.0,0.0,0.0,0.0,2.0,0.0,1.0,0.0,0.0,0.0,0.0,0.0,-0.0709383631915053,0.5642340812311541,27.64878550868509,1.918736329021732,-0.3939911809904508,0.3258816433088407,[Cu]O[Cu].FC(F)(F)C(F)(F)F,nanocomposite,Cu2O/氟碳复合_变体783,82.44726733345769,78.0932277116706,89.78872591927518,77.20917105444026,True
230.92370417691885,3.0957035359157947,33.786272284880454,1.0,2.0,2.0,0.0,0.0,13.0,1.0459163391294743,0.0,0.0,0.0,0.0,3.0,0.0,2.0,0.0,1.0,0.0,0.0,1.0,0.2506310656828655,7.672809950785616,39.08886087721416,0.3459549659049789,0.4908829787354516,-0.1713956552197455,O=[Ti]=O.C[Si](C)(C)O[Si](C)(C)C,nanocomposite,TiO2/PDMS复合_变体784,71.77390757716414,75.446490283891,95.16156621281507,78.40758159014526,True
327.69809429930274,1.8796997621201967,11.995588793111462,1.0,1.0,3.0,0.0,0.0,11.0,0.7485961217561147,0.0,0.0,0.0,1.0,1.0,0.0,3.0,0.0,0.0,0.0,1.0,1.0,0.1049346085526461,1.5912734379140665,29.96829172142565,1.0640611117651817,0.092403444511338,-0.5947117242364557,[Ag].C[Si](C)(C)O[Si](C)(C)C,nanocomposite,Ag/PDMS复合_变体785,81.49673748232524,75.05658127916553,99.0,76.6090556072035,False
87.46385800667412,1.862769119209415,-1.128287950783244,0.0,0.0,1.0,0.0,1.0,6.0,0.5414755927602439,0.0,0.0,0.0,0.0,0.0,1.0,1.0,0.0,0.0,0.0,0.0,0.0,-0.1192252039849705,0.3869811848802242,26.473324605657645,2.584532826679602,0.1225172647928063,-0.1700791618878172,C1=CC=CC=C1,nanocomposite,碳纳米管(苯环近似)_变体786,70.64322518644397,63.68488211863304,63.23974134738211,61.38331469243042,True
249.2841250570096,2.3041278684236093,43.09528762655312,0.0,3.0,3.0,0.0,0.0,12.0,1.7268331588436046,0.0,1.0,0.0,0.0,4.0,0.0,2.0,0.0,0.0,0.0,0.0,1.0,0.4314087776151663,3.664521613462156,33.27760889571591,1.071251870625115,0.0194579600537521,0.5203005182513396,O=[Ti]=O.C[Si](C)(C)O[Si](C)(C)C,nanocomposite,TiO2/PDMS复合_变体787,75.2379883100946,74.269937065585,85.10982335727972,79.88388973553482,True
83.25905893776503,0.6304065500657086,-0.5419174293576297,0.0,0.0,0.0,1.0,1.0,8.0,0.9107948692779704,0.0,0.0,0.0,0.0,0.0,0.0,0.0,0.0,1.0,0.0,0.0,0.0,0.326879152721472,-0.8337121674452775,35.62729137683845,2.534774782054669,-0.0526831983050912,0.3013277504993689,C1=CC=CC=C1,nanocomposite,碳纳米管(苯环近似)_变体788,62.06329537961523,57.38306326423464,66.96307046679331,59.82228585750953,True
58.49471576922564,-0.6626057555959908,-0.1468365713601059,0.0,0.0,0.0,1.0,0.0,1.0,0.2622708372908175,0.0,0.0,0.0,0.0,0.0,1.0,0.0,1.0,1.0,0.0,0.0,1.0,0.6713707781367967,-0.5332857778997555,50.572035746085504,1.8124086150373524,-0.5374505309052775,-0.1579704254229077,[Cu],nanocomposite,Cu纳米粒子_变体789,63.09925157768939,49.60961517801225,99.0,60.10536346079,False
225.66062530472675,2.2450008766266585,41.692696281846494,1.0,3.0,3.0,0.0,0.0,14.0,0.7577386324876628,0.0,0.0,0.0,1.0,4.0,0.0,3.0,0.0,0.0,0.0,0.0,0.0,-0.6296353554872477,4.349122745074376,33.60341671618756,1.5743708128602256,0.3609309300181147,0.4815884828963733,O=[Ti]=O.C[Si](C)(C)O[Si](C)(C)C,nanocomposite,TiO2/PDMS复合_变体790,72.32895339164439,75.91784915343575,81.63237717363945,74.79065562582184,False
314.629966819584,3.199643581678909,19.73968109874472,0.0,2.0,1.0,0.0,0.0,9.0,0.8116040697597551,0.0,0.0,1.0,1.0,2.0,0.0,2.0,0.0,1.0,0.0,1.0,0.0,0.7272284783541687,1.088671041703149,35.30333924900418,2.1282470690638884,-0.9107745071430312,0.239615717520591,[Cu]O[Cu].C[Si](C)(C)O[Si](C)(C)C,nanocomposite,Cu2O/PDMS复合_变体791,80.99457249923005,74.63455511278252,99.0,75.31766771242873,False
47.032399356921694,-1.5997842752354152,30.392460689635914,0.0,1.0,0.0,0.0,1.0,3.0,0.830087993650376,1.0,0.0,0.0,0.0,1.0,1.0,0.0,0.0,1.0,0.0,1.0,0.0,0.0100697418522222,10.686169954199803,31.84686471003664,1.9672744306363472,0.2021868269469547,0.9910642899482264,[Si](=O)(=O),nanocomposite,SiO2纳米粒子_变体792,69.02614600602897,63.38926146017665,66.58947758770597,64.07039221405087,False
241.44716048466887,2.9416315773835846,9.47842642769416,0.0,2.0,2.0,1.0,1.0,8.0,1.771430415224333,0.0,0.0,0.0,0.0,2.0,0.0,2.0,0.0,0.0,0.0,0.0,0.0,0.0354625153514098,1.7048480381150273,25.87502600573893,1.557044014532879,0.4643292918109857,0.2697533907150429,[Ag].C[Si](C)(C)O[Si](C)(C)C,nanocomposite,Ag/PDMS复合_变体793,78.98771262974086,78.15796687489711,96.665725833137,75.59043107399269,False
204.81002607931737,1.4230685405651666,22.18137239900102,0.0,2.0,2.0,0.0,1.0,15.0,0.5204147578628708,0.0,0.0,0.0,0.0,2.0,0.0,1.0,0.0,0.0,1.0,1.0,0.0,0.3045941791348898,4.389959537077159,26.79419133401028,1.259244073839611,0.4316457876726575,-0.5016419960117358,[Zn]=O.C[Si](C)(C)O[Si](C)(C)C,nanocomposite,ZnO/PDMS复合_变体794,80.84040172778222,84.65045894217212,98.3739224763389,78.59282033858547,True
299.92713468096844,2.7311027728857677,20.15607012852356,0.0,1.0,4.0,0.0,0.0,14.0,1.1589959616768102,1.0,0.0,0.0,0.0,3.0,1.0,2.0,0.0,1.0,0.0,1.0,0.0,0.6590306449186957,2.50148864588364,34.46304970598128,2.0914338427139123,0.4402546852961554,0.6475643373219079,[Cu]O[Cu].C[Si](C)(C)O[Si](C)(C)C,nanocomposite,Cu2O/PDMS复合_变体795,78.10021954716208,78.70971474885653,99.0,75.53928224172711,False
348.8116531244489,3.119618425614414,15.0902197430901,0.0,2.0,3.0,0.0,0.0,13.0,2.139293321535395,0.0,1.0,0.0,0.0,1.0,0.0,1.0,1.0,1.0,0.0,0.0,0.0,0.0361170704428245,3.0493792075828283,30.70843619647908,0.9808918539797148,0.4113731579891407,-0.5159315162450366,[Cu]O[Cu].C[Si](C)(C)O[Si](C)(C)C,nanocomposite,Cu2O/PDMS复合_变体796,74.53554125384002,76.58070343911689,99.0,81.69286194355631,False
154.17948312716302,-0.0125799454931934,12.876082191427066,1.0,1.0,0.0,0.0,0.0,3.0,0.7934760554398378,1.0,0.0,0.0,0.0,2.0,0.0,1.0,0.0,0.0,0.0,1.0,0.0,-1.0145107525355566,1.876781206482748,47.01211042128489,2.890821676033958,0.2174413097470184,0.6039194786818356,[Ce]=O,nanocomposite,CeO2纳米酶_变体797,64.20202452843343,66.4057272164113,72.06719701309973,62.56232611345819,False
97.66833463840392,-1.0758153649511122,32.68068831043804,0.0,1.0,0.0,0.0,0.0,2.0,0.1427354904422227,1.0,0.0,0.0,0.0,3.0,0.0,0.0,0.0,0.0,1.0,1.0,1.0,0.0997215117816484,8.91948240870121,45.12544002645468,2.413292755925456,-0.4676345187671962,0.263648373599309,O=[Ti]=O,nanocomposite,TiO2纳米粒子_变体798,68.80896606981509,54.694271500515946,95.12836499605832,71.24805976188068,False
124.22422685672277,0.759656764232201,18.99905125731795,1.0,1.0,0.0,0.0,0.0,1.0,-0.3988874390141865,0.0,0.0,0.0,0.0,2.0,1.0,0.0,0.0,0.0,0.0,0.0,0.0,0.1202028059580595,1.4741081600657635,41.7296705568141,1.803240172363516,0.0810414384153229,-0.0481477704997995,[Ce]=O,nanocomposite,CeO2纳米酶_变体799,70.10757244859656,62.66527402684459,83.84481049420828,72.99928720027323,True
156.64961062176965,-0.9407698723198402,18.8483793462908,0.0,1.0,0.0,0.0,0.0,1.0,0.0826784725059424,0.0,1.0,0.0,0.0,0.0,0.0,0.0,0.0,0.0,1.0,0.0,0.0,0.6878442958009817,2.485282509799047,48.4319863823528,2.170407922785143,0.0065227607155392,0.1295353048015461,[Ce]=O,nanocomposite,CeO2纳米酶_变体800,67.43013846531645,63.65596979209189,95.3034932132554,70.39088465558369,True
75.1747136424154,-0.297082258873743,18.6930531786376,1.0,1.0,0.0,0.0,0.0,1.0,-0.0796677055769681,0.0,0.0,0.0,0.0,0.0,0.0,0.0,1.0,0.0,1.0,0.0,0.0,0.0416389335001348,3.36881177014196,43.36260844122288,1.6560543886554693,0.483573665278882,0.8472546939338086,[Zn]=O,nanocomposite,ZnO纳米粒子_变体801,68.54000601942322,54.06758890860932,97.24289053382849,64.47280412896187,True
70.57068838333831,1.8303989572730448,-0.4872748560328419,0.0,0.0,1.0,2.0,2.0,7.0,0.1472201172260748,0.0,1.0,0.0,0.0,0.0,0.0,0.0,0.0,0.0,0.0,0.0,0.0,-0.4333024112943729,-0.7145721352546104,30.78402562537377,1.1154718595649913,0.0376762145632416,-0.0956255771285793,C1=CC=CC=C1,nanocomposite,碳纳米管(苯环近似)_变体802,67.52739509784045,58.42615368831788,60.08832233916819,58.39697580658428,False
122.99158758460914,-0.2037353921312043,0.4946430381970448,1.0,0.0,0.0,0.0,0.0,2.0,-0.0674000561000916,0.0,0.0,1.0,0.0,0.0,0.0,0.0,0.0,0.0,0.0,1.0,0.0,-0.4403575155534789,0.2644371927613267,41.61099500794031,2.4891307751320797,-0.0471816119927255,0.4058701568835789,[Ag],nanocomposite,Ag纳米粒子_变体803,66.51027684343137,53.52724105662551,93.77053878066316,61.854939335321056,True
177.77846832117487,0.0085561500191794,16.100607273662334,0.0,2.0,0.0,0.0,0.0,3.0,-0.699453831474371,0.0,0.0,0.0,0.0,1.0,0.0,0.0,0.0,0.0,0.0,0.0,0.0,0.2031755482224506,2.115648771683572,32.08143127621342,1.5636136340917934,0.1951865567435227,-0.0707421649078272,[Ce]=O,nanocomposite,CeO2纳米酶_变体804,71.40711519783068,67.46739765037206,80.25336011237049,68.56879157514369,True
125.02239453689796,0.0068412518551496,5.818692883216604,0.0,0.0,1.0,0.0,0.0,5.0,0.5027066501157437,1.0,1.0,0.0,0.0,1.0,0.0,0.0,1.0,1.0,0.0,0.0,0.0,-0.410977052830799,1.6277771370338243,46.87759984770516,1.57357097076163,-0.1927217220566042,0.0795244198595285,[Cu]O[Cu],nanocomposite,Cu2O纳米粒子_变体805,67.7965907167376,59.55865721928258,95.56477281244236,64.04992869650303,False
196.97623993545105,0.9479406335008672,8.091968950126953,0.0,2.0,0.0,0.0,0.0,11.0,1.3749140331151513,8.0,1.0,1.0,0.0,0.0,0.0,0.0,0.0,1.0,0.0,0.0,0.0,-0.4513003998898131,0.4171347040833846,23.55351272366433,2.33225435663986,-0.1306807909679983,0.2320069021439706,[Cu]O[Cu].FC(F)(F)C(F)(F)F,nanocomposite,Cu2O/氟碳复合_变体806,90.14821666020572,85.07508056360135,89.18248106593842,80.5177757201927,False
90.18369057037442,-0.0156026140620974,29.91649232644416,1.0,2.0,1.0,0.0,0.0,4.0,0.1505934790388835,0.0,0.0,0.0,0.0,2.0,0.0,0.0,0.0,0.0,0.0,0.0,1.0,-0.3156997101354172,8.129598198318046,52.456327994579794,0.6796086531639931,0.7339912025644171,0.3799097054003391,O=[Ti]=O,nanocomposite,TiO2纳米粒子_变体807,60.68884404727311,47.68278177470328,84.85860144774037,63.18888775277401,True
280.7649648463066,0.1311681270401341,45.8562106610925,0.0,3.0,2.0,0.0,0.0,12.0,0.7954053900613021,0.0,1.0,0.0,0.0,3.0,0.0,2.0,0.0,0.0,0.0,0.0,0.0,0.4497681599145993,5.452162309973999,28.257573366534857,3.3119367779358573,-0.1634524032645328,0.5809893830319615,O=[Ti]=O.C[Si](C)(C)O[Si](C)(C)C,nanocomposite,TiO2/PDMS复合_变体808,80.05909870070207,82.85781086872106,99.0,78.2009486261387,False
314.14180534803864,3.497800175490309,11.347813840737206,1.0,1.0,1.0,1.0,0.0,9.0,0.375280508873268,6.0,0.0,1.0,0.0,1.0,0.0,1.0,1.0,0.0,0.0,0.0,0.0,0.3176582855359394,0.6591716442315738,22.236297717941483,0.5523942193964857,0.0972789553927652,-0.966690409815966,[Cu]O[Cu].FC(F)(F)C(F)(F)F,nanocomposite,Cu2O/氟碳复合_变体809,91.29923544423498,78.71100933050994,96.35385985150086,83.31499654802815,False
287.92441309518495,3.557957512087917,38.1368870141237,0.0,3.0,2.0,0.0,0.0,9.0,0.3033585651319229,0.0,0.0,0.0,0.0,4.0,1.0,2.0,0.0,0.0,0.0,0.0,0.0,0.7399912650434046,3.860175641842208,30.10518370519775,1.0281852802186475,0.0744206848477447,-0.6826828044481849,O=[Ti]=O.C[Si](C)(C)O[Si](C)(C)C,nanocomposite,TiO2/PDMS复合_变体810,81.1706608131626,78.05378694830688,97.91925730015495,77.19233089616644,False
265.35364197355693,1.2554967921971132,7.826310803969694,1.0,0.0,2.0,0.0,0.0,7.0,1.1132145666629902,0.0,0.0,0.0,0.0,2.0,0.0,2.0,0.0,1.0,0.0,1.0,0.0,-0.1890622901847968,0.4618770045805953,33.572502734300706,0.5384206726209613,0.3127868428909,1.0928328480780731,[Ag].C[Si](C)(C)O[Si](C)(C)C,nanocomposite,Ag/PDMS复合_变体811,80.65367975392763,80.74530188173166,99.0,77.71644831810578,False
64.41343882671882,2.3900000702007347,0.1940498285395806,0.0,0.0,0.0,3.0,2.0,3.0,0.0004118780510572,1.0,0.0,0.0,0.0,0.0,0.0,0.0,0.0,1.0,0.0,0.0,0.0,-0.0190225258146386,-0.2349695942827541,38.10206682257063,1.003513745076589,0.979474249963542,0.0834295149307702,C1=CC=CC=C1,nanocomposite,碳纳米管(苯环近似)_变体812,72.19707490139929,62.11200049167844,65.8694179219786,58.11742681867584,False
167.6882295763584,-0.3459573338418693,19.70039084287729,0.0,0.0,0.0,1.0,0.0,3.0,-0.3505611058645412,0.0,0.0,0.0,0.0,0.0,0.0,0.0,0.0,0.0,0.0,1.0,0.0,-0.2289816141789814,1.9858010391623984,32.57048110732201,1.9500657206733012,0.3516118368765055,1.50332754109546,[Ce]=O,nanocomposite,CeO2纳米酶_变体813,73.94873809535045,69.11872737666528,89.48026377836987,68.25241209254114,True
214.2408052488604,4.520733578038813,7.423054723178242,0.0,1.0,2.0,0.0,1.0,8.0,1.7112869922099725,1.0,0.0,0.0,0.0,1.0,0.0,3.0,0.0,0.0,0.0,1.0,0.0,-0.4495845465507153,0.9927195555569078,31.22761506735572,-0.1661385248800009,-0.0747989753840789,-0.25406953290168,[Ag].C[Si](C)(C)O[Si](C)(C)C,nanocomposite,Ag/PDMS复合_变体814,80.71153781964199,78.24999165003081,99.0,70.0868839093326,True
63.05443844061544,1.1273403498136592,-0.6505542035032474,0.0,0.0,1.0,1.0,0.0,8.0,0.5289885160340673,0.0,0.0,1.0,0.0,0.0,1.0,0.0,0.0,0.0,0.0,0.0,0.0,-0.2638677854339254,-0.577822554646524,40.99090502850195,1.7313949286972476,0.3785424113335,-0.6166598681841574,C1=CC=CC=C1,nanocomposite,碳纳米管(苯环近似)_变体815,66.73220424899664,54.77419040859974,47.99520050809645,60.91451624693909,False
138.2472625290194,-0.5822446307273929,7.120098836660801,0.0,0.0,0.0,0.0,0.0,3.0,-0.5259864349867949,0.0,1.0,0.0,1.0,1.0,0.0,0.0,0.0,1.0,0.0,1.0,0.0,0.7916355248419453,1.432261663488689,46.94859759153058,3.084532110067239,0.6541598916148985,0.5534329192011871,[Cu]O[Cu],nanocomposite,Cu2O纳米粒子_变体816,70.0149762528188,57.625880993590414,99.0,66.65456644644559,False
255.0957087927537,2.275380023468053,19.417728351918885,0.0,2.0,2.0,0.0,0.0,13.0,0.5623940662135877,0.0,0.0,0.0,1.0,1.0,0.0,1.0,1.0,1.0,0.0,0.0,1.0,-0.2850513076317024,1.7028541020756789,33.742184400157946,0.0903599835954434,-0.8142266829379519,0.3593256664113836,[Cu]O[Cu].C[Si](C)(C)O[Si](C)(C)C,nanocomposite,Cu2O/PDMS复合_变体817,81.6365602607216,75.50458745317664,93.75880317376269,73.76200189421243,False
233.9937511664704,2.8325932717681117,16.494851042767305,0.0,0.0,0.0,1.0,1.0,12.0,0.4239735411448758,4.0,0.0,0.0,0.0,2.0,0.0,0.0,1.0,0.0,1.0,0.0,0.0,0.9830915091459028,2.021740875086222,27.651988288943784,2.436634804386129,0.6421885376381329,-0.7404504891739971,[Zn]=O.FC(F)(F)C(F)(F)F,nanocomposite,ZnO/氟碳复合_变体818,86.86944960534554,88.83047047985679,97.84581223592647,85.79877171218308,False
160.35316238638657,0.0472457393924503,16.885152150565844,0.0,0.0,0.0,0.0,0.0,3.0,-0.09955811922451,0.0,0.0,1.0,0.0,0.0,0.0,0.0,0.0,0.0,0.0,0.0,0.0,-0.7029763317928364,3.5640117878140822,36.20127280374823,0.2153858774820818,-0.1710005640641424,-0.1467203583658434,[Ce]=O,nanocomposite,CeO2纳米酶_变体819,69.74446071624745,69.65051832255816,73.17760620693076,67.18182835522188,False
56.69889585611541,-0.049605108561259,0.2738646581225937,0.0,0.0,0.0,1.0,0.0,1.0,-0.1710819901319731,0.0,0.0,0.0,0.0,0.0,0.0,0.0,0.0,1.0,0.0,0.0,0.0,0.493565260262209,-0.6039537854423386,38.21577267329158,1.6818355190619705,0.110111363858112,-0.1062154003633554,[Cu],nanocomposite,Cu纳米粒子_变体820,68.49071880253662,52.56475348003747,99.0,61.418490768275056,True
344.7117927361149,2.736914925411946,22.191556423052923,0.0,2.0,2.0,0.0,0.0,14.0,0.4430366971737904,0.0,0.0,0.0,0.0,1.0,0.0,1.0,0.0,0.0,1.0,0.0,0.0,0.377486662235397,2.646773843061935,33.71827892269304,1.1494624821667647,0.1132973651710129,0.6099288624199736,[Cu]O[Cu].C[Si](C)(C)O[Si](C)(C)C,nanocomposite,Cu2O/PDMS复合_变体821,81.23700568958367,79.69751592880844,99.0,77.33660459586578,True
258.70862250106734,2.1291624009421293,32.64618543356674,0.0,2.0,3.0,0.0,0.0,11.0,0.406481829406883,1.0,0.0,0.0,0.0,3.0,1.0,2.0,0.0,1.0,0.0,0.0,1.0,0.4196208439108257,2.589005226271107,33.04495469253479,2.4154282525951327,0.4387577627539116,-0.3052306935822826,[Zn]=O.C[Si](C)(C)O[Si](C)(C)C,nanocomposite,ZnO/PDMS复合_变体822,77.81216374022478,76.07168848860296,94.2590340365272,76.19078967262868,False
226.14582553631595,3.4912747019794805,61.24691578252664,0.0,3.0,2.0,0.0,0.0,13.0,0.6938151792498184,1.0,0.0,0.0,1.0,3.0,0.0,2.0,0.0,0.0,0.0,0.0,0.0,-0.6490348756285645,6.4171795249546655,25.22128090332196,-0.1610122662728441,-0.322204557662668,1.1852807821932445,O=[Ti]=O.C[Si](C)(C)O[Si](C)(C)C,nanocomposite,TiO2/PDMS复合_变体823,74.51377432752086,79.04404509089656,75.6768813064464,79.11122813773338,False
302.3958555215879,1.9754004832106615,4.871000156873723,0.0,1.0,3.0,0.0,0.0,7.0,1.4700293213658933,0.0,0.0,0.0,0.0,1.0,0.0,2.0,0.0,1.0,0.0,1.0,0.0,0.506913804088868,0.5158705155364431,30.55639596039591,0.0220938578036036,-0.0094307691492787,-0.4681058544123174,[Ag].C[Si](C)(C)O[Si](C)(C)C,nanocomposite,Ag/PDMS复合_变体824,77.27392123172412,78.34485623074526,99.0,74.18833273847684,True
97.17742715799515,0.0430363244197039,0.7456488187957512,0.0,0.0,0.0,0.0,0.0,2.0,0.6554208902665063,0.0,0.0,0.0,0.0,0.0,0.0,0.0,0.0,1.0,0.0,1.0,0.0,0.4020634867269548,-0.5313350454184432,34.1309397060236,2.7536843762952485,-0.0301727055272761,-0.1232747274651355,[Ag],nanocomposite,Ag纳米粒子_变体825,67.67592759352482,56.76103586652794,99.0,67.08357973386877,True
74.65560644693858,0.4317945590315394,17.007211292694336,0.0,0.0,0.0,0.0,1.0,1.0,-0.0061430804178621,0.0,0.0,0.0,2.0,1.0,0.0,0.0,1.0,0.0,0.0,0.0,0.0,-0.4443550395771378,4.790926604196355,36.35975675802116,1.651756812530333,0.8229765827545577,0.2116167123139434,[Zn]=O,nanocomposite,ZnO纳米粒子_变体826,67.8569315642086,53.668644148429465,87.22277071867782,68.52073028334361,False
260.4824666043788,2.5535804118245045,10.17305501899302,1.0,1.0,3.0,0.0,0.0,12.0,0.1609406057439322,0.0,0.0,0.0,1.0,2.0,0.0,4.0,0.0,0.0,0.0,1.0,0.0,-0.2255926575990652,2.008338158208929,33.326448068727096,0.4859390289691793,-0.0212394678227981,-0.2993997238018313,[Ag].C[Si](C)(C)O[Si](C)(C)C,nanocomposite,Ag/PDMS复合_变体827,78.39105190619746,74.3249481708038,98.04181434604558,74.68514832641064,False
113.09659962607432,0.2139492468229685,18.00775315722288,0.0,1.0,0.0,0.0,0.0,3.0,-0.0824142195872315,0.0,0.0,1.0,0.0,1.0,0.0,0.0,0.0,0.0,1.0,0.0,0.0,-0.4896085861009159,3.2623897601383467,40.41540942872425,1.243764649902539,1.7963260429227854,0.7803192001525043,[Zn]=O,nanocomposite,ZnO纳米粒子_变体828,62.81115312648936,54.38605344260543,91.0471436442556,64.02875276526377,False
101.26989616690273,1.3851132630460172,0.7268980260361251,0.0,0.0,0.0,1.0,1.0,5.0,-0.1003405656064425,0.0,0.0,0.0,0.0,0.0,0.0,0.0,0.0,0.0,0.0,1.0,0.0,0.1208748377735806,-0.0927406228657718,31.487616894645367,1.34653202938396,-0.2375638698204153,-0.4052498704592703,C1=CC=CC=C1,nanocomposite,碳纳米管(苯环近似)_变体829,68.1394052595413,61.12508010100816,67.90321322602583,62.47919175489295,True
186.220471178928,2.579521037282128,57.04626714126319,2.0,3.0,1.0,2.0,1.0,12.0,-0.2912636230091655,0.0,0.0,0.0,1.0,4.0,1.0,0.0,0.0,0.0,0.0,0.0,0.0,0.3538629104560012,7.72150348810969,30.60690803254066,2.949507201491288,0.5285516648790226,0.829989286909116,C1=CC=C2C(=C1)C(=O)C(=C2O)O,nanocomposite,氧化石墨烯片_变体830,72.87947848371834,53.19116901391352,86.60270123400112,64.85515611929388,False
286.0170861553703,1.8563421801766125,12.402317064897698,0.0,1.0,2.0,1.0,0.0,12.0,1.2300727909862732,0.0,0.0,0.0,0.0,0.0,0.0,3.0,1.0,0.0,0.0,1.0,0.0,0.5046635525168546,1.7033162204445649,25.49394221472985,0.4760304018224472,0.208570839497,0.6101102935776004,[Ag].C[Si](C)(C)O[Si](C)(C)C,nanocomposite,Ag/PDMS复合_变体831,82.18328155149315,75.06862390540323,99.0,79.92636490317705,True
224.66796305733592,2.8735631660828838,12.756552457526428,0.0,2.0,0.0,0.0,0.0,9.0,1.1522567582185808,6.0,0.0,1.0,0.0,1.0,0.0,0.0,0.0,1.0,0.0,0.0,1.0,1.4653901867377677,0.8164826225434818,19.83494423398817,2.003684171766686,0.099251065727379,0.9812837275410023,[Cu]O[Cu].FC(F)(F)C(F)(F)F,nanocomposite,Cu2O/氟碳复合_变体832,90.14742221165022,81.2331020522482,99.0,83.59354227264068,False
327.5701410144942,3.2318562195349765,21.516219428897077,0.0,3.0,1.0,0.0,0.0,13.0,0.8472842347208809,0.0,0.0,0.0,0.0,1.0,1.0,2.0,1.0,1.0,0.0,0.0,0.0,-0.621725400962239,1.3964791927147564,28.898989942764203,0.5646230404605445,0.7464975654848613,-0.2036523759295242,[Cu]O[Cu].C[Si](C)(C)O[Si](C)(C)C,nanocomposite,Cu2O/PDMS复合_变体833,83.2313803561753,78.19348651775609,95.73250020063632,78.87528854394377,False
340.4741899741194,3.2761942527889776,19.220362182951263,0.0,2.0,5.0,0.0,0.0,23.0,0.3347158098115452,9.0,1.0,0.0,1.0,1.0,0.0,0.0,0.0,1.0,0.0,0.0,0.0,1.0168797058105818,2.3364875834091023,9.594844841946657,2.007313222644003,-0.3393044352717425,-0.178334834787862,FC(F)(F)C(F)(F)OC(F)(F)C(F)(F)OC(F)(F)C(F)(F)F,smart,全氟聚醚(SLIPS润滑液)_变体834,98.0,98.0,78.21972828920438,95.95296702128692,False
329.4607115226888,5.916527986884578,19.498047272695143,0.0,2.0,4.0,1.0,0.0,23.0,1.4687923811102612,11.0,1.0,0.0,1.0,2.0,1.0,0.0,0.0,0.0,0.0,0.0,0.0,-0.4954138249299386,1.8169771558998284,11.61295445984625,0.2491061292570706,-0.5477570768852003,-0.0812044446010814,FC(F)(F)C(F)(F)OC(F)(F)C(F)(F)OC(F)(F)C(F)(F)F,smart,全氟聚醚(SLIPS润滑液)_变体835,98.0,98.0,58.60304089244346,98.0,False
248.54275874527195,1.3543396915081212,76.26068481633601,3.0,3.0,1.0,0.0,1.0,13.0,-0.8749956141019065,0.0,0.0,0.0,0.0,3.0,0.0,0.0,0.0,0.0,1.0,1.0,0.0,0.0801821812364042,6.765814028746428,36.06464523183563,2.2732574637673864,-0.27575745044912,0.5731653663255435,O=C(O)c1ccccc1C(=O)O.[Zn],smart,MOF-5基(Zn-BDC)_变体836,76.9562735944088,77.07269368702075,94.3132223185489,78.22502167407109,True
92.28325768431807,0.7074209517861063,25.571186216410645,2.0,1.0,2.0,0.0,0.0,7.0,0.0105291239006062,0.0,0.0,0.0,1.0,1.0,0.0,0.0,0.0,0.0,0.0,0.0,0.0,-0.6159159705638829,5.762647731074644,46.08721925829956,2.6558387247282145,-0.1527109962658851,0.8219447590899759,CC(C)NC(=O)C=C,smart,NIPAM单体(温度响应)_变体837,73.17410403443856,62.61648969089169,68.60689912008985,60.88540433443776,True
98.56195432310273,0.79755409486885,20.425930475971413,1.0,1.0,3.0,0.0,0.0,8.0,-0.1789992568213427,0.0,1.0,0.0,0.0,1.0,0.0,0.0,0.0,0.0,0.0,0.0,0.0,-0.1835341753751614,2.955303346483163,33.34370180483366,1.261264022943691,-0.3801008065118495,0.6418629498519268,CC(C)NC(=O)C=C,smart,NIPAM单体(温度响应)_变体838,69.11082439209903,66.74609001904903,72.74162179457129,67.5223705553231,True
329.20931797998526,4.861757447688759,13.700930025842716,1.0,2.0,3.0,0.0,0.0,19.0,1.4681088348347897,13.0,0.0,0.0,0.0,2.0,0.0,0.0,0.0,0.0,0.0,0.0,0.0,0.9681086421029684,2.070942563415312,10.179887746497684,1.5186837617886837,0.566546488384852,0.0905605389829612,FC(F)(F)C(F)(F)OC(F)(F)C(F)(F)OC(F)(F)C(F)(F)F,smart,全氟聚醚(SLIPS润滑液)_变体839,98.0,98.0,65.25717770616949,98.0,True
238.49116077000983,0.6658240906090946,65.78482357489877,1.0,2.0,2.0,3.0,1.0,13.0,-0.1208903481736233,1.0,0.0,0.0,1.0,4.0,2.0,1.0,0.0,0.0,1.0,0.0,0.0,1.0483943415464358,5.242307470177583,42.04927734573854,2.673710532300725,0.2852910350244626,-0.3963752295640501,O=C(O)c1ccccc1C(=O)O.[Zn],smart,MOF-5基(Zn-BDC)_变体840,74.19843149165708,71.9235515387325,94.16855334179476,72.0169683225197,False
243.05282087212709,4.8986307162497456,22.368635357739635,0.0,1.0,1.0,3.0,1.0,14.0,-0.5199439496831941,0.0,0.0,0.0,4.0,1.0,0.0,0.0,0.0,0.0,0.0,1.0,0.0,0.5107713542783746,4.493888231540771,23.036451102508384,2.7938154161215647,0.0341589893178092,0.0559479139953168,c1ccc(N=Nc2ccccc2)cc1,smart,偶氮苯(光响应)_变体841,81.62482643417457,76.7393474671859,72.62486560032616,81.46986418684376,False
143.43525919976315,0.3467792632991049,30.386587087268094,1.0,2.0,3.0,0.0,0.0,8.0,-0.207374897750175,0.0,0.0,1.0,1.0,2.0,1.0,0.0,0.0,0.0,1.0,1.0,0.0,-0.1691860913921425,4.622468282583128,36.20222251604453,2.5239848139753644,1.210332778659002,0.1861455334837099,CC(C)NC(=O)C=C,smart,NIPAM单体(温度响应)_变体842,75.99431835027593,70.21457330966508,79.13821774560492,73.63655030374824,False
137.27881687477935,1.2028264786376666,16.497339300756718,1.0,0.0,1.0,0.0,1.0,8.0,0.3338028694165573,0.0,1.0,0.0,2.0,1.0,0.0,1.0,0.0,0.0,0.0,0.0,0.0,-1.12565464620157,4.375310319459561,41.1306906671245,1.763398981789695,-0.4385947439657594,1.046391270570334,CC(C)NC(=O)C=C,smart,NIPAM单体(温度响应)_变体843,66.95448499828827,69.8592703552558,61.33112485577235,68.3706517538502,False
59.25073519252568,-0.8980669747198684,-0.1001938041044041,0.0,0.0,1.0,0.0,0.0,1.0,-0.2663969279314523,1.0,0.0,1.0,0.0,1.0,0.0,0.0,0.0,1.0,0.0,0.0,0.0,-0.0196589081674041,-0.0872933805024626,47.63134561148901,2.507762604585864,0.5925349208308742,-0.0538821026021554,[Ga],smart,镓(液态金属)_变体844,72.66628838280042,83.5998233289979,70.43520817173211,72.12964609742174,False
227.4218386361337,3.894734031951032,20.73862844916787,0.0,2.0,1.0,4.0,0.0,12.0,-0.2807977227284517,0.0,0.0,0.0,2.0,1.0,1.0,0.0,0.0,0.0,0.0,0.0,0.0,0.1542755782020194,2.28671197460761,31.330912058080543,4.683093405363415,0.6342373685770586,0.353276962153811,c1ccc(N=Nc2ccccc2)cc1,smart,偶氮苯(光响应)_变体845,74.67298970928088,74.78165317376062,65.47578360506587,69.52498584790779,False
77.32289022581423,0.4540645805180794,38.69041198106244,1.0,1.0,1.0,0.0,0.0,4.0,-0.1788551750627232,0.0,0.0,0.0,0.0,2.0,0.0,0.0,0.0,0.0,0.0,1.0,0.0,-1.1979391606241818,6.541099777265029,40.24155049162521,0.7423089332114652,-0.6331408397742939,0.0092823177401872,OC(=O)C=C,smart,丙烯酸(pH响应)_变体846,67.96590486432378,59.60098082305398,62.18095795257823,62.74859853310588,False
104.90240000156273,-0.0756145541949584,0.4271305670118083,0.0,0.0,0.0,0.0,0.0,3.0,0.7302743163486123,0.0,0.0,0.0,0.0,0.0,0.0,0.0,0.0,0.0,0.0,1.0,1.0,-0.4765774101119485,-0.4834583748068825,43.39615824127734,2.7034603064160416,1.3320928072619656,0.5781795602798135,[Ti]C[Ti],smart,MXene(Ti3C2Tx近似)_变体847,72.23335389453544,71.91103929402281,78.53253050702502,70.57135169055238,True
374.29485048115066,2.174835369033082,58.26430368700567,0.0,4.0,4.0,0.0,0.0,20.0,1.3022478913459747,6.0,0.0,0.0,1.0,3.0,1.0,0.0,0.0,0.0,0.0,0.0,0.0,-0.8193371299279504,3.3543141368380005,30.8890904302624,1.9295101171683309,0.4501838605748663,0.9091702519917602,C[N+](C)(C)CCCS([O-])(=O)=O.FC(F)(F)C(F)(F)F,smart,两性离子-氟硅协同_变体848,87.4283092518348,92.18113606306542,74.34752197918942,84.03548338230632,True
65.09340649911171,0.7800151912692468,41.33595322991776,2.0,0.0,1.0,0.0,0.0,5.0,-0.5385400984249964,1.0,1.0,1.0,0.0,2.0,0.0,0.0,0.0,0.0,0.0,1.0,0.0,-0.5143621156224866,9.508282276537528,36.64260511188149,1.3102893784320804,0.8165546566533904,0.4055744354641895,OC(=O)C=C,smart,丙烯酸(pH响应)_变体849,71.26804770999351,64.57731643085044,71.76288565874893,64.46613535671399,False
114.4612967956639,1.5179090611611503,31.15996015912237,2.0,0.0,2.0,0.0,0.0,8.0,0.7235885010503113,0.0,0.0,0.0,1.0,3.0,0.0,0.0,0.0,0.0,0.0,0.0,0.0,-0.6500798655011808,3.4911171966311696,56.42987591901343,1.215476500040949,0.7551956123124922,0.6591133265241691,CC(C)NC(=O)C=C,smart,NIPAM单体(温度响应)_变体850,60.47436026110442,57.064644183355824,63.08104653704309,63.24508850576191,True
442.0536194438277,6.610362622165528,12.901083680130329,0.0,2.0,3.0,0.0,0.0,23.0,0.4035906030777423,15.0,0.0,0.0,0.0,2.0,0.0,0.0,0.0,0.0,0.0,0.0,0.0,0.3918409745181834,1.8351734420148536,11.309626408729644,1.1037611183163314,0.1840590049582026,-0.2682579201562843,FC(F)(F)C(F)(F)OC(F)(F)C(F)(F)OC(F)(F)C(F)(F)F,smart,全氟聚醚(SLIPS润滑液)_变体851,95.18406583640652,98.0,61.7405013780784,98.0,True
87.51231487451024,-0.6026133795647344,39.164117359298096,1.0,1.0,1.0,0.0,0.0,5.0,1.1084656782951512,0.0,0.0,0.0,0.0,2.0,0.0,0.0,0.0,0.0,0.0,0.0,0.0,0.3046389279823792,8.011071284922226,43.86667890973658,2.3003037528598287,-0.0420083484180513,-0.2131185238330881,OC(=O)C=C,smart,丙烯酸(pH响应)_变体852,64.58687618105299,57.35627618440361,72.59842162128466,64.70668750847184,True
196.9884395837101,1.0736394186007043,75.83881593285435,2.0,3.0,3.0,0.0,2.0,6.0,1.075512186426249,0.0,0.0,0.0,0.0,4.0,0.0,1.0,0.0,0.0,1.0,0.0,0.0,0.3960692131810807,5.948371316158397,38.92576198154133,2.147428197712274,-0.9184202629486294,0.0200334412434099,O=C(O)c1ccccc1C(=O)O.[Zn],smart,MOF-5基(Zn-BDC)_变体853,77.17663873560613,72.36246147867219,83.81994641238781,76.71616517111372,False
294.9596700152785,1.9060904808154628,13.536309502197836,0.0,2.0,5.0,1.0,0.0,24.0,0.6849239541745658,18.0,1.0,0.0,0.0,1.0,1.0,0.0,0.0,0.0,0.0,0.0,0.0,0.1988786964882198,2.549758875993765,11.443891552870042,1.2131398715514967,0.1215583062442198,0.3029381188950168,FC(F)(F)C(F)(F)OC(F)(F)C(F)(F)OC(F)(F)C(F)(F)F,smart,全氟聚醚(SLIPS润滑液)_变体854,98.0,96.65162341767125,57.964658312748746,98.0,False
52.73682843234147,0.1192795567550608,0.1881666410859409,0.0,0.0,0.0,0.0,0.0,1.0,-0.0048315387973758,0.0,0.0,2.0,0.0,0.0,0.0,1.0,0.0,0.0,0.0,0.0,0.0,-0.4382157423902036,-0.4488862272783045,41.92597086698413,2.448260642877245,0.3266633630716147,-0.7778164269151607,[Ga],smart,镓(液态金属)_变体855,74.04527736206359,86.02324665942116,58.92099073795588,81.53014469119968,False
356.07104244403746,1.7643148320682895,44.11720568075949,0.0,3.0,3.0,0.0,0.0,19.0,0.7540390068246404,8.0,0.0,1.0,1.0,4.0,1.0,1.0,0.0,0.0,0.0,1.0,0.0,0.3859851121267931,5.93495273383222,18.935920346661646,1.6872227591191895,-0.0263989098795309,0.5466125563373577,C[N+](C)(C)CCCS([O-])(=O)=O.FC(F)(F)C(F)(F)F,smart,两性离子-氟硅协同_变体856,90.95411915136653,90.82151063079098,82.0184565172795,95.26747812481756,False
103.6533674624914,0.2516087375668782,26.731470937364875,1.0,1.0,3.0,0.0,0.0,9.0,0.4451794757196851,0.0,0.0,0.0,0.0,0.0,0.0,0.0,1.0,0.0,0.0,0.0,0.0,0.0849709374587963,6.508310991133522,41.66002941179323,2.193038714729224,-0.5108058724155281,0.2906690541253816,CC(C)NC(=O)C=C,smart,NIPAM单体(温度响应)_变体857,71.47793757180915,65.18103103975304,72.44283968724646,63.35315361237991,True
262.3660981051735,2.1182822512294943,62.98541047144303,0.0,4.0,5.0,0.0,1.0,17.0,1.9563877071145583,6.0,0.0,0.0,0.0,4.0,0.0,1.0,0.0,0.0,0.0,0.0,0.0,0.2872378106981419,4.395593013225226,19.796612633710225,1.2065828924022777,-0.1831640530867929,-0.2374850187030617,C[N+](C)(C)CCCS([O-])(=O)=O.FC(F)(F)C(F)(F)F,smart,两性离子-氟硅协同_变体858,96.36012651929585,94.1023974980584,77.75769271642189,90.0887067378778,False
172.9491662519655,3.439156039283705,22.278152446402807,0.0,2.0,0.0,1.0,2.0,16.0,-0.7081704654507072,0.0,1.0,0.0,2.0,0.0,0.0,0.0,0.0,0.0,1.0,0.0,0.0,0.8323414738169195,3.1634250830194226,31.077092808237555,2.236843654333188,0.2681247957022876,0.0681265450579401,c1ccc(N=Nc2ccccc2)cc1,smart,偶氮苯(光响应)_变体859,76.42656665990604,73.6183547883747,81.81105461611543,72.79018818448127,False
61.58053603638141,-1.2861814295505765,-0.6076823890157607,2.0,0.0,1.0,0.0,0.0,1.0,0.0036563895711823,0.0,0.0,0.0,0.0,0.0,0.0,0.0,0.0,1.0,0.0,0.0,1.0,0.7359894998810811,0.2137879734601502,35.64825468999256,2.4670901947750115,-0.5000132609656017,-0.6614774711402384,[Ga],smart,镓(液态金属)_变体860,81.03240854986466,84.30587819730695,69.26683242685678,84.56581373929318,False
101.29918942703917,-0.7607191586107116,0.0731761233547879,0.0,0.0,0.0,1.0,0.0,1.0,2.101517144150807,0.0,0.0,0.0,0.0,0.0,0.0,0.0,0.0,0.0,0.0,0.0,1.0,-0.3403480253023334,0.1973559879019831,43.8829697802036,1.3529703480672444,-0.4336057742014848,0.090095614113951,[Ti]C[Ti],smart,MXene(Ti3C2Tx近似)_变体861,69.29655740825464,69.95506558098498,70.65566559739372,66.71773528162001,True
201.06169778135185,2.108708127369366,32.72626050955812,0.0,1.0,0.0,2.0,2.0,15.0,-0.7251874263037621,0.0,1.0,0.0,2.0,0.0,0.0,0.0,0.0,0.0,0.0,0.0,0.0,-0.041940774381119,2.2838391069969277,29.12286214032101,4.090095958332401,0.1709929994315189,-0.523229409299558,c1ccc(N=Nc2ccccc2)cc1,smart,偶氮苯(光响应)_变体862,77.62974716828114,73.5423083479856,66.7523008078851,73.29773414458998,False
162.2984100506492,5.20570594653727,23.435557350361893,0.0,2.0,2.0,2.0,2.0,13.0,0.1759097949396809,0.0,1.0,0.0,2.0,0.0,0.0,0.0,0.0,0.0,0.0,1.0,0.0,0.0884188076426559,2.8146334464529508,30.44781444567328,3.647938202417045,-0.2949623218615758,0.2956176175143271,c1ccc(N=Nc2ccccc2)cc1,smart,偶氮苯(光响应)_变体863,78.20114763946184,70.26547567061482,74.50692910425707,71.56081215389408,False
132.6077815798932,0.7816630390034242,33.74614062939517,1.0,1.0,2.0,1.0,0.0,5.0,0.3764973781315366,0.0,0.0,0.0,0.0,2.0,1.0,0.0,0.0,0.0,1.0,0.0,0.0,-0.1703843247120291,5.919983086343701,56.62816150768006,1.9844640254666663,-0.3924835902191724,-0.3705422594550515,CC(C)NC(=O)C=C,smart,NIPAM单体(温度响应)_变体864,65.94385426809912,56.77097188499374,77.95050458967609,62.4724775599201,False
106.50257946946132,0.3637930236516982,0.4439805538792855,0.0,0.0,0.0,0.0,0.0,2.0,2.162799837153873,0.0,0.0,0.0,1.0,0.0,0.0,0.0,0.0,0.0,0.0,0.0,0.0,-0.776224355540388,-0.732707647585506,38.12743601847255,1.896834941402905,0.7749405092671037,-0.6011678059161618,[Ti]C[Ti],smart,MXene(Ti3C2Tx近似)_变体865,72.88173877039065,67.73643763274913,72.4431821497065,72.11311149904863,True
327.2117723299485,3.779448663854245,22.148892132746624,0.0,1.0,3.0,0.0,0.0,20.0,0.5387273666350665,12.0,0.0,0.0,0.0,2.0,0.0,0.0,0.0,0.0,1.0,0.0,0.0,-0.4523256545550949,2.5672966471599468,8.37002623137978,2.5356432989198257,-0.2824955778455351,0.2702495334907395,FC(F)(F)C(F)(F)OC(F)(F)C(F)(F)OC(F)(F)C(F)(F)F,smart,全氟聚醚(SLIPS润滑液)_变体866,97.13573323971102,98.0,55.54205683241205,98.0,True
98.35679495568,0.4071332200188887,31.500851024532945,1.0,1.0,1.0,1.0,0.0,9.0,1.9165191464526383,0.0,0.0,1.0,2.0,1.0,0.0,0.0,0.0,0.0,0.0,1.0,0.0,0.2952982672635857,4.395290688802421,38.6489949984124,2.2638569274881672,0.3700081875928621,1.1035623787748912,CC(C)NC(=O)C=C,smart,NIPAM单体(温度响应)_变体867,73.18358734029087,64.92228611243976,87.4771897517153,69.07256035400758,False
124.2234827785105,0.3583572322602361,-1.0040999053830038,0.0,0.0,0.0,0.0,0.0,4.0,0.6812975455508621,1.0,0.0,0.0,1.0,0.0,0.0,0.0,1.0,0.0,0.0,0.0,1.0,-0.1375939393299612,-0.2193098942561756,31.796578568026767,1.14644051670604,0.4106104485021151,-0.0778506657337516,[Ti]C[Ti],smart,MXene(Ti3C2Tx近似)_变体868,78.06592048253914,72.02405671017532,72.36811931905179,74.69785211143743,True
104.53119208760684,1.0425753384496046,-0.373204527065717,0.0,0.0,1.0,0.0,0.0,5.0,0.7650546460302486,1.0,0.0,1.0,0.0,0.0,0.0,0.0,0.0,1.0,0.0,0.0,1.0,0.2607625703742675,-0.0387839688467775,33.59546100393987,3.1538775072731937,0.921692392237394,0.7092699862734113,[Ti]C[Ti],smart,MXene(Ti3C2Tx近似)_变体869,79.65788012982519,67.27925338551492,84.20041522299204,74.35427511654147,False
54.83854517867337,-0.1061820122992668,-0.5921761585618721,0.0,1.0,1.0,0.0,0.0,0.0,-0.5845118446096839,0.0,0.0,0.0,0.0,0.0,0.0,0.0,0.0,0.0,0.0,0.0,0.0,0.7495158027409967,-0.3430411447221608,42.92596682201286,0.4667266650247219,-0.0006667791304417,0.0501309804310994,[Ga],smart,镓(液态金属)_变体870,76.48282280663655,91.87099311934884,69.97068453223623,83.08420263426622,True
205.2616179137696,0.0234945664999903,79.08494023652779,2.0,2.0,3.0,1.0,2.0,13.0,-0.6473682458913504,1.0,0.0,0.0,0.0,3.0,0.0,0.0,0.0,0.0,0.0,0.0,0.0,0.3486322725802823,7.547889432144498,37.44780973913052,2.777254235290416,1.3045793797705234,-0.2157298903443639,O=C(O)c1ccccc1C(=O)O.[Zn],smart,MOF-5基(Zn-BDC)_变体871,78.36102622056963,70.68699724594461,83.49998650897038,72.39793246886849,True
90.12800516079724,0.4094674670523286,29.60124726930669,1.0,0.0,3.0,0.0,0.0,9.0,0.6368612957764579,1.0,0.0,1.0,0.0,2.0,0.0,0.0,0.0,0.0,0.0,1.0,0.0,0.5949714645736408,5.639745346599382,35.94211893012748,0.9988164348334236,0.2321945589082721,1.1006216374978708,CC(C)NC(=O)C=C,smart,NIPAM单体(温度响应)_变体872,71.36215613911776,69.62320430314382,82.90774524626046,65.78693931387016,False
64.67398276558097,-0.4709614550525631,-0.7207721702515665,0.0,1.0,0.0,0.0,0.0,1.0,0.3752838233039129,0.0,0.0,1.0,0.0,0.0,0.0,0.0,0.0,0.0,0.0,0.0,0.0,0.3096226681912079,0.3589723377488111,36.2222917745799,1.6339395358902824,0.30178860743168,0.0354673011909192,[Ga],smart,镓(液态金属)_变体873,74.75854903612883,88.1853323024021,62.24259884706799,83.60760357755883,True
124.84718669041214,-0.1581343905405599,0.5857006201063092,0.0,0.0,0.0,0.0,0.0,5.0,2.179327874653353,0.0,0.0,0.0,0.0,0.0,0.0,0.0,0.0,0.0,0.0,0.0,1.0,-0.4716903426478855,0.0914243274879694,46.34314054129122,1.5838279792841967,0.6850768149916433,-0.0168948477900801,[Ti]C[Ti],smart,MXene(Ti3C2Tx近似)_变体874,72.89963569463043,62.61539156447764,68.86479005845054,70.43567534444107,True
129.7002423395652,0.9854093763919702,26.978680814897302,0.0,2.0,3.0,0.0,1.0,12.0,0.3126500313264249,0.0,0.0,0.0,2.0,2.0,1.0,1.0,0.0,0.0,0.0,0.0,0.0,0.072540677669695,5.176180050641942,54.43613843854826,0.7773583764481973,0.0101447273728561,0.4055243739083946,CC(C)NC(=O)C=C,smart,NIPAM单体(温度响应)_变体875,60.79210166004572,58.84814045765327,72.96719386632736,61.68961204391759,False
251.8853744316401,2.7895712834286988,54.29767288138042,0.0,2.0,4.0,0.0,0.0,16.0,0.6778638502181487,4.0,0.0,0.0,0.0,4.0,2.0,0.0,0.0,0.0,0.0,0.0,0.0,0.943206989364862,3.446704680321091,22.56160794624377,1.0487104865794707,0.0031691758057523,0.6313931973902903,C[N+](C)(C)CCCS([O-])(=O)=O.FC(F)(F)C(F)(F)F,smart,两性离子-氟硅协同_变体876,88.51531134961724,93.6006214025691,88.24550923746065,90.6371467220828,True
72.12080704564079,-0.8863652131771462,0.4461808217987987,0.0,1.0,0.0,1.0,0.0,2.0,-0.1824247453584052,0.0,0.0,0.0,0.0,0.0,0.0,1.0,0.0,0.0,0.0,0.0,0.0,-0.3435249702751862,0.331265650326987,39.10122552527725,1.9189590709249928,-0.0051112745514148,0.3440457028421553,[Ga],smart,镓(液态金属)_变体877,76.02689438036133,84.65928282604317,52.95176315584491,76.9341122638937,True
142.8460567025592,2.690075008515491,24.47412759751271,0.0,1.0,2.0,3.0,2.0,17.0,-0.1141564323596244,1.0,0.0,0.0,2.0,0.0,0.0,0.0,0.0,0.0,1.0,0.0,0.0,0.6066335960042489,3.952555286536376,36.794745455937736,2.335062305542116,0.4826037919122916,0.987058471127336,c1ccc(N=Nc2ccccc2)cc1,smart,偶氮苯(光响应)_变体878,74.70752608405157,65.87200105719212,65.25291962729142,73.61525504513384,True
76.16639520980193,0.6074204611219198,41.37893996569022,1.0,0.0,0.0,0.0,1.0,5.0,-1.0529299235667944,0.0,0.0,0.0,0.0,2.0,1.0,0.0,0.0,0.0,0.0,0.0,1.0,-0.9865679239848348,8.669139903072821,42.19415913979115,1.6535773582182252,0.7049176623196056,0.306592557099433,OC(=O)C=C,smart,丙烯酸(pH响应)_变体879,64.38616453357564,61.57001155026891,61.22120392402252,62.84187830577541,False
96.70510812238837,0.2026479472144483,41.22807616672606,0.0,0.0,2.0,0.0,0.0,5.0,-0.5175542039703899,0.0,0.0,0.0,0.0,0.0,0.0,0.0,0.0,0.0,0.0,1.0,0.0,0.0705677874792851,12.171018335274765,39.88404973614982,1.462066214332841,0.1112448937073678,0.6409258419519054,OC(=O)C=C,smart,丙烯酸(pH响应)_变体880,63.165445699857486,66.7456236706192,68.13270543874037,64.51414948225889,True
73.90375568537738,0.5124486963831133,0.5712389615030525,0.0,0.0,0.0,0.0,0.0,0.0,-0.4906087993067051,0.0,1.0,0.0,0.0,0.0,1.0,1.0,0.0,0.0,0.0,0.0,0.0,-0.1860605097671697,0.0765812911821394,23.67802507773953,2.3204694519286035,0.5742640366114987,0.0433690799464936,[Ga],smart,镓(液态金属)_变体881,82.41428855342377,92.3586142787534,63.03147562597654,91.62107472081112,False
79.43425061054782,0.243771920629203,42.65633526274896,1.0,1.0,2.0,0.0,0.0,6.0,1.1856942059022484,1.0,0.0,0.0,1.0,1.0,1.0,0.0,0.0,0.0,0.0,0.0,0.0,0.1096398567673317,6.871789725089393,34.095102742214536,1.62663015894494,-0.0544582582514393,1.2152706248514495,OC(=O)C=C,smart,丙烯酸(pH响应)_变体882,72.43734396758174,64.01004925906749,78.35401840233325,66.27829751041895,True
316.8947829646673,3.963811763119481,20.760807695921383,0.0,2.0,4.0,0.0,0.0,15.0,1.0757112037700962,14.0,0.0,0.0,0.0,2.0,0.0,0.0,0.0,0.0,0.0,0.0,0.0,-0.2580724346791283,1.8785219928871504,11.53406158896914,1.1156594443901988,0.3030078601023077,0.8451807031496387,FC(F)(F)C(F)(F)OC(F)(F)C(F)(F)OC(F)(F)C(F)(F)F,smart,全氟聚醚(SLIPS润滑液)_变体883,96.81073760836856,96.74521659924436,58.57863548143707,94.46379050370038,True
139.2784648426652,0.3197842025115728,0.0897611870697243,2.0,0.0,0.0,0.0,0.0,3.0,1.2556192711108118,0.0,0.0,0.0,0.0,0.0,0.0,0.0,1.0,1.0,0.0,0.0,1.0,-0.3595040401215123,0.2176137086260048,34.26154576217995,2.019364559015532,0.5813514167596744,-0.7485936421610246,[Ti]C[Ti],smart,MXene(Ti3C2Tx近似)_变体884,74.10204930489815,72.0481931792273,74.38789102637693,70.39293735935732,False
218.95146671776348,0.6697158884121105,87.4595838178069,2.0,2.0,2.0,2.0,0.0,16.0,-0.7468589997686133,0.0,0.0,0.0,0.0,5.0,0.0,0.0,0.0,1.0,1.0,0.0,0.0,-0.1109459382568703,7.37958429626376,47.79084961742537,1.5692439373670255,0.0933603617171468,-0.0213168435716475,O=C(O)c1ccccc1C(=O)O.[Zn],smart,MOF-5基(Zn-BDC)_变体885,71.56416700253,71.87784469945895,83.3983852879926,68.02362526879091,True
199.3801479443993,3.7217295042176506,27.110671377889208,0.0,2.0,3.0,1.0,2.0,16.0,-0.4381948997677081,1.0,0.0,1.0,3.0,0.0,0.0,1.0,0.0,0.0,0.0,0.0,1.0,0.2892489688066251,3.146320269482072,34.89470964675363,2.996129590102289,0.4807691125886416,0.5624670797348061,c1ccc(N=Nc2ccccc2)cc1,smart,偶氮苯(光响应)_变体886,75.54930967737994,70.78839199603857,70.17227004872086,71.73521428819386,False
69.01660878492352,-0.3659661350295526,0.1567237999048282,0.0,0.0,0.0,0.0,0.0,1.0,-0.228989740464229,0.0,0.0,1.0,0.0,0.0,0.0,0.0,0.0,0.0,0.0,0.0,0.0,-0.9274508115998596,-0.6106242323185427,35.33222126725972,1.9951592493470216,-0.3171711157054173,-0.4348541203095794,[Ga],smart,镓(液态金属)_变体887,78.26201671291446,83.77277238789323,54.24000835593135,81.89816962760935,True
78.2472729952733,0.8138756073959055,32.45648272150908,1.0,1.0,2.0,1.0,0.0,4.0,0.1698136290664144,0.0,0.0,0.0,1.0,1.0,0.0,0.0,0.0,0.0,0.0,0.0,0.0,-0.0007929631366963,4.2978046735125135,44.74323968588571,1.4642643934876065,-0.1333326612926679,-0.5635499835620189,CC(C)NC(=O)C=C,smart,NIPAM单体(温度响应)_变体888,70.59422663153435,64.4766949936481,73.13148941864563,70.51844672087256,True
55.50173573423213,0.1605415817806784,35.25217737038885,0.0,1.0,0.0,0.0,0.0,4.0,-0.5088798741186612,0.0,0.0,0.0,0.0,2.0,0.0,0.0,0.0,0.0,0.0,0.0,0.0,0.7642316917642921,10.353380317074247,43.38865302768893,1.5634674222786082,0.8001161556331192,0.1365767817343027,OC(=O)C=C,smart,丙烯酸(pH响应)_变体889,66.6118057894594,59.16587289845929,77.06453853959562,62.54331772652214,True
455.93960864559966,4.728874171383926,21.294847790113742,0.0,0.0,7.0,0.0,0.0,24.0,0.7819958155398019,15.0,1.0,0.0,0.0,0.0,1.0,0.0,1.0,0.0,0.0,0.0,0.0,-0.4103347597217817,1.6698274262528203,14.41611815501818,2.9223107679660125,-0.3398731417068371,0.2284030748317434,FC(F)(F)C(F)(F)OC(F)(F)C(F)(F)OC(F)(F)C(F)(F)F,smart,全氟聚醚(SLIPS润滑液)_变体890,97.5798784122002,98.0,51.88554217623226,98.0,False
109.16371853197064,0.9065330595693042,24.54833384619299,2.0,1.0,2.0,0.0,0.0,4.0,0.6315097409664399,0.0,0.0,0.0,2.0,1.0,1.0,0.0,0.0,0.0,0.0,1.0,1.0,0.1987776778840225,7.640307389630237,42.04539740417513,2.6635484028423333,0.1192507899140967,-0.3097485974848539,CC(C)NC(=O)C=C,smart,NIPAM单体(温度响应)_变体891,69.17218905498423,63.61167213114193,81.51707607694412,65.7248619930718,False
68.72911549129941,-0.4522217489308112,0.3766487725881389,0.0,0.0,0.0,0.0,1.0,2.0,-0.2504455728052608,0.0,0.0,0.0,0.0,0.0,0.0,0.0,0.0,1.0,0.0,0.0,1.0,0.753213298129398,0.3413191910461965,36.01454757205833,0.946415192962804,0.563954275333412,-0.0308157726000968,[Ga],smart,镓(液态金属)_变体892,83.21207400155825,83.5985273327062,81.96693853444657,86.91812562200464,False
324.6260165617598,4.618751218208788,23.177909741501185,0.0,1.0,5.0,0.0,0.0,21.0,0.8230938844383526,17.0,0.0,0.0,0.0,2.0,0.0,0.0,0.0,0.0,0.0,0.0,0.0,0.1895991276834958,1.118904311260216,8.418346599660271,2.033495641917918,0.8652588153877848,0.6045128262251505,FC(F)(F)C(F)(F)OC(F)(F)C(F)(F)OC(F)(F)C(F)(F)F,smart,全氟聚醚(SLIPS润滑液)_变体893,98.0,98.0,60.3713880530729,98.0,True
122.99402815211631,-1.2391689490611393,-0.0977902332356976,0.0,0.0,0.0,1.0,0.0,3.0,0.3380476582400762,0.0,0.0,0.0,0.0,0.0,0.0,0.0,0.0,0.0,0.0,0.0,1.0,-0.7348198151432146,-0.0518012890107634,40.69135181231081,3.6693236298532295,0.6430039166760597,-0.6456605765336222,[Ti]C[Ti],smart,MXene(Ti3C2Tx近似)_变体894,77.98386556518524,67.89882106978847,69.53501383281126,77.11827015972062,True
119.06580246082976,5.073453603142342,28.91026799415714,0.0,2.0,2.0,4.0,2.0,14.0,0.5474731744937016,1.0,1.0,0.0,2.0,0.0,1.0,0.0,0.0,0.0,0.0,0.0,1.0,0.6513171777728801,2.750856575266987,24.918837390212296,4.11534554716689,1.0029279953332326,0.5553192734258318,c1ccc(N=Nc2ccccc2)cc1,smart,偶氮苯(光响应)_变体895,79.48518820562278,74.19229947110534,79.8493025083882,75.06208460523015,False
231.0678443812696,0.8329673187330806,80.97205249244703,1.0,3.0,2.0,1.0,1.0,15.0,0.7979876200746293,0.0,1.0,0.0,0.0,3.0,0.0,0.0,1.0,0.0,0.0,0.0,0.0,-0.3883681041235743,5.740618839870058,48.0695841732218,1.8922498024996848,1.4224648523110015,-0.6099553258062855,O=C(O)c1ccccc1C(=O)O.[Zn],smart,MOF-5基(Zn-BDC)_变体896,69.41931035110218,71.1288123381205,79.50513996822998,70.07198287886828,False
128.63744956151538,0.2586068290111518,0.1997556686893826,0.0,0.0,0.0,0.0,1.0,4.0,0.8825810969004625,0.0,0.0,0.0,1.0,0.0,0.0,0.0,0.0,0.0,0.0,1.0,0.0,-0.3030426404234115,-0.6658780249747385,41.59210757535592,2.3715209225065967,0.2511056203888808,-0.6062777142004601,[Ti]C[Ti],smart,MXene(Ti3C2Tx近似)_变体897,68.90602494278254,71.03976166587282,79.65052333501748,69.65816633559432,True
271.35375098125803,2.228802566730578,75.66893246852753,2.0,3.0,2.0,2.0,1.0,13.0,-0.3496064237470592,0.0,0.0,1.0,0.0,4.0,0.0,0.0,0.0,0.0,1.0,0.0,0.0,-0.6489205499536663,4.319774462276158,52.25066587199313,3.634785124902652,-0.0205973547369958,-0.771832282459207,O=C(O)c1ccccc1C(=O)O.[Zn],smart,MOF-5基(Zn-BDC)_变体898,68.75879979304099,67.24055399991576,79.77846244841693,72.04892191583406,False
63.309392788688896,0.0472716734259597,34.71309834720349,1.0,0.0,2.0,0.0,0.0,4.0,0.0401501324417544,0.0,0.0,0.0,0.0,2.0,0.0,0.0,0.0,0.0,0.0,0.0,1.0,-0.5022367362094202,10.104801112809804,42.93358975015301,1.6840514223780223,0.5690328687193633,0.1278111065344948,OC(=O)C=C,smart,丙烯酸(pH响应)_变体899,67.05689705892289,64.6051502027396,66.56832972057,62.09137082202544,True
156.2622094615563,4.314002718830426,28.9592177967916,1.0,3.0,1.0,4.0,3.0,12.0,-0.1495117494101493,0.0,0.0,0.0,2.0,1.0,0.0,0.0,0.0,1.0,0.0,0.0,0.0,-0.2926599114159,5.818025076224881,30.89572403020153,3.608144494969933,0.7690692922746327,-0.095884394801696,c1ccc(N=Nc2ccccc2)cc1,smart,偶氮苯(光响应)_变体900,74.24296628004215,72.32228743309065,72.8625805999324,75.15163039853965,False
103.31545266731328,1.23002052604025,20.98366526188832,1.0,1.0,2.0,0.0,0.0,10.0,1.2831170313017013,0.0,0.0,0.0,1.0,1.0,0.0,0.0,0.0,0.0,0.0,0.0,1.0,-0.1455077769202619,5.924865498426876,43.65227038827004,2.0433191358722773,-0.2590610216660683,0.8571495364196235,CC(C)NC(=O)C=C,smart,NIPAM单体(温度响应)_变体901,68.3482009409872,61.1665202975293,71.96404651052346,68.16278927668544,True
131.44432282893484,0.1191707831542583,31.875395744042923,1.0,0.0,1.0,0.0,0.0,6.0,0.2199878144089254,0.0,0.0,0.0,2.0,1.0,0.0,0.0,0.0,0.0,1.0,0.0,0.0,0.2628145005649232,5.226623379718864,48.35178041733631,1.860748434985172,0.7477630795633569,0.3911541369200156,CC(C)NC(=O)C=C,smart,NIPAM单体(温度响应)_变体902,67.91250005518236,62.20228946710023,83.50493711744687,72.08428618695677,True
251.9173013116744,5.417817534468525,17.166359369738743,0.0,2.0,4.0,0.0,0.0,20.0,1.594936761570633,21.0,1.0,0.0,1.0,3.0,0.0,1.0,0.0,1.0,0.0,0.0,1.0,0.1697993042910744,1.492992536558437,11.011956030080748,2.66333078285637,0.1589440956827209,0.2928382333545974,FC(F)(F)C(F)(F)OC(F)(F)C(F)(F)OC(F)(F)C(F)(F)F,smart,全氟聚醚(SLIPS润滑液)_变体903,98.0,98.0,63.41069520839966,93.987964331261,False
82.71749592011031,0.4033010555468507,23.03660257497038,1.0,2.0,1.0,0.0,0.0,8.0,-0.6551565433470257,0.0,1.0,0.0,1.0,1.0,0.0,0.0,0.0,0.0,0.0,1.0,0.0,-0.6365902010137557,8.413458150285518,34.92819189076456,1.3376655996016775,0.5502184789067753,0.0242460386002077,CC(C)NC(=O)C=C,smart,NIPAM单体(温度响应)_变体904,74.52799092423643,69.30408424139692,72.3945038904392,75.35453643847997,False
199.16850953152044,3.5374847016000635,25.89634416071033,0.0,3.0,1.0,3.0,2.0,14.0,-0.0224816295751467,1.0,1.0,0.0,1.0,0.0,0.0,0.0,0.0,0.0,1.0,0.0,0.0,-0.7551460713863235,2.777101521730564,37.151501195995614,2.731420810573758,0.9277189501818552,0.2832146075404774,c1ccc(N=Nc2ccccc2)cc1,smart,偶氮苯(光响应)_变体905,77.89802966478757,71.60003595555864,62.18220331275258,71.77718578731441,False
67.79459346964785,0.6321506886585684,27.714521076995357,1.0,2.0,1.0,0.0,0.0,5.0,0.1572453361824352,0.0,0.0,0.0,0.0,4.0,0.0,0.0,0.0,1.0,0.0,1.0,0.0,0.3534254928388463,8.886823546294913,42.49595217005109,1.956511647495932,-0.0071068692354507,0.2578355283474023,OC(=O)C=C,smart,丙烯酸(pH响应)_变体906,65.92886431735012,57.11258417956938,86.78112852551476,60.11797847064409,False
386.9776536390144,4.813249629861313,22.44724098677649,1.0,2.0,4.0,0.0,0.0,23.0,0.5117806288642064,10.0,0.0,0.0,0.0,2.0,1.0,0.0,0.0,1.0,0.0,1.0,0.0,-0.4272076172137877,1.7988055294418066,7.17825123935471,2.549983046346664,-0.1755625463998529,0.2914020349977837,FC(F)(F)C(F)(F)OC(F)(F)C(F)(F)OC(F)(F)C(F)(F)F,smart,全氟聚醚(SLIPS润滑液)_变体907,98.0,98.0,65.72662504355156,97.94511956734291,False
259.84772569671054,0.4321591080887542,84.99324896538997,3.0,1.0,0.0,2.0,1.0,13.0,1.0108490882773515,0.0,0.0,0.0,0.0,4.0,0.0,0.0,0.0,0.0,1.0,0.0,0.0,-0.2645666225198411,7.1581005400971165,40.99097298111492,1.8109266626878349,1.1226029291872084,-0.2342969855070626,O=C(O)c1ccccc1C(=O)O.[Zn],smart,MOF-5基(Zn-BDC)_变体908,72.48218179557531,68.26867568436477,86.32528983280832,73.05731534249793,True
68.7644679616058,-1.1621253807612966,-1.3348401833320604,0.0,0.0,0.0,0.0,0.0,1.0,-0.6443954983552285,0.0,0.0,1.0,0.0,0.0,0.0,0.0,0.0,0.0,0.0,0.0,1.0,-0.0469768333088274,0.4312771952636332,36.451360307981936,2.622494185608502,-0.3991005959892441,0.8236729020019649,[Ga],smart,镓(液态金属)_变体909,79.03437038404304,84.12702454608832,59.83536132081378,83.07037716547065,False
53.20546043776135,0.1943113885605539,0.0591674112530434,1.0,0.0,0.0,0.0,1.0,1.0,-0.3518133917570727,0.0,0.0,0.0,0.0,0.0,0.0,0.0,1.0,0.0,0.0,0.0,0.0,0.2089178401033272,0.2918572605439402,36.30551650679316,2.692373542237897,-1.1566972654425904,-0.2735529338323099,[Ga],smart,镓(液态金属)_变体910,80.82973482199165,88.21576833833782,70.11776781829117,85.39962582942958,False
120.8303684918779,-0.0916132977598945,47.01547796515568,1.0,2.0,1.0,1.0,2.0,9.0,-0.6928445781794796,0.0,0.0,0.0,0.0,1.0,0.0,1.0,0.0,0.0,0.0,0.0,1.0,0.612149300645519,5.1039180537362085,50.36421479509754,3.8883688632043887,-0.1476485174708381,0.5961059672471224,OB(O)c1ccccc1,smart,苯硼酸(动态键)_变体911,67.59095748325876,70.78594522608486,77.26531574274674,70.70503868426857,False
119.72708437195352,-0.5304028427470322,31.306349740858725,2.0,0.0,2.0,1.0,1.0,7.0,0.9484599481516318,1.0,0.0,1.0,1.0,1.0,0.0,0.0,0.0,0.0,0.0,0.0,1.0,-1.0247192458242869,8.529357743036682,38.555412926645175,2.726130496007744,0.6275129061958207,1.090917015993044,CC(C)NC(=O)C=C,smart,NIPAM单体(温度响应)_变体912,69.03840794248804,65.90202090498853,61.53842314594552,68.86107459451442,False
220.0412376341771,1.8939695367998923,71.00565430746681,1.0,2.0,2.0,1.0,1.0,11.0,0.3638667492959672,0.0,0.0,0.0,0.0,3.0,0.0,0.0,1.0,0.0,1.0,0.0,0.0,-0.2087830295070538,4.266095259603813,41.047437168251626,1.8930009549424227,1.6508412289301957,0.1955601574126383,O=C(O)c1ccccc1C(=O)O.[Zn],smart,MOF-5基(Zn-BDC)_变体913,67.17547426951174,74.43153974850473,78.91206282268863,73.504553531535,False
118.01123025484952,1.3464453183522365,33.12431918853319,1.0,0.0,2.0,1.0,0.0,10.0,1.020044982511208,0.0,0.0,0.0,2.0,1.0,0.0,0.0,0.0,0.0,0.0,1.0,0.0,0.8153352627910239,3.663793475093099,31.90387040129199,1.9624330124246092,0.0993939684199801,0.0945575840008726,CC(C)NC(=O)C=C,smart,NIPAM单体(温度响应)_变体914,79.47065977199115,68.03621707899676,87.02361044718214,72.93866663758863,True
122.16970627755543,1.4255206636820223,27.91340878853884,1.0,1.0,4.0,0.0,0.0,10.0,0.131512649327198,0.0,0.0,0.0,1.0,1.0,1.0,0.0,0.0,0.0,1.0,0.0,0.0,-0.3027969435469945,3.723654863156723,44.35662701053066,2.5380476337108395,0.1935939920486586,-0.1348157251207558,CC(C)NC(=O)C=C,smart,NIPAM单体(温度响应)_变体915,72.89999945992352,66.60293910331066,66.99343829739027,67.61159733547521,False
129.7525269239423,-0.8649154892069308,39.9414564530014,1.0,2.0,2.0,1.0,2.0,10.0,-0.0611050742569492,0.0,0.0,0.0,0.0,3.0,0.0,0.0,0.0,1.0,0.0,1.0,1.0,0.4649367957945228,7.149296951236753,23.69098132884548,2.179677847301175,0.1418605143192693,0.6994531896346727,OB(O)c1ccccc1,smart,苯硼酸(动态键)_变体916,82.9954942708582,81.03804985594921,80.75964982162583,78.93786097932333,False
318.0190928332901,2.2819993982168407,72.99139252340184,0.0,3.0,4.0,0.0,0.0,19.0,1.07927206519443,7.0,0.0,0.0,1.0,2.0,1.0,0.0,0.0,0.0,0.0,0.0,0.0,0.2705239211565825,1.8062767843379184,29.33393556607831,1.0416985735953013,0.0835075664221082,-0.1874133809269673,C[N+](C)(C)CCCS([O-])(=O)=O.FC(F)(F)C(F)(F)F,smart,两性离子-氟硅协同_变体917,86.17716117260797,95.34829959242263,81.98230929474848,91.41388453903728,True
209.6660933589572,3.431909536299482,18.256759347264502,0.0,2.0,2.0,1.0,2.0,8.0,0.5606827017335821,0.0,0.0,0.0,2.0,0.0,1.0,0.0,0.0,0.0,0.0,0.0,0.0,0.4078699946267373,4.42403419587666,35.869724149818595,3.8963902344948784,0.4753402582013382,-0.8795507779477025,c1ccc(N=Nc2ccccc2)cc1,smart,偶氮苯(光响应)_变体918,71.40141555172497,69.18508437195737,69.63854643490876,72.96183862949994,True
371.104101427772,4.477071384712183,11.428208780182151,0.0,2.0,5.0,0.0,0.0,15.0,1.3370878773973949,14.0,0.0,1.0,0.0,3.0,0.0,0.0,0.0,0.0,0.0,1.0,0.0,0.1060847694320597,1.1562109772428666,6.600040386751307,1.843050907010294,0.6610384823731333,-0.074963612717528,FC(F)(F)C(F)(F)OC(F)(F)C(F)(F)OC(F)(F)C(F)(F)F,smart,全氟聚醚(SLIPS润滑液)_变体919,98.0,98.0,71.66691294724204,98.0,False
61.70522652369832,-0.3268212022375141,-0.7351094487748915,0.0,1.0,0.0,1.0,0.0,2.0,-1.5639340207308314,0.0,0.0,0.0,1.0,0.0,0.0,0.0,0.0,1.0,0.0,0.0,0.0,-0.0095347061864137,-0.5786349413461617,29.326244071502195,1.7132003785348848,0.0530296351887283,0.3981103379573575,[Ga],smart,镓(液态金属)_变体920,82.46215134092222,88.32950912305213,64.62518678538515,87.82608353132788,False
187.33808800171937,2.612742926988109,28.16224138570433,0.0,4.0,2.0,3.0,2.0,19.0,0.3653571540498227,0.0,1.0,0.0,2.0,0.0,1.0,1.0,1.0,0.0,0.0,1.0,0.0,-0.9073236952576867,4.104767823316397,37.73071321638256,1.4771120681833247,-0.9152290932476432,0.185286644639684,c1ccc(N=Nc2ccccc2)cc1,smart,偶氮苯(光响应)_变体921,73.16842744488045,69.1877075060556,66.24502022528,69.9453550871602,False
98.65601831332592,3.180440762679532,22.447055260643825,0.0,2.0,3.0,1.0,1.0,13.0,-1.0825509321507123,0.0,0.0,0.0,2.0,0.0,0.0,0.0,0.0,0.0,1.0,0.0,0.0,0.0284254304069612,2.2477891144581106,31.97552983077684,2.3707237722149763,-0.0298753736929618,-0.0103798087095781,c1ccc(N=Nc2ccccc2)cc1,smart,偶氮苯(光响应)_变体922,78.58462464769778,70.98975542498995,72.0998676360525,68.15515695435101,True
105.82315648997668,-0.2732915986603972,-0.170596506096392,0.0,1.0,0.0,0.0,0.0,2.0,0.3410402647768368,0.0,0.0,1.0,0.0,0.0,0.0,0.0,0.0,0.0,0.0,0.0,1.0,-0.0604275171627133,0.4394627296220789,40.40430835693283,2.1978818029267675,0.4880287191358466,-0.0996855973649161,[Ti]C[Ti],smart,MXene(Ti3C2Tx近似)_变体923,76.98976579385362,72.06503674249807,77.15758368639128,71.89166072272077,True
81.12218825305938,1.1040405092330674,33.71031636496132,1.0,2.0,0.0,0.0,0.0,5.0,1.1186416916130475,0.0,1.0,0.0,1.0,2.0,0.0,0.0,0.0,0.0,0.0,0.0,1.0,-0.0127255465025814,14.002067358861009,40.1877245772049,0.276361225079853,-0.2733226551081045,0.8763460968402994,OC(=O)C=C,smart,丙烯酸(pH响应)_变体924,62.36302577699215,60.85700694253369,73.13825960441294,62.4973068349013,False
89.7268920360537,-0.0371468615041917,34.44239183178249,0.0,1.0,1.0,0.0,0.0,5.0,-0.6511331189844949,0.0,0.0,0.0,0.0,1.0,0.0,0.0,1.0,0.0,0.0,0.0,0.0,-0.4037974638088394,8.629860827063748,38.80175480330929,1.9534124789862068,0.3554977638633183,0.5529615141992366,OC(=O)C=C,smart,丙烯酸(pH响应)_变体925,70.57673217275507,61.543592158118535,66.99067713859225,64.89100624234362,True
210.20148857375457,3.410047425494703,26.983153871007808,0.0,1.0,2.0,2.0,1.0,16.0,0.4685358691158786,0.0,0.0,0.0,3.0,0.0,1.0,0.0,0.0,0.0,0.0,0.0,0.0,-0.7072041129646521,2.4801883282507866,31.782230386895694,2.8321726145134227,-0.077539750765864,-0.4929290385760373,c1ccc(N=Nc2ccccc2)cc1,smart,偶氮苯(光响应)_变体926,77.17221240038292,74.24385933943793,55.382452276917725,74.02255225680184,True
345.69046049092844,3.932445949329605,11.966635757924134,0.0,1.0,7.0,0.0,1.0,15.0,1.4754639637790894,17.0,1.0,0.0,0.0,2.0,0.0,0.0,0.0,1.0,1.0,0.0,0.0,0.0281218728114087,2.8237068982948617,11.658232568513622,1.0628912520500775,-0.2064605884204842,-0.4275024436802964,FC(F)(F)C(F)(F)OC(F)(F)C(F)(F)OC(F)(F)C(F)(F)F,smart,全氟聚醚(SLIPS润滑液)_变体927,98.0,98.0,67.89847382367496,95.9758741075714,False
96.18139549812652,-1.7121357803519528,39.83678957869664,1.0,2.0,0.0,1.0,2.0,12.0,0.8364857231495018,1.0,0.0,0.0,1.0,1.0,1.0,0.0,1.0,0.0,0.0,0.0,0.0,-0.5726552956589746,5.8644641175283,38.03903809220376,2.555025682816052,0.126874678140225,0.2949988219843094,OB(O)c1ccccc1,smart,苯硼酸(动态键)_变体928,75.52698768427373,78.72665663366405,67.71201759514906,73.81293822102478,False
279.3622996783216,2.5000009543648707,61.49755848628227,1.0,2.0,2.0,0.0,0.0,18.0,0.9041745664385792,9.0,0.0,0.0,0.0,4.0,1.0,0.0,0.0,0.0,0.0,0.0,0.0,0.2430782446629641,3.385690186903131,27.049308301087606,1.8252885747162853,0.4006488256063344,0.0696675711287866,C[N+](C)(C)CCCS([O-])(=O)=O.FC(F)(F)C(F)(F)F,smart,两性离子-氟硅协同_变体929,96.1179781245436,85.27204131109835,77.25869574468952,91.41948945727816,True
65.83623075133026,0.5029532040692203,36.444160093138514,1.0,1.0,1.0,0.0,0.0,9.0,0.459290942557209,0.0,0.0,0.0,0.0,3.0,0.0,1.0,0.0,0.0,1.0,0.0,0.0,0.826234960721602,7.813725927961316,40.62984963799383,2.520639981333673,-0.9607040091606543,0.588144078307672,OC(=O)C=C,smart,丙烯酸(pH响应)_变体930,65.40278758615209,65.95347997293354,80.30445638448771,63.184900533774446,False
71.4305519722454,0.8053687537717309,24.82801219594326,1.0,0.0,1.0,0.0,1.0,6.0,-0.2630438437700332,0.0,0.0,0.0,0.0,3.0,0.0,0.0,0.0,1.0,0.0,1.0,0.0,0.4176969329926496,10.85752622534499,43.02241848889955,0.8237565103885764,0.2052742702577558,0.3393275882599436,OC(=O)C=C,smart,丙烯酸(pH响应)_变体931,66.62516146409871,60.578455104518845,87.22962650083846,65.41307216677768,False
216.2994265398822,1.190057811052542,27.04604521744944,0.0,2.0,2.0,1.0,2.0,11.0,0.7430254029146696,0.0,0.0,0.0,1.0,0.0,1.0,0.0,0.0,0.0,0.0,0.0,0.0,-0.3562894835886613,0.8306747733210709,34.86911714320153,2.692985588307567,0.9803362263352698,0.3195354633892272,c1ccc(N=Nc2ccccc2)cc1,smart,偶氮苯(光响应)_变体932,73.47557724838713,66.33832542005152,67.93529164091956,73.39157456586709,True
460.5432203580901,3.662917867315436,17.965125029770974,0.0,2.0,3.0,0.0,0.0,20.0,1.2560944704307166,16.0,1.0,0.0,0.0,2.0,0.0,0.0,0.0,1.0,0.0,1.0,0.0,-1.001294354987858,1.1917002738766675,9.677975169811152,1.2372855584474247,-0.3451087659166881,1.0690725230279756,FC(F)(F)C(F)(F)OC(F)(F)C(F)(F)OC(F)(F)C(F)(F)F,smart,全氟聚醚(SLIPS润滑液)_变体933,95.91305309081008,98.0,60.25180774116863,94.65055388103607,False
114.24569721843042,-1.4495152754789682,44.05595463106927,5.0,2.0,1.0,1.0,0.0,10.0,0.014094141718596,0.0,1.0,0.0,0.0,2.0,0.0,0.0,0.0,1.0,1.0,1.0,0.0,-0.2867107568836086,6.41338901334686,36.65837859657207,1.850361082977007,0.3929510341510842,0.7026714782114756,OB(O)c1ccccc1,smart,苯硼酸(动态键)_变体934,79.99859456005055,79.75880532009838,85.9855042853158,77.23075962870969,False
61.39580134721856,0.6160377027452804,32.223965879605785,0.0,1.0,2.0,0.0,0.0,6.0,-0.9117482166074008,0.0,0.0,0.0,0.0,1.0,0.0,0.0,1.0,0.0,1.0,0.0,0.0,0.1554161145580802,12.0979340104291,46.07504554667443,2.135057152872603,0.286973421450174,1.7792094204947255,OC(=O)C=C,smart,丙烯酸(pH响应)_变体935,65.98080687813182,58.62450370973728,76.25801312052242,58.51503214622333,False
143.69605995604934,0.8656226943908046,-0.8485903889760424,0.0,0.0,0.0,0.0,0.0,4.0,1.576209115089888,1.0,0.0,0.0,1.0,0.0,0.0,0.0,1.0,0.0,0.0,1.0,1.0,-0.0305127992862364,0.6232322571982841,38.42943366025282,0.374130500448081,-0.2706916056567484,0.659057835375439,[Ti]C[Ti],smart,MXene(Ti3C2Tx近似)_变体936,77.6996658166107,63.606698468707066,78.89690444478549,69.9542271044844,False
85.34842499645475,-0.0147531861743949,49.616350152865365,0.0,1.0,1.0,0.0,0.0,5.0,0.1649434198754594,0.0,0.0,0.0,0.0,3.0,0.0,0.0,0.0,0.0,0.0,0.0,0.0,1.341700282750123,11.7906964181276,42.924591132812914,-0.1665488944883946,-0.6386601021905433,-0.2881726731067279,OC(=O)C=C,smart,丙烯酸(pH响应)_变体937,66.1117471424284,60.42153862779279,80.8762140441305,63.62596205414147,False
104.51407745833518,-1.5553022098973313,50.05346730386477,1.0,1.0,1.0,1.0,2.0,8.0,1.3166917827008218,0.0,1.0,0.0,0.0,3.0,1.0,0.0,1.0,0.0,0.0,0.0,1.0,0.7253800105430479,5.184005115558419,25.956289849941413,2.203590803823435,-0.3836706530074962,-0.0412102959054865,OB(O)c1ccccc1,smart,苯硼酸(动态键)_变体938,78.35862793179155,79.78886982908637,86.78661757875409,77.66210843318733,False
326.5313065178732,5.081478110187535,13.132145326005642,0.0,3.0,5.0,0.0,0.0,23.0,2.1286456891801264,15.0,0.0,0.0,0.0,2.0,0.0,0.0,0.0,0.0,0.0,0.0,0.0,0.4473227341702702,1.631835930025836,7.407291087788556,3.6725346669761887,-0.0001545732967029,-0.1289263691780837,FC(F)(F)C(F)(F)OC(F)(F)C(F)(F)OC(F)(F)C(F)(F)F,smart,全氟聚醚(SLIPS润滑液)_变体939,98.0,98.0,59.44128297922014,95.7023017447012,True
144.3876961108319,-1.8123887449904688,41.3090386124192,2.0,2.0,2.0,2.0,1.0,8.0,-0.5807277772606252,0.0,0.0,0.0,0.0,1.0,0.0,0.0,0.0,0.0,0.0,0.0,0.0,0.3314729858286956,5.855238766239966,37.31762189124137,3.513197337724495,-0.023732157730605,0.3665388812947864,OB(O)c1ccccc1,smart,苯硼酸(动态键)_变体940,73.28956062986178,79.35818752164195,64.6487768911856,74.4184586349066,True
100.28744954789424,0.0934382540465458,28.497590871997687,0.0,1.0,2.0,0.0,0.0,9.0,0.3069204331117358,0.0,0.0,0.0,2.0,1.0,0.0,0.0,0.0,0.0,0.0,0.0,0.0,0.3940099925252804,6.851076817131826,44.19612350035143,1.9327162768765684,0.911449549162698,0.6261807936499388,CC(C)NC(=O)C=C,smart,NIPAM单体(温度响应)_变体941,69.06825435755115,66.0213149170505,74.3439599126304,68.06943214678971,True
48.5172448873936,0.0487170463726873,48.02651745609848,1.0,1.0,2.0,0.0,0.0,5.0,-0.5676095623392573,0.0,0.0,0.0,0.0,1.0,0.0,0.0,0.0,0.0,0.0,1.0,0.0,0.307581601841619,9.154006418236966,37.35394203645305,1.4371418127718003,-0.1583124002557565,0.7476576325107169,OC(=O)C=C,smart,丙烯酸(pH响应)_变体942,66.21266956830765,68.03419923285965,80.5712831555858,64.8877337645227,True
116.6208576413727,0.9683057945092544,30.67218745725948,2.0,1.0,3.0,0.0,0.0,7.0,0.4623435702472112,0.0,1.0,0.0,0.0,0.0,0.0,0.0,0.0,0.0,1.0,0.0,0.0,-0.9314557579731648,4.283081689956598,33.76003833379672,1.1614483141004697,-0.2825761820513593,0.6728405270156834,CC(C)NC(=O)C=C,smart,NIPAM单体(温度响应)_变体943,75.77282145996755,65.47537091743438,66.90062945341177,72.73514658286845,False
429.6658817219937,2.240278649692848,62.78642698186895,0.0,3.0,4.0,1.0,0.0,24.0,0.4297273563463367,6.0,0.0,0.0,1.0,3.0,1.0,0.0,0.0,0.0,0.0,0.0,0.0,0.1244117997888824,6.304733346038294,37.87304748267783,1.6031626005704225,-0.3335336568994304,0.7495618229616574,C[N+](C)(C)CCCS([O-])(=O)=O.FC(F)(F)C(F)(F)F,smart,两性离子-氟硅协同_变体944,84.56910098475872,90.2584038379738,80.83944092270686,85.55501221516933,True
312.5423000065952,2.0215053951276443,45.69393194656491,1.0,2.0,4.0,1.0,0.0,19.0,1.731594752529101,7.0,0.0,1.0,1.0,5.0,1.0,0.0,0.0,0.0,0.0,0.0,0.0,0.5612137537640962,5.820242009803278,21.71882902010787,2.164720467460044,-0.6321538594549783,0.1599546747158141,C[N+](C)(C)CCCS([O-])(=O)=O.FC(F)(F)C(F)(F)F,smart,两性离子-氟硅协同_变体945,86.97866065280978,98.0,88.791175227689,86.35888068270921,False
331.0928750404117,0.5359323175940252,50.04241636007741,0.0,3.0,4.0,0.0,0.0,19.0,1.4273516330254576,4.0,0.0,1.0,1.0,4.0,1.0,0.0,0.0,1.0,1.0,0.0,0.0,0.0603386805245078,3.4387361637169835,27.96850597026544,1.8623878869322616,-0.1381728688101079,1.193429662760449,C[N+](C)(C)CCCS([O-])(=O)=O.FC(F)(F)C(F)(F)F,smart,两性离子-氟硅协同_变体946,90.8638652811319,92.95723232775944,85.37453834109301,88.99788758721405,False
97.42733709668902,0.775756523454146,31.0768592748069,1.0,1.0,1.0,0.0,0.0,7.0,0.440605033815992,0.0,0.0,0.0,2.0,0.0,1.0,0.0,0.0,1.0,0.0,0.0,0.0,-0.740228555759998,2.3480550551447767,47.82557571413329,1.2959761495502868,0.4774989472455686,0.2748122748306861,CC(C)NC(=O)C=C,smart,NIPAM单体(温度响应)_变体947,63.09524375055092,64.69161697336928,67.9570336814757,63.920306276840485,False
56.15504017554064,-0.5832567906076562,-0.8319326783560863,0.0,0.0,0.0,1.0,1.0,2.0,0.1959401260065311,0.0,0.0,0.0,0.0,0.0,0.0,0.0,0.0,1.0,1.0,0.0,0.0,0.6279182127379767,0.3326295133733647,36.799414137475615,1.82130867157156,-0.1472076264613002,0.135412174477342,[Ga],smart,镓(液态金属)_变体948,83.41025185944623,82.59347488779675,82.44974610842362,83.22812048925331,False
124.51304513500844,0.5561593983266829,18.34517643148424,2.0,1.0,1.0,0.0,0.0,5.0,-0.0107365290922013,0.0,0.0,0.0,0.0,0.0,0.0,0.0,0.0,1.0,1.0,0.0,0.0,0.6886887838105092,4.144555218313689,44.349554806971824,2.713693133006104,0.0347615818512516,0.6921577821191769,CC(C)NC(=O)C=C,smart,NIPAM单体(温度响应)_变体949,67.32350227569947,64.37857513216238,90.35293515938676,69.20561667972419,False
118.74402270392048,-0.2145682775914074,22.10880573993692,2.0,1.0,1.0,0.0,1.0,10.0,1.4224598711729128,0.0,0.0,0.0,1.0,0.0,0.0,1.0,0.0,0.0,0.0,0.0,0.0,-0.0306670781702202,5.536389860927878,37.435994252916274,2.5044505850262984,-0.6345969578085481,0.2569796604870322,CC(C)NC(=O)C=C,smart,NIPAM单体(温度响应)_变体950,71.14908538970454,67.13907798256861,64.76458458575091,68.70125505970509,False
77.5961001963373,-0.9179410802788158,-0.0180419293416738,1.0,0.0,1.0,0.0,0.0,2.0,-0.2853028616328972,1.0,0.0,0.0,1.0,1.0,0.0,0.0,0.0,0.0,0.0,0.0,1.0,-0.0304607082458406,0.2100011246605924,36.92327995628186,1.8989173231410208,-0.429720328854689,-0.9052869178988766,[Ga],smart,镓(液态金属)_变体951,77.50304937032703,88.61855715103044,54.71654965756476,85.72699650548836,True
188.16634603531293,2.685100982946816,26.246560729351245,1.0,1.0,2.0,2.0,2.0,15.0,0.0043761341555579,0.0,0.0,0.0,2.0,0.0,0.0,0.0,1.0,0.0,0.0,1.0,1.0,0.6005281380862221,3.454778306609424,35.151445942506655,2.6298021531115303,0.6812066469052503,0.7958194702472423,c1ccc(N=Nc2ccccc2)cc1,smart,偶氮苯(光响应)_变体952,75.41358090715907,73.26454195836875,84.5734285972231,75.76960126106279,False
302.60490837865615,2.433284194124397,55.76150518230632,0.7453559646393901,3.575294351439157,6.996413472832956,0.0,0.0,13.409068660962308,0.9447761390596384,0.0,0.0,0.0,0.7182725728680692,3.0048935638772125,0.0,1.7350622190099418,0.0,0.0,0.0,0.0,0.0,0.1398963296070577,7.486925942938548,40.082257286916544,0.6049863375118885,0.0733924295695124,0.3063794448713142,C[Si](C)(C)O[Si](C)(C)O[Si](C)(C)O[Si](C)(C)O[Si](C)(C)C,silicone_zwitterionic_hybrid,硅-两性离子杂化_变体952,76.60296999157354,79.10296999157354,59.48237599325884,75.42207899410148,False
198.9208702241565,-0.8267670735483923,95.56960227145473,2.685557009083039,3.557114568518803,6.426696324322056,0.0,0.0,15.645998042152511,0.8207416793180591,0.0,0.0,0.0,2.0,3.1784651860288964,0.0,0.8853961588178507,0.0,0.0,0.0,0.0,0.0,0.1380136536483444,8.234966985386052,40.71894795819532,1.3421290890980084,0.0861332255767492,0.3709446859626444,C[Si](C)(C)O[Si](C)(C)OC(=O)NCCCCCCNC(=O)O,silicone_zwitterionic_hybrid,硅-两性离子杂化_变体953,77.51657328557677,77.01657328557677,63.11325862846141,75.16160129990374,False
157.6509121951155,0.4444081293523612,22.56369714563805,0.0,1.3918409728043537,2.353375908910486,0.4297816604136819,0.3950114693339739,9.946365347881128,0.6589637825387737,0.0,0.0,0.0,0.4182932608342455,1.5532520340092546,0.0,1.0070977209713508,0.0,0.0,0.0,0.0,0.0,0.1707471315730946,4.161141470114739,37.3803480877499,1.8600044721861888,0.0851527882807173,0.1355446472718394,C[Si](C)(C)O[Si](C)(c1ccccc1)C,silicone_zwitterionic_hybrid,硅-两性离子杂化_变体954,86.43689301133547,88.93689301133547,67.44951440906837,85.20582510793483,False
158.9068861177597,0.8746394520781746,67.09958387161262,2.2589865224085623,3.6647335781373527,5.548866061928235,0.0,0.0,13.277675308137567,0.780023699832873,0.0,0.0,0.0,0.5010448240232185,3.643150133684972,0.0,0.9855796571343634,0.0,0.0,0.0,0.0,0.0,0.0,10.493301951504916,39.23317026676103,1.5996731074080714,0.0607513568349876,0.4353552688729303,C[Si](C)(CCOCCOCCO)O[Si](C)(C)C,silicone_zwitterionic_hybrid,硅-两性离子杂化_变体955,82.047478574638,81.047478574638,71.33798285971041,79.73323500224662,False
229.18309407296292,0.2672461359111504,56.72617744639953,1.0,3.416933930029192,6.654835694004109,0.0,0.0,13.902571986046487,1.0,0.0,0.0,0.0,0.3176584676494229,4.0,0.0,0.9929020514047484,0.6262322692823972,0.0,0.0,0.0,0.0,0.05794152171666,7.62414371279942,38.943182598670745,1.3368501330868392,0.0669746357678087,0.277169784862265,C[Si](C)(CCOCCOCCO)O[Si](C)(C)C,silicone_zwitterionic_hybrid,硅-两性离子杂化_变体956,84.10939732528217,84.10939732528217,74.58751786022574,83.07657812769753,False
295.26649216496435,0.0845114357988212,78.96542783339228,2.24526318973316,4.1717287443972975,7.337457820921671,0.0,0.0,15.715815288290004,0.8081888474337671,0.0,0.0,0.0,0.6748256182390234,5.161099919054509,0.0,1.2364001533073194,0.0,0.0,0.0,0.0,0.0,0.0,9.161151462149936,38.19486049401449,1.324823387839225,0.073371079569958,0.3981574396029175,C[Si](C)(CCOCCOCCOCCOCCO)O[Si](C)(C)C,silicone_zwitterionic_hybrid,硅-两性离子杂化_变体957,81.19019582867199,80.19019582867199,71.55215666293759,79.73313708007039,False
276.95711110439885,2.1081879480599235,55.23759014541886,1.9170452709549348,3.665847435748184,4.1194678717336615,0.0,0.0,11.79043092099118,0.8049025280754034,0.0,0.0,0.0,0.5688515353669926,3.5448395942728457,0.0,2.760147859392464,0.0,0.0,0.0,0.0,0.0,0.0,7.655718817412575,34.56696075356676,1.180071739157288,0.0636774449743121,0.3098184493958424,C[Si](C)(C)O[Si](C)(C)O[Si](C)(C)O[Si](C)(C)O[Si](C)(C)C,silicone_zwitterionic_hybrid,硅-两性离子杂化_变体958,80.13548207391749,82.63548207391749,62.30838565913399,77.89483745174223,False
210.7569331506517,0.8347236639281086,89.10812234666177,3.646857851432448,3.0,10.004613472692396,0.0,0.0,13.955336206591891,0.7817136286014421,0.0,0.0,0.0,1.947629028819772,2.59155007709076,0.0,0.6182299619746092,0.0,0.0,0.0,0.0,0.0,0.0,8.315391994530302,39.74750052896303,1.6023260483903887,0.0714546697962012,0.3901197081354562,C[Si](C)(C)NCCCCCCNC(=O)NCCCCCCN,silicone_zwitterionic_hybrid,硅-两性离子杂化_变体959,84.72823657681468,84.72823657681468,71.98258926145174,83.10976560377027,False
183.19745409932,1.2701409056600832,59.50030997162049,1.3226444626911258,1.6428709239823571,4.0,0.0,0.0,11.946341940218977,0.7955894602838305,1.1999972967317272,0.0,0.0,0.4462685074129269,2.02852346844216,0.0,1.1193507018707642,0.0,0.0,0.0,0.0,0.0,0.0,6.58267713480548,32.73166640967184,1.4316755589824968,0.0572876962576271,0.2351601867518036,C[Si](C)(C)O[Si](C)(CCC(F)(F)F)C,silicone_zwitterionic_hybrid,硅-两性离子杂化_变体960,86.43330213458265,85.93330213458265,68.84664170766611,84.05331149420785,False
258.7591088856545,0.4404567714767198,95.13986071921629,2.3044628313556084,3.380280616869749,7.311419057764704,0.0,0.0,17.019159490846032,0.8415693213166711,0.0,0.0,0.0,2.0,3.2132006828958897,0.0,0.7010669131374877,0.0,0.0,0.0,0.0,0.0,0.0628949604927866,7.832162125087612,42.12829671562393,1.3539354906493817,0.0890109392457833,0.3456662675375673,C[Si](C)(C)O[Si](C)(C)OC(=O)NCCCCCCNC(=O)O,silicone_zwitterionic_hybrid,硅-两性离子杂化_变体961,79.6202003857217,79.1202003857217,64.69616030857736,76.4841402700052,False
172.10926417747294,0.8570903910598048,42.64008167290691,0.4183560237751979,2.9895694136301896,4.470325417195122,0.0,0.0,10.802617276114072,0.9394871997781216,0.0,0.0,0.0,0.4347496395780004,2.792872119629884,0.0,0.8061209539400216,0.0,0.0,0.0,0.0,0.0,0.114991588809583,6.501095674923247,42.96429701041043,1.751801386445674,0.0703811389308035,0.2439911597335478,C[Si](C)(CCOCCOCCO)O[Si](C)(C)C,silicone_zwitterionic_hybrid,硅-两性离子杂化_变体962,85.04250488348423,85.04250488348423,75.03400390678739,84.02975341843896,False
187.97236989662383,0.8341912347485515,26.203906207768892,0.0,2.0,3.2653506830998977,0.0,0.0,11.087415665375984,0.910846122989966,0.0,0.0,0.0,0.6278275862039773,2.0,0.0,1.8659204303367556,0.0,0.0,0.0,0.0,0.0,0.1510844601069441,4.865884418498458,40.70556100410651,1.1444933850787316,0.0475499845368767,0.1958369940618752,C[Si](C)(C)O[Si](C)(C)O[Si](C)(C)C,silicone_zwitterionic_hybrid,硅-两性离子杂化_变体963,81.85209587870469,84.85209587870469,65.58167670296375,80.69646711509328,False
180.5365848954072,2.027221527098551,29.533163688316197,0.0,1.4072294569972026,3.3151678713956803,0.0,0.0,10.939177139581115,0.8692222393025406,3.250949549890448,0.0,0.0,0.3925503080446808,1.4728446783490283,0.0,1.1218157352200802,0.0,0.0,0.0,0.0,0.0,0.1552701160101528,4.998007155902174,31.515572865744325,1.490859799330499,0.0655199883638017,0.1532788965731609,C[Si](C)(C)O[Si](C)(CCC(F)(F)C(F)(F)F)C,silicone_zwitterionic_hybrid,硅-两性离子杂化_变体964,90.44291646229726,90.44291646229726,73.45433316983781,88.71004152360808,False
184.07196195074096,1.772194980447101,54.90174692529882,0.9544793833989428,2.5628823160062506,5.3831907199357865,0.0,0.0,12.2313658657372,0.8424778716028553,0.0,0.0,0.0,0.6107176623986289,2.545783668431411,0.0,1.3651260785635184,0.0,0.0,0.0,0.0,0.0,0.0,7.909160664299817,31.208919005310364,1.5132240667764645,0.0575092176997723,0.3156706497442055,C[Si](C)(C)O[Si](C)(C)O[Si](C)(CCCC)C,silicone_zwitterionic_hybrid,硅-两性离子杂化_变体965,77.96528720204577,79.96528720204577,60.172229761636615,76.27570104143204,False
237.26084581010736,2.708843080486176,35.36687107489635,0.6259961029556032,2.136836588254281,4.354424260203468,0.0,0.0,14.111307983758428,1.0,2.9921851362672736,0.0,0.0,0.5350715154703061,2.386494025425433,0.0,0.8033628356719249,0.5116444797088845,0.0,0.0,0.0,0.0,0.0880618984198291,4.342955539811396,34.250636911080186,1.4281173082270275,0.068017649320981,0.248931043373705,C[Si](C)(C)O[Si](C)(CCC(F)(F)C(F)(F)F)C,silicone_zwitterionic_hybrid,硅-两性离子杂化_变体966,87.72258716056682,87.72258716056682,71.57806972845346,86.50581101239678,False
200.2974361736525,2.91489672929239,35.6013659953507,1.1139353050435317,2.6716704021069537,3.0295971125853267,0.7432324910907759,0.3127849909979896,13.26364671583635,0.5277135270540276,0.0,0.0,0.0,0.0,2.3892480694277705,0.0,1.266218009144477,0.0,0.0,0.0,0.0,0.0,0.0,3.816309065179899,30.671816665524997,1.3853081753380894,0.1865910009126072,0.190784011389918,C[Si](C)(C)O[Si](C)(C)O[Si](C)(CCCC)C,silicone_nanocomposite_hybrid,硅-纳米复合_变体967,77.89938958780363,75.89938958780363,66.2195116702429,74.62957271146254,False
146.688297694523,1.14606166355906,24.8667928788053,0.0,1.6030952763157824,1.608736046341591,0.0,0.0,9.353275248758136,0.6629185679682912,3.648791225349072,0.0,0.0,0.0,1.5288502065137464,0.0,1.4417889001753417,0.0,0.0,0.0,0.0,0.0,0.0,7.909817720908094,24.476685727391978,1.4058671217553007,0.045069675736292,0.2805595168176147,FC(F)(F)C(F)(F)C(F)(F)[Si](C)(C)O[Si](C)(C)C,silicone_nanocomposite_hybrid,硅-纳米复合_变体968,78.04515539167548,80.54515539167548,55.53612431334038,76.53160877417284,False
256.6781501483955,0.293149712407129,51.48019183346218,0.5312862725492151,3.8803433108266807,10.110557705114196,0.0,0.0,12.649176407987197,0.5008254918682978,0.0,0.0,0.0,0.0,4.718806607706862,0.0,1.555438673876237,0.0,0.0,0.0,0.0,0.0,0.0,8.832280208559473,36.31270609097951,1.156341247744951,0.0498451406828968,0.4733760969974206,C[Si](C)(CCOCCOCCOCCOCCO)O[Si](C)(C)C,silicone_nanocomposite_hybrid,硅-纳米复合_变体969,76.39769255634762,77.89769255634762,61.01815404507809,74.57838478944333,False
239.82380543976095,0.8578110440355268,44.66171847802376,0.4893858004417473,3.766621689003173,8.321244069444404,0.0,0.0,15.302003470869415,0.4553846566172331,0.0,0.0,0.0,0.0,3.397571574351384,0.0,1.332295077831846,0.0,0.0,0.0,0.0,0.5041862431375388,0.0,6.920734659043861,38.45151463911692,1.490010338669263,0.1954363425230558,0.4305280103012701,C[Si](C)(CCOCCOCCOCCOCCO)O[Si](C)(C)C,silicone_nanocomposite_hybrid,硅-纳米复合_变体970,78.61395421402017,74.11395421402017,75.39116337121612,78.02976794981412,False
166.93462840911366,1.8991598451936789,27.373556111405275,0.3047463666765094,2.8192920155810604,10.731966154740787,0.3306395337351505,0.5511588585397036,14.154409594668511,0.3970725853892398,0.0,0.0,0.0,0.0,4.0446894987191335,0.0,0.6219067392940809,0.0,0.0,0.0,0.0,0.0,0.0,1.7874495949089722,35.41058135801294,1.3739145106846846,0.1241535983998408,0.0880611161098747,C[Si](C)(CCOCCOCCOCCOCCO)O[Si](C)(C)C,silicone_nanocomposite_hybrid,硅-纳米复合_变体971,76.71085626387895,75.71085626387895,62.96868501110316,73.09759938471527,False
295.8150535689783,2.8409510376349685,9.23,0.0,1.0,1.7060869451534613,0.0,0.0,15.12112349341938,1.0,6.325821658178692,0.0,0.0,0.0,1.0,0.0,0.6318342078795002,0.0,0.3326595844146581,0.0,0.0,0.0,0.0,1.1223058028644872,15.401816271922591,1.5319760850410291,0.0779353022027997,0.0674121401557425,FC(F)(F)C(F)(F)C(F)(F)[Si](C)(C)O[Si](C)(C)C,silicone_nanocomposite_hybrid,硅-纳米复合_变体972,88.46595418602864,89.96595418602864,75.97276334882291,86.22616793022004,False
170.25933334412633,2.338815860078176,40.41090439719664,1.0595798213097838,2.1779053139078406,5.734119215854145,0.4208126947020165,0.6298890964917139,12.757400365533822,0.3212179058218979,0.0,0.0,0.0,0.836845246840545,1.9741058535942635,0.0,0.6390831652743022,0.0,0.0,0.0,0.0,0.0,0.0,4.532952971787266,34.95851321461049,1.5997340024945967,0.1207060308303938,0.2106690570883961,C[Si](C)(C)O[Si](C)(C)OC(=O)NCCCCCCNC(=O)O,silicone_nanocomposite_hybrid,硅-纳米复合_变体973,74.72364023847081,74.72364023847081,55.97891219077665,69.85654816692957,False
155.19096180707814,2.55178136649019,6.339601533428648,0.0,0.647238187532129,1.5131039788313791,0.3759937202704848,0.5340870154779067,8.968623004318088,0.6044980809552931,1.814413317138337,0.0,0.0,0.0,0.4290178967142912,0.0,0.701322244567836,0.0,0.0,0.0,0.0,0.0,0.0,0.49817739405911,26.936772917206568,1.508773899353186,0.1020357007384415,0.0445738881064265,C[Si](C)(C)O[Si](C)(CCC(F)(F)F)C,silicone_nanocomposite_hybrid,硅-纳米复合_变体974,80.52068613064522,80.52068613064522,59.11654890451617,76.41448029145165,False
160.0937355482278,1.0128725240155174,31.36954039834763,0.5166863903772061,2.222629700102626,4.990984650862976,0.0,0.0,10.95792352884574,0.5826091852641668,0.0,0.0,0.0,0.0,2.065131006474353,0.0,0.6377052193050446,0.0,0.0,0.6986534263713586,0.0,0.0,0.0,4.570167310681325,35.50948693126226,1.3307853611695577,0.1655941997946364,0.3629490604575713,C[Si](C)(CCOCCOCCO)O[Si](C)(C)C,silicone_nanocomposite_hybrid,硅-纳米复合_变体975,74.59761728716822,71.59761728716822,74.57809382973457,74.31833210101776,False
245.1941143514902,2.870401072530824,4.372794643977056,0.0,0.5576495680576408,2.49118071720884,0.0,0.0,7.674275102224853,0.405001947688286,4.127388947913564,0.0,0.0,0.0,0.5721881048709485,0.0,1.0506342938168245,0.0,0.0,0.0,0.5879615018954174,0.0,0.0,0.6812807409130243,21.096798479906163,1.6305739869121914,0.0359610870523494,0.0182242617377837,FC(F)(F)C(F)(F)C(F)(F)[Si](C)(C)O[Si](C)(C)C,silicone_nanocomposite_hybrid,硅-纳米复合_变体976,82.09981153529269,77.09981153529269,76.77984922823416,79.61986807470488,False
233.9628558496467,2.568429133154286,24.74338796821054,0.0,2.0973754458166947,2.0,0.0,0.0,11.070235549985243,1.0,0.0,0.0,0.0,0.0,1.9733723266650156,0.0,2.0,0.0,0.0,0.4907518459824077,0.0,0.6199203133397948,0.0,3.1175316315617,31.02171062915172,1.16,0.3564769631986563,0.1918586440922643,C[Si](C)(C)O[Si](C)(C)C.[Zn],silicone_nanocomposite_hybrid,硅-纳米复合_变体977,81.43178329604565,85.43178329604565,81.94542663683652,81.70224830723195,False
261.43433621936657,3.5774721046670006,31.73042044828683,1.0385837141374838,2.494514787229223,7.474755094409359,0.6165781856440196,0.4353829096333793,17.42340221624253,0.5166029545361772,0.0,0.0,0.0,0.0,2.5241531720321007,0.0,1.4120353424562606,0.0,0.0,0.0,0.0,0.0,0.0,3.754377596336367,28.11273536587911,1.6275000191792317,0.1764894565064998,0.1990823185767852,C[Si](C)(C)O[Si](C)(C)O[Si](C)(CCCCCCCC)C,silicone_nanocomposite_hybrid,硅-纳米复合_变体978,82.72252340575179,80.22252340575179,70.27801872460142,78.30576638402624,False
232.69860090965824,0.9347095305761428,32.45263370628317,0.4741467731951427,2.2519727638266764,5.111165622195067,0.0,0.0,9.044300810984844,0.6709466336148424,0.0,0.0,0.0,0.0,2.826551626064843,0.0,0.6539560385418085,0.0,0.0,0.0,0.0,0.0,0.0,4.053376642377767,36.22862214224999,1.3426321757520363,0.0382165882704915,0.3891786683443765,C[Si](C)(CCOCCOCCO)O[Si](C)(C)C,silicone_nanocomposite_hybrid,硅-纳米复合_变体979,77.83616106954983,77.83616106954983,71.76892885563986,77.48531274868488,False
313.6446316070819,3.27046291126776,29.062467655134867,0.0,2.836935758550694,4.171158243883903,0.0,0.0,12.251818189683998,0.4062993430012016,0.0,0.0,0.0,0.0,2.764393961595399,0.0,2.206695718410651,0.0,0.0,0.0,0.0,0.0,0.0,2.8952636871499298,32.6615199679287,0.8225250854720236,0.0493422939982585,0.3889236503019949,C[Si](C)(C)O[Si](C)(C)O[Si](C)(C)O[Si](C)(C)O[Si](C)(C)C,silicone_nanocomposite_hybrid,硅-纳米复合_变体980,72.69223497118223,76.19223497118223,60.153787976945786,73.38456447982756,False
157.82080535864648,1.6483736099880308,18.08081349063613,0.0,1.4356108268218633,1.1764248718979151,0.5491048455872961,0.6548843972166787,6.479932203449158,0.3154955759500738,0.0,0.0,0.0,0.0,1.3021618575837817,0.0,1.440640313867331,0.0,0.0,0.0,0.0,0.0,0.0,4.963381886116333,35.40910249034994,1.568092435433709,0.091366411793658,0.3043830107516806,C[Si](C)(C)O[Si](C)(c1ccccc1)C,silicone_nanocomposite_hybrid,硅-纳米复合_变体981,75.03266017067062,79.53266017067062,50.52612813653651,73.52286211946944,False
137.24132279508092,-0.2519757225482547,78.91082838022456,2.30475494035745,2.3739840992542707,2.4868107313612917,0.0,0.0,9.0,0.6347740078257912,1.0765128616762347,0.0,0.0,0.6932975897791954,3.2824416928812896,0.0,0.0,0.0,0.0,0.0,0.0,0.0,0.0,8.677974133712846,40.18022600072246,1.9535663727951256,0.045,0.4061072452544986,OC(=O)CCC(F)(F)F,fluoropolymer_zwitterionic_hybrid,氟-两性离子杂化_变体982,86.25680289159861,85.75680289159861,69.90544231327888,82.97976202411903,False
142.14785372252527,0.953432319181063,36.10145651125684,0.0,1.00909265367396,2.316884115462225,0.0,0.0,8.736773389296568,0.5304906788009688,2.644391259224484,0.0,0.0,0.477575109333724,1.2225026350474422,0.58325977358647,0.0,0.0,0.0,0.0,0.0,0.0,0.0909934141826538,4.000290920647532,37.34431988942943,2.006898989232793,0.0377637887319338,0.1809367959012781,FC(F)=C(F)F,fluoropolymer_zwitterionic_hybrid,氟-两性离子杂化_变体983,76.8081791378442,75.8081791378442,58.446543310275366,72.26572539649095,False
180.2982423883828,1.1207026966343978,7.328256034222887,0.0,0.4379899858544447,1.5447953708047084,0.0,0.0,12.0801220316186,1.0,4.164912198059485,0.0,0.0,0.0,0.4261978404600329,0.5505982072752225,0.0,0.0,0.0,0.0,0.0,0.0,0.2567945880147845,2.1617871119467766,31.36493019066168,2.046254771672335,0.0471829148747118,0.0978026971956978,FC(F)(F)C(F)(F)C(F)(F)C(F)(F)C(F)(F)F,fluoropolymer_zwitterionic_hybrid,氟-两性离子杂化_变体984,81.02554639857539,81.52554639857539,62.12043711886031,78.41788247900277,False
130.98779862667317,0.5106709980172571,38.72467200559447,0.6330935143130045,1.4072221857151046,1.5677276857774092,0.534925525810619,0.5667262700062778,8.61879949751237,0.4332942236082431,0.6970552703389827,0.0,0.0,0.599990384239709,2.0,0.0,0.0,0.0,0.0,0.0,0.0,0.0,0.1715367181936308,7.139217033793383,43.49692275674587,2.2371321325142377,0.0930516882302395,0.2285046677132196,OC(=O)c1ccc(F)cc1,fluoropolymer_zwitterionic_hybrid,氟-两性离子杂化_变体985,86.66834267320769,86.66834267320769,70.43467413856615,84.56783987124538,False
215.17117588031348,0.903845616972474,32.56037172221929,1.1602656587679885,1.7289859399148573,3.202905020143461,0.0,0.0,13.167750442727977,0.8899694009019109,4.352702061471796,0.0,0.0,1.1876146546736404,0.6467040675591547,0.0,0.0,0.0,0.0,0.0,0.0,0.0,0.1330988582009045,5.44984733388034,36.99325834670584,1.9939800665970249,0.0619512676012362,0.2983915498408736,FC(F)(F)C(F)(F)C(F)(F)C(F)(F)C(F)(F)F,fluoropolymer_zwitterionic_hybrid,氟-两性离子杂化_变体986,78.52567415124592,77.02567415124592,58.42053932099674,73.61797190587215,False
193.38361314860015,1.7145995503529965,30.66851882898146,0.6146864009413476,1.0,2.3924403469301687,0.0,0.0,11.460684179167584,0.9116605128181644,3.967188195023245,0.0,0.0,0.0,1.503147784022847,0.6820812129938272,0.0,0.0,0.0,0.0,0.0,0.0,0.1907158372600351,3.5913563461696896,34.289889791293774,2.023184711032245,0.0634561748904847,0.1596367035755914,OC(=O)C(C)CC(F)(F)C(F)(F)C(F)(F)F,fluoropolymer_zwitterionic_hybrid,氟-两性离子杂化_变体987,91.52489848990405,92.02489848990405,74.61991879192324,89.66742894293283,False
215.8038192797372,1.5232136687955296,49.532807632068206,0.4902585775046535,2.337270765597048,3.688340088597433,0.6571677340018713,0.6433601326498295,13.548955179818666,0.6620531477611813,2.4872206082644284,0.0,0.0,0.3899764953197,2.560873722977905,0.6873219275080229,0.0,0.0,0.0,0.0,0.0,0.0,0.0609627648610029,5.420562893077029,30.911313310299143,2.1224944814415903,0.1318587426830883,0.2187648684440321,FC(F)(F)C(F)(F)c1ccc(CC(=O)O)cc1,fluoropolymer_zwitterionic_hybrid,氟-两性离子杂化_变体988,87.39100242324125,86.89100242324125,69.712801938593,84.87370169626887,False
169.2324600788443,1.186100575319771,61.16142449067458,1.6938508231884917,2.0786097103540597,2.69798324811542,0.3074699172241279,0.578424882433715,13.66355051143471,0.4780553172914973,3.4770184774552924,0.0,0.0,0.4938490488921438,2.3490121753375943,0.0,0.0,0.0,0.0,0.0,0.0,0.0,0.0,8.218906830334543,33.21665001355103,2.087696239463057,0.1257276337820961,0.3476409105827314,FC(F)(F)C(F)(F)c1ccc(CC(=O)O)cc1,fluoropolymer_zwitterionic_hybrid,氟-两性离子杂化_变体989,81.38754030375756,80.38754030375756,63.91003224300604,79.42127821263028,False
145.98259478185858,0.6073466386614268,44.20283977077295,0.4056107195791718,1.4276629811199584,2.096148067226605,0.0,0.0,8.180977455311005,0.3312750375373892,2.103650871892916,0.0,0.0,0.665302323460821,1.2093622567534248,0.0,0.0,0.6347586442300642,0.0,0.0,0.0,0.0,0.1234538868737768,3.605578191487034,39.83315289146583,2.007549810801605,0.041114231798843,0.1275177848917284,FC(F)=C(F)F,fluoropolymer_zwitterionic_hybrid,氟-两性离子杂化_变体990,73.91038805318716,73.41038805318716,56.72831044254973,70.88727163723101,False
152.59371820917423,1.0391694015041837,41.18724700320914,0.5221148434375591,1.0263104684603062,1.9154092739797253,0.0,0.0,8.57679796021256,0.4670469549066518,1.568502837940699,0.0,0.0,0.3866772048076194,2.2992495037516383,0.0,0.0,0.4760416756813681,0.0,0.0,0.0,0.0,0.0906121122822192,5.062272954059145,40.2481032573417,2.005297329820091,0.0396225254841123,0.1710203402336007,FC(F)=C(F)F,fluoropolymer_zwitterionic_hybrid,氟-两性离子杂化_变体991,80.29632201801417,79.79632201801417,61.837057614411336,75.35742541260991,False
203.96057899107063,0.5108733356927353,45.92961792638872,0.6334443489471638,1.6340910176959336,2.9021325312146877,0.0,0.0,11.822810511139576,0.8321842697588159,3.6034091219946696,0.0,0.0,0.5671138999172469,2.627363645533657,0.3183033227349136,0.0,0.0,0.0,0.0,0.0,0.0,0.1090395632159133,5.495841205762015,35.7458989919735,1.9918597815081047,0.0610621110297627,0.1945745676550772,OC(=O)C(F)(F)C(F)(F)C(F)(F)F,fluoropolymer_zwitterionic_hybrid,氟-两性离子杂化_变体992,82.03711967635856,81.53711967635856,68.02969574108685,81.27598377345099,False
318.5946133038675,2.6206754477962777,46.88899361024925,0.8440937543424403,2.006879631612064,4.639811491795274,0.0,0.0,20.331023419870004,0.8638107410759055,7.0629372326002136,0.0,0.0,0.748137870920417,0.7942454215858121,0.0,0.0,0.0,0.0,0.0,0.0,0.0,0.0721199472348915,5.968279487012127,30.367478288289853,1.94912842228069,0.084101797390995,0.2345519415610924,FC(F)(F)C(F)(F)C(F)(F)C(F)(F)C(F)(F)C(F)(F)C(F)(F)C(F)(F)F,fluoropolymer_zwitterionic_hybrid,氟-两性离子杂化_变体993,77.28355176158126,75.28355176158126,58.326841409265015,73.34848623310688,False
261.2191852048925,1.8931224924425505,28.319627029945718,0.0,1.9245187120900051,4.602247708084969,0.0,0.0,17.825976339832437,1.0,10.857387302501454,0.0,0.0,0.5576171346270954,1.9190772317312748,0.5636661490135955,0.0,0.0,0.0,0.0,0.0,0.0,0.0943763760812688,4.660027693807698,24.199836912533563,1.9633125188648728,0.0850995526941055,0.1733107192601947,FC(F)(F)C(F)(F)C(F)(F)C(F)(F)C(F)(F)C(F)(F)C(F)(F)C(F)(F)F,fluoropolymer_zwitterionic_hybrid,氟-两性离子杂化_变体994,80.39297525520178,78.89297525520178,61.71438020416143,76.62508267864125,False
165.78408485475046,-0.8761483840125144,73.79216798599145,1.369295746630836,2.2848604113290487,3.1293469700819583,0.0,0.0,10.767680911620625,0.770617959860603,4.102878168892988,0.0,0.0,0.67629919469237,2.0,0.0,0.0,0.0,0.0,0.0,0.0,0.0,0.0977139442559377,5.645023227437557,36.981960297351286,1.983223305131096,0.0563649586017335,0.3351986105651783,OC(=O)C(F)(F)C(F)(F)C(F)(F)F,fluoropolymer_zwitterionic_hybrid,氟-两性离子杂化_变体995,80.6624446968482,79.6624446968482,66.02995575747856,79.21371128779373,False
255.3187749523231,0.9576480571123702,57.54166345376776,0.8411998206808042,2.4970939361639517,6.5318680754352725,0.0,0.0,16.392021230775352,0.9203476319596962,3.030024725257797,0.0,0.0,1.452104810404654,2.583805000322268,0.6128365513176413,0.0,0.0,0.0,0.0,0.0,0.0,0.0626334844862611,5.9048247682655255,33.4241471336524,1.9423190204123144,0.0849958393991735,0.2388234089791353,FC(F)(F)C(F)(F)CC(=O)NCCCCCCNC(=O),fluoropolymer_zwitterionic_hybrid,氟-两性离子杂化_变体996,81.74296389937479,81.24296389937479,68.59437111949983,80.77007472956235,False
135.45445755817389,1.989000386535082,35.96904198556765,0.4285607966631377,1.639482481721844,1.3710376976138576,0.3882262642234503,0.4976612894392382,11.578599167545834,0.1692156466740664,2.371869809563458,0.0,0.0,0.0,2.0,0.0,0.0,0.0,0.0,0.0,0.0,0.6333321360974208,0.0,7.0096226332962015,34.80762281465503,2.102343997964088,0.2666121325462799,0.3977003964306261,FC(F)(F)C(F)(F)c1ccc(CC(=O)O)cc1,fluoropolymer_nanocomposite_hybrid,氟-纳米复合_变体997,79.64659448874733,75.64659448874733,68.61727559099786,78.60261614212313,False
210.8615529353618,3.014867555486329,0.0,0.0,0.0,0.6981476304266844,0.4311890417259416,0.3633035646113373,10.108453202751727,0.6515010978050144,6.126125768137598,0.0,0.0,0.0,0.0,0.0,0.0,0.0,0.0,0.0,0.0,0.0,0.0,0.0,23.651261850048613,2.1479364855762544,0.0989272448948149,0.0,FC(F)(F)C(F)(F)C(F)(F)C(F)(F)C(F)(F)F,fluoropolymer_nanocomposite_hybrid,氟-纳米复合_变体998,69.38080094920875,68.38080094920875,46.204640759367,63.86656066444612,False
165.57607256995655,1.75811881404475,24.00419701575009,0.6772244847965034,1.0,0.5227860769732975,0.374077909829007,0.4333235951513549,10.0,0.6504122417951369,3.359082301314521,0.0,0.0,0.0,1.3225333183697885,0.0,0.0,0.0,0.0,0.439200684140034,0.0,0.0,0.0,3.5925605648198755,31.839507107298036,2.125709244825017,0.2634069975213252,0.148890067800716,OC(=O)c1ccc(F)cc1,fluoropolymer_nanocomposite_hybrid,氟-纳米复合_变体999,78.85832941095299,83.35832941095299,67.08666352876239,80.20083058766708,False
136.6417343604952,0.9947207150676906,9.430335315076713,0.0,0.3606825399451505,0.0,0.0,0.0,4.1121958357720265,0.0,2.5939217211915384,0.0,0.0,0.0,0.3492694264227669,0.0,0.0,0.0,0.0,0.0,0.0,0.0,0.0,1.0042559770957258,35.666122114785665,2.0,0.0174770865301857,0.2287966397726005,FC(F)=C(F)F,fluoropolymer_nanocomposite_hybrid,氟-纳米复合_变体1000,71.23124963357776,70.73124963357776,56.7849997068622,67.81187474350443,False
246.9748620341685,2.7377281232170354,40.55828937141346,0.5052635933279981,1.7429288810175558,2.5621685610523643,0.4849654248458506,0.6816227220363595,13.929010192880614,0.7090822420931353,3.3228629015022406,0.0,0.0,0.0,2.6959325102321245,0.0,1.176958064950559,0.0,0.0,0.0,0.0,0.3131724663892248,0.0,3.5599550595905134,29.469481372222027,1.599246779129522,0.2726665792996571,0.1704523328947464,FC(F)(F)C(F)(F)c1ccc(CC(=O)O)cc1,fluoropolymer_nanocomposite_hybrid,氟-纳米复合_变体1001,85.08082062416621,89.08082062416621,72.86465649933297,85.00657443691635,False
176.19674144466333,1.8491781748256,16.782081861724496,0.5782223450835297,0.4749124549434125,2.7770435957954573,0.0,0.0,7.082298417277458,0.548481103961697,2.903952332744323,0.0,0.0,0.0,0.9283220397486178,0.0,0.0,0.0,0.4427023769999128,0.0,0.0,0.0,0.0,0.8855782483542056,27.12264179224052,1.957389735017652,0.0419240533066528,0.0801148522333942,OC(=O)C(C)CC(F)(F)C(F)(F)C(F)(F)F,fluoropolymer_nanocomposite_hybrid,氟-纳米复合_变体1002,80.55876022101666,76.05876022101666,73.44700817681333,76.89113215471167,False
129.9398240095167,1.358976806393298,3.448757998204544,0.0,0.4618545759525672,0.0,0.0,0.0,4.984435298650671,0.0,2.0722515859224657,0.0,0.0,0.0,0.5260202605300874,0.0,0.0,0.0,0.5882591488918923,0.0,0.0,0.0,0.0,0.951397767964645,34.34425638221131,2.0,0.0196579917687838,0.2042629724140188,FC(F)=C(F)F,fluoropolymer_nanocomposite_hybrid,氟-纳米复合_变体1003,74.3598994872432,70.3598994872432,64.28791958979456,69.00192964107023,False
121.19734793008286,0.6870030827845278,36.177681301377966,0.4543258899234016,1.3065800549907791,1.143598728724259,0.0,0.0,6.879675195141532,0.3204294827626248,0.9532370910639122,0.0,0.0,0.0,2.0,0.0,0.0,0.0,0.0,0.0,0.0,0.6608037369277739,0.0,7.390343114971498,35.657730220099054,1.978030459380289,0.2233878728298723,0.4149575996295388,OC(=O)CCC(F)(F)F,fluoropolymer_nanocomposite_hybrid,氟-纳米复合_变体1004,79.58005993659852,75.58005993659852,70.46404794927882,78.40604195561896,False
183.16116546991844,0.514121055137688,35.90702501949435,0.3419831310415124,1.5484497702412674,0.9152142072327624,0.431457524552038,0.3677419397158234,10.31508005114154,0.1514725783362043,3.086548840607568,0.0,0.0,0.0,2.0,0.0,0.5291870365966312,0.0,0.0,0.0,0.0,0.0,0.0,5.847584336483379,30.952932963390342,2.0429545423813043,0.095348770358075,0.4071938364349993,FC(F)(F)C(F)(F)c1ccc(CC(=O)O)cc1,fluoropolymer_nanocomposite_hybrid,氟-纳米复合_变体1005,74.04680399826829,76.04680399826829,51.53744319861463,72.7827627987878,False
143.92763859623398,1.1522197395668683,14.037602671203356,0.3989469006715387,0.667155902241989,0.9772541315851538,0.0,0.0,6.771505692261515,0.264165398593638,3.1943043202904664,0.0,0.0,0.0,0.8157470589702013,0.0,0.0,0.0,0.0,0.0,0.5778641578085094,0.0,0.0,1.4102560759702911,30.50289481304264,1.9875001904485117,0.029889721965293,0.0541883058498353,OC(=O)C(F)(F)C(F)(F)C(F)(F)F,fluoropolymer_nanocomposite_hybrid,氟-纳米复合_变体1006,77.34676889578003,71.84676889578003,74.77741511662403,75.49273822704602,False
227.0871446731458,1.289791277321608,42.14328123189216,1.2272351863556388,2.78183097994554,1.6012206918121838,0.0,0.0,12.614337053071308,0.9005055670248807,5.699453854064419,0.0,0.0,0.0,2.312128213890142,0.0,0.0,0.0,0.0,0.4752765366325765,0.0,0.0,0.0,3.648744006924733,25.0149066635806,1.958434117872692,0.2175993855462812,0.1581398415267659,FC(F)(F)C(F)(F)C(=O)OCC(O)CO,fluoropolymer_nanocomposite_hybrid,氟-纳米复合_变体1007,83.32628037556016,87.82628037556016,71.86102430044814,83.62839626289211,False
140.96258805451683,1.620692721619052,35.75520925061008,0.4127731871283713,1.6279015477344525,1.6707404762706797,0.3822386659987524,0.6938444318986248,12.068142836716286,0.1058589539781093,3.2183051258877637,0.0,0.0,0.0,2.0,0.0,0.0,0.0,0.0,0.0,0.0,0.5333403317611538,0.0,4.892089601295703,33.78043506866871,2.1256979058687984,0.2499710258639289,0.3303388669759109,FC(F)(F)C(F)(F)c1ccc(CC(=O)O)cc1,fluoropolymer_nanocomposite_hybrid,氟-纳米复合_变体1008,79.47070781075831,75.47070781075831,68.47656624860664,78.47949546753081,False
190.75290243320163,1.6923724391978945,25.159431652594638,0.5723019205690438,1.0,1.4500997331054373,0.0,0.0,8.888412712111128,0.3162292451494124,4.294027079970836,0.0,0.0,0.0,1.3424329723213788,0.0,0.0,0.0,0.6436337160949974,0.0,0.0,0.0,0.0,2.627157697221243,27.474196219712532,1.9472260465496911,0.0533511456270012,0.2286050449194685,OC(=O)C(C)CC(F)(F)C(F)(F)C(F)(F)F,fluoropolymer_nanocomposite_hybrid,氟-纳米复合_变体1009,82.13229204015963,78.13229204015963,74.1058336321277,79.59260442811174,False
81.69111011355136,0.7310527513067785,15.853835556249011,0.0,0.6250366458463541,0.0,0.0,0.0,4.713890011118941,0.0,2.692330504231076,0.0,0.0,0.0,0.8177053653862174,0.0,0.3010318383195667,0.0,0.0,0.0,0.0,0.0,0.0,4.452224258392882,30.73003044298799,1.817862923961009,0.0195741320579609,0.4474420288413619,FC(F)=C(F)F,fluoropolymer_nanocomposite_hybrid,氟-纳米复合_变体1010,66.37765777888363,67.87765777888363,42.60212622310691,62.21436044521855,False
312.67285553161906,3.9524046377018025,5.939780754610113,0.0,0.7645468165785296,2.0,0.0,0.0,14.019035139160508,1.0,5.550562919886659,1.0969016872466693,0.0,0.0,0.7173008404242969,0.0,0.6122817107552321,0.0,0.5503757700323304,0.0,0.0,0.0,0.0,1.0043593161314155,17.409045694101785,1.5290966476956431,0.0680737701135388,0.0724901216361195,FC(F)(F)C(F)(Cl)C(F)(F)C(F)(Cl)C(F)(F)F,fluoropolymer_nanocomposite_hybrid,氟-纳米复合_变体1011,81.11561444983735,81.11561444983735,67.49249155986988,76.18093011488615,False
128.74581034788628,-2.410027427302498,105.37630633077872,4.3930392629429225,4.129659214511085,1.351760402905986,0.3585002246522576,0.0,9.054555454935326,0.8946167021398856,0.0,0.0,0.0,1.0,4.144633861599668,0.0,0.0,0.0,0.0,0.0,0.0,0.0,0.0,12.703123559337602,47.13615289746394,2.0140802857648072,0.0871396877923614,0.5431652575568882,OC[C@H]1OC(O)[C@H](N)[C@@H](O)[C@@H]1O,hydrogel_zwitterionic_hybrid,水凝胶-两性离子_变体1012,80.26811721646696,67.26811721646696,80.81449377317357,71.58768205152687,False
180.5067522280848,-1.5623240461031564,79.43776179801038,1.5921321914141182,4.195221021448289,2.5972247731885147,0.4478425560896883,0.0,11.316297535135678,1.0,0.0,0.0,0.0,0.5780831463408169,4.565325091792681,0.5790829289043702,0.0,0.0,0.0,0.0,0.0,0.0,0.1242604573052091,9.637881028902845,47.09422356590871,2.031955952996598,0.1018274324217776,0.4100812520100877,OC[C@H]1OC(O)[C@H](O)[C@@H](O)[C@@H]1O,hydrogel_zwitterionic_hybrid,水凝胶-两性离子_变体1013,75.73595600267052,63.23595600267052,72.08876480213641,67.76516920186937,False
139.64323443857128,-2.3256624412616063,80.93803711472871,2.8883713561945297,3.786437508346173,1.4213568382203252,0.3242343101010923,0.0,10.31003730123858,0.8747233120833517,0.0,0.0,0.0,0.3700291037627308,4.53817459811635,0.0,0.0,0.0,0.0,0.0,0.0,0.0,0.1698910248984144,10.341011825210392,47.86276853577875,2.083086466654981,0.0847600488756075,0.3809264228152158,OC[C@H]1OC(O)[C@H](O)[C@@H](O)[C@@H]1O,hydrogel_zwitterionic_hybrid,水凝胶-两性离子_变体1014,76.83579853737784,64.83579853737784,73.26863882990227,69.4850589761645,False
318.1026277433889,-0.4008203567459084,82.69328428067959,1.139185373139902,6.972992219387191,11.38638240274456,0.0,0.0,20.51013842365456,0.9106201757735468,0.0,0.0,0.0,0.3958205917220723,6.179007706888081,0.5505289319310471,0.6642835508139744,0.0,0.0,0.0,0.0,0.0,0.069309507238415,7.659926780535622,43.63302179993954,1.580741595694129,0.1030033772288379,0.3136880674410371,OCCOCCOCCOCCOCCOCCOCCO,hydrogel_zwitterionic_hybrid,水凝胶-两性离子_变体1015,84.10041956376993,74.60041956376993,80.78033565101595,79.37029369463896,False
224.9676815497907,-1.5480723646307937,95.19890718751904,2.0,5.220178276028664,10.707834732124354,0.0,0.0,16.562677043053828,0.8823688808867294,0.0,0.0,0.0,0.7076623007135394,4.7461034330770735,0.0,0.0,0.0,0.0,0.0,0.0,0.0,0.080230189110505,9.621136623129312,46.98944276233847,1.841430698281978,0.082557695038777,0.4173988613169358,OCCOCCOCCOCCOCCOCCOCCO,hydrogel_zwitterionic_hybrid,水凝胶-两性离子_变体1016,79.10123266855058,68.10123266855058,74.88098613484047,72.5208628679854,False
144.4834690674934,-2.6164216396113003,107.83929431497351,3.0127560225810286,3.525830146758852,3.66634728481159,0.0,0.0,9.510372597744375,0.6439121425193661,0.0,0.0,0.0,1.2133117039355148,3.733714658306639,0.0,0.0,0.0,0.0,0.0,0.0,0.0,0.1116844897561572,12.658245325466272,48.49708850888652,1.993543997730323,0.0478689164148556,0.5246047986916185,OC(=O)C(O)C(O)C(=O)O,hydrogel_zwitterionic_hybrid,水凝胶-两性离子_变体1017,70.61669459407062,58.61669459407062,66.1933556752565,62.48168621584944,False
125.03589235217754,-1.5233433440288984,69.83651894085304,2.544202917894141,2.5275956543311358,2.5712276417397124,0.0,0.0,7.984288851102341,1.0,0.0,0.0,0.0,0.0,2.2994098963166185,0.4152541400735845,0.0,0.0,0.0,0.0,0.0,0.0,0.1967365813573033,8.868019443454292,47.32358801421269,2.071003559655096,0.0413397429871185,0.2966107948930837,OC[C@@H](O)[C@@H](O)[C@@H](O)CO,hydrogel_zwitterionic_hybrid,水凝胶-两性离子_变体1018,83.37673187118465,74.37673187118465,79.70138549694771,76.36371230982925,False
169.57129952383875,-1.3485405835374815,85.7622358710926,2.6177425871206483,3.636809086105131,4.0,0.0,0.0,10.44268482513605,1.0,0.0,0.0,0.0,0.4499283341299039,4.2881778920471785,0.5062240050539737,0.0,0.0,0.0,0.0,0.0,0.0,0.06832539750075,9.899965247113208,46.36108372187087,1.9501489048740008,0.0518758136397064,0.3963508236851961,OC[C@@H](O)[C@@H](O)[C@@H](O)CO,hydrogel_zwitterionic_hybrid,水凝胶-两性离子_变体1019,80.769621649677,70.269621649677,76.8156973197416,72.58873515477391,False
147.90013006679436,-2.2570019943923403,73.34337482944764,2.824493747061513,3.438641749762809,1.6930496145354972,0.4587697612930918,0.0,9.872691295522731,0.9344976736295184,0.0,0.0,0.0,0.4526086822972255,4.252122002415205,0.0,0.0,0.0,0.0,0.0,0.0,0.0,0.1337065440333035,10.606762207488313,47.84848897784188,2.082066779250296,0.1109727535168675,0.4159536501549831,OC[C@H]1OC(O)[C@H](O)[C@@H](O)[C@@H]1O,hydrogel_zwitterionic_hybrid,水凝胶-两性离子_变体1020,78.70515302733529,66.70515302733529,74.76412242186822,70.79360711913469,False
109.45596985011132,-1.566580226328551,63.24501913227934,1.8749893651311544,2.459006670832012,2.0,0.0,0.0,7.652944426442282,0.7310094770697266,0.0,0.0,0.0,0.4172335566868888,3.29760708279999,0.0,0.0,0.0,0.0,0.0,0.0,0.0,0.1519404258841497,10.56467605457376,46.46641279858429,2.0222127974623785,0.0377178894459311,0.4286217273980596,OC(=O)C(O)CO,hydrogel_zwitterionic_hybrid,水凝胶-两性离子_变体1021,81.11520927894148,71.11520927894148,77.39216742315318,73.78064649525903,False
138.85919913871106,-1.71730082146497,96.36171993657882,2.446752765169646,3.0,3.6112720042078017,0.0,0.0,9.510865617881764,0.6981237581578073,0.0,0.0,0.0,1.601970990969375,3.3770063140998934,0.0,0.0,0.0,0.0,0.0,0.0,0.0,0.0870177359001365,11.562558153110077,46.12496782593664,1.969681296025944,0.0476984439382239,0.4602076381141469,OC(=O)C(N)CC(=O)O,hydrogel_zwitterionic_hybrid,水凝胶-两性离子_变体1022,74.15628955608344,63.15628955608344,70.52503164486676,66.70940268925841,False
158.8988552079622,-1.1306105306231418,77.28256288135537,1.5657997513410875,2.588594197123244,2.729416849432159,0.0,0.0,9.08028899069423,0.6227277439037858,0.0,0.0,0.0,1.5039873268750132,3.2129147937029807,0.0,0.0,0.6916058512406095,0.0,0.0,0.0,0.0,0.0870881948210869,11.10750493988826,46.09307961029468,1.9836114390958424,0.046109384318742,0.4118921742103932,NC(=O)C=CC(=O)N,hydrogel_zwitterionic_hybrid,水凝胶-两性离子_变体1023,79.10618727721163,69.10618727721163,75.8849498217693,71.77433109404814,False
133.65291478882637,-1.8070682210380145,82.765131601228,2.263578954048379,3.899634156276168,1.0,0.3714511601675134,0.0,7.121938484716009,1.0,0.0,0.0,0.0,0.6042400812986513,2.238386517528099,0.545792944423181,0.0,0.0,0.0,0.0,0.0,0.0,0.1858719815776512,6.52085247076149,47.940765683247456,2.1359056948400177,0.0775931888280803,0.3274365521292067,OC[C@H]1OC(O)[C@H](N)[C@@H](O)[C@@H]1O,hydrogel_zwitterionic_hybrid,水凝胶-两性离子_变体1024,79.00419283256385,68.00419283256385,81.60335426605107,73.90293498279469,False
113.47947649724094,-1.5697339319045158,52.53785851046513,2.043727065258809,2.496570533897385,2.0,0.0,0.0,7.605175550844322,0.75864179471765,0.0,0.0,0.0,0.3229472904248884,3.0395547919137598,0.0,0.0,0.0,0.0,0.0,0.0,0.0,0.1513368133364449,11.951647971291049,46.80073523143374,2.0293282667518597,0.0384223749900191,0.3710589150331169,OC(=O)C(O)CO,hydrogel_zwitterionic_hybrid,水凝胶-两性离子_变体1025,84.46509029408652,74.46509029408652,80.07207223526922,76.12556320586056,False
237.53653470948555,-1.0402974613641032,97.97561199007932,2.3591428565843438,5.073088820747759,8.303188045660633,0.0,0.0,15.57833208265833,0.8383790544155953,0.0,0.0,0.0,0.6688311578691842,6.24661166684769,0.0,0.0,0.0,0.0,0.0,0.0,0.0,0.0,11.201717278375003,44.9584968204697,1.8195708836743572,0.0682960526261599,0.426178717363463,OCCOCCOCCOCCOCCOCCOCCO,hydrogel_zwitterionic_hybrid,水凝胶-两性离子_变体1026,82.3775940032365,71.8775940032365,77.60207520258919,74.96431580226555,False
266.62668849161827,2.328344871568813,43.39360150156354,0.9599035978500924,2.639631512333639,4.153336896233627,1.035108066183911,1.3178235527621351,16.409705851176366,0.5594733974966924,4.129098135654991,0.0,0.0,0.3487452152952128,2.713989955041822,0.0,0.0,0.0,0.0,0.6691688428867237,0.0,0.0,0.0,2.89825823891652,32.348709301301255,2.2400622242777724,0.325350617964331,0.1834252509171497,COc1ccc(CCN=Cc2ccc(O)c(OC)c2)cc1O,bioinspired_nanocomposite_hybrid,仿生-纳米复合_变体1027,84.8899426514642,78.8899426514642,87.11195412117135,78.72295985602494,False
109.50951044594524,0.7979506985082415,46.4839532697354,1.4341375203644249,2.038094816367086,0.0,1.6846267426039403,0.3441182192845952,8.287837555091885,0.4737018172918138,0.0,0.0,0.0,0.4499101185653972,1.725806329502256,0.0,0.0,0.0,0.0,0.0,0.0,0.0,0.0,7.300410494978741,40.63930713364768,2.32538363329112,0.1802848685062289,0.2841240901027471,O=C1CCCN1,bioinspired_nanocomposite_hybrid,仿生-纳米复合_变体1028,80.54080218686946,69.54080218686946,82.13264174949556,72.17856153080862,False
267.0811127476866,1.0677312956840577,46.99299197380161,2.0507946595716406,2.7683256036363937,0.6568965438691008,1.321113609230881,0.4039887456478227,14.464526960711789,0.6582526943713929,2.9359018148892195,0.0,0.0,0.3581481636988659,3.9191008986926112,0.0,0.0,0.0,0.3653897215088892,0.0,0.0,0.0,0.0,5.223231338551326,29.377857330732446,2.288129282539213,0.1334920281721313,0.2555105157304407,OC(=O)c1cc(O)c(O)c(O)c1.O=C1CCCN1,bioinspired_nanocomposite_hybrid,仿生-纳米复合_变体1029,83.9939608534793,78.9939608534793,85.99516868278344,78.9957725974355,False
156.4749623055742,0.115724622816251,55.8010365631159,1.9955659211655703,2.3922982418576115,0.3142291668136159,0.6515745514606012,0.6210546395251451,7.978908073184367,0.0,0.0,0.0,0.0,0.0,3.250384435908804,0.0,0.0,0.0,0.581635517339752,0.0,0.0,0.0,0.0,7.568613118199567,41.09483306196341,2.187304110263557,0.0868410369529122,0.3789336622268621,OC(=O)c1cc(O)c(O)c(O)c1,bioinspired_nanocomposite_hybrid,仿生-纳米复合_变体1030,80.07214287832147,70.57214287832147,84.25771430265718,72.85050001482503,False
291.2588801286076,2.384713401845419,35.1897366362968,1.3356865415630177,2.2130737478523423,2.093051502312905,1.1866755599328878,0.8107532837495307,17.481988748805872,0.5160165426046515,3.5889215595971278,0.0,0.0,0.3800354443529785,2.22062246694063,0.0,0.0,0.0,0.3503523431607609,0.0,0.0,0.0,0.0,3.888951802881561,30.32693768719875,2.366945003620635,0.1748860079173408,0.1354821015913368,COc1ccc(CCN=Cc2ccc(O)c(OC)c2)cc1O,bioinspired_nanocomposite_hybrid,仿生-纳米复合_变体1031,85.9169453302958,76.4169453302958,89.33355626423663,77.04186173120706,False
165.12986811303114,1.0613659368935964,75.85651337577619,2.621631291974502,3.378601144829216,0.3822312622273451,1.667065407661836,1.0,12.0,0.0,0.0,0.0,0.0,0.0,4.16793999198145,0.0,0.0,0.0,0.0,0.0,0.0,0.0,0.0,8.928170552049945,40.8788281417651,2.419927437865663,0.1907892075733605,0.306338895307231,OC(=O)c1cc(O)c(O)c(O)c1,bioinspired_nanocomposite_hybrid,仿生-纳米复合_变体1032,75.54754959069669,64.54754959069669,77.93803967255735,68.38328471348768,False
71.43209321889813,-0.4272051519482263,30.95028678365928,0.5692314926702863,1.457603832536866,0.0,0.4554088001383341,0.0,4.532202111345189,0.407295582388244,0.0,0.0,0.0,0.3215334797396039,1.4242819928577826,0.0,0.3139785598008071,0.0,0.0,0.0,0.0,0.0,0.0,10.48147722118068,40.19976258199233,1.7897421399618725,0.0854712679426176,0.4757401666288341,O=C1CCCN1,bioinspired_nanocomposite_hybrid,仿生-纳米复合_变体1033,70.77765201150211,66.77765201150211,61.722121609201686,65.44435640805148,False
192.6981397544368,1.5034770422038308,55.99253204291708,1.4434164034892705,3.391713799449785,1.4744736604012258,0.4498793601436557,0.3857260800497552,11.680079686503053,0.4491885165877529,0.0,0.0,0.0,0.0,3.024116319375504,0.0,1.0644548122867152,0.0,0.0,0.5468612596266291,0.0,0.0,0.0,5.230981847118283,34.54048506705087,1.9337846642221344,0.2338032902931501,0.2654921005607683,OC(=O)c1cc(O)c(O)c(O)c1,bioinspired_nanocomposite_hybrid,仿生-纳米复合_变体1034,79.3431620228088,77.3431620228088,80.87452961824704,75.64021341596616,False
91.63246869951824,-0.0688185886696296,55.79634495729216,1.143120697433274,2.465337692373062,0.5929235429496216,0.5820813408007578,0.6862370377895772,5.634523630703088,0.0438011206628549,0.0,0.0,0.0,0.6595116221000934,2.0,0.0,0.6535639902418051,0.0,0.0,0.0,0.0,0.0,0.0,9.822370053209522,40.1568961731242,1.9810231882038227,0.0680859038273521,0.5213157087157338,NCc1ccc(O)c(O)c1,bioinspired_nanocomposite_hybrid,仿生-纳米复合_变体1035,74.17857715569451,70.17857715569451,65.1428617245556,69.12500400898615,False
132.72337599828202,0.1781658684476384,52.900216727875126,1.7154926467954723,2.114243534120325,0.5070923781272807,0.3119736720872134,0.5329858507166066,7.420540998540567,0.0,0.0,0.0,0.0,0.0,3.2306094569656105,0.0,0.0,0.0,0.5159932605283974,0.0,0.0,0.0,0.0,3.333078986876907,40.78478928901556,2.127285085904524,0.097152362430913,0.1859188574335998,OC(=O)c1cc(O)c(O)c(O)c1,bioinspired_nanocomposite_hybrid,仿生-纳米复合_变体1036,71.24039762338958,61.240397623389576,77.79231809871166,65.0682783363727,False
229.47641981847693,1.77750090978153,49.15745277285141,1.2931976869161323,3.052407280511216,4.065225296314909,0.935855395667672,1.22666674679749,9.08828612969532,0.1395570686796307,0.0,0.0,0.0,0.4653341787398422,2.0716290113207863,0.0,0.0,0.0,0.475073120141982,0.0,0.0,0.0,0.0,3.0729192731586426,39.55506751571459,2.410703448531362,0.1285444666886876,0.1292508798549472,COc1ccc(CCN=Cc2ccc(O)c(OC)c2)cc1O,bioinspired_nanocomposite_hybrid,仿生-纳米复合_变体1037,74.9869027572924,60.486902757292405,84.38952220583393,66.59083193010468,False
174.7957195691339,0.7406412633392788,23.28388168872589,0.3343756765136553,1.0,0.0,0.6208895728028576,0.0,7.672962138675114,0.8594623723735761,3.5627095757453597,0.0,0.0,0.4201399210946895,1.0,0.0,0.0,0.0,0.0,0.3028064204367581,0.0,0.0,0.0,4.301569195052906,35.12621666750478,2.0431786341537794,0.2459835118361682,0.1772903074266547,O=C1CCCN1,bioinspired_nanocomposite_hybrid,仿生-纳米复合_变体1038,83.64369910428381,82.14369910428381,82.71495928342705,79.25058937299866,False
214.15607018421704,1.07176862452342,104.03984254061734,4.014287909289184,4.228195665730079,0.3394081165982372,2.0,1.0,14.572377592561182,0.1081562028215427,0.0,0.0,0.0,0.6381186099857349,4.4855430639955545,0.0,0.0,0.0,0.0,0.0,0.0,0.0,0.0,8.53630341072848,40.7813828923981,2.4881248047664077,0.2806935417994728,0.3435013691100612,OC(=O)c1cc(O)c(O)c(O)c1.O=C1CCCN1,bioinspired_nanocomposite_hybrid,仿生-纳米复合_变体1039,82.65062502383697,71.65062502383697,85.42050001906958,75.55543751668588,False
200.1509200478547,1.6730286208368552,51.21439581817734,1.1849503588825143,3.065735814961389,2.2242362533789817,1.1149675979297602,0.9496888161902572,10.35870954160434,0.097211669580295,0.0,0.0,0.0,0.6820775921161939,2.606542965594147,0.0,0.0,0.0,0.0,0.0,0.0,0.3704676725525679,0.0,6.9978388800873335,40.1076543504393,2.426656281764933,0.3122822192576436,0.5330493545004615,COc1ccc(CCN=Cc2ccc(O)c(OC)c2)cc1O,bioinspired_nanocomposite_hybrid,仿生-纳米复合_变体1040,80.33172069095046,65.83172069095046,85.36537655276037,72.63220448366532,False
248.70604593673184,1.3129203481707312,75.04507863961479,2.801383103266612,3.639838767403546,1.3377282962881478,1.210123078646585,0.6764093862242746,14.804223417360715,0.771867973035527,0.0,0.0,0.0,0.6532265946978123,4.612886149928071,0.0,0.6368813662370485,0.0,0.0,0.0,0.0,0.3973561009461094,0.0,6.370346396932776,37.40902771387271,1.9631686200108045,0.3200801900504947,0.3245320455983198,OC(=O)c1cc(O)c(O)c(O)c1.O=C1CCCN1,bioinspired_nanocomposite_hybrid,仿生-纳米复合_变体1041,80.58981221611891,78.58981221611891,83.67184977289513,78.71286855128324,False
172.895139558203,2.435344980371621,22.82346217951409,0.5612485534331566,1.0,3.296833458077954,0.0,0.0,11.460134195866296,0.8227275790465972,1.6444233873432317,0.0,0.0,0.5680507548862197,1.0,0.0,0.8813209781697653,0.0,0.0,0.0,0.0,0.0,0.0,4.451526828813878,34.43442067167807,1.3962370998360674,0.0543580103401787,0.1769012318052862,CC(C)NC(=O)C=C,smart_silicone_hybrid,智能-硅树脂_变体1042,79.99492890175645,80.49492890175645,62.29594312140516,79.94645023122952,False
184.5925783596267,2.1581586701068365,12.30046517534331,0.0,1.0945065758429968,2.5404319656068006,0.0,0.0,7.471168404823159,1.0,0.0,0.0,0.0,0.0,0.9404984306493552,0.0,1.3310224713090748,0.0,0.0,0.0,0.0,0.3722431854670583,0.0,1.3721689463809243,31.551057343362025,1.245465937301287,0.1774210994530245,0.0955559874486359,[Ti]C[Ti],smart_silicone_hybrid,智能-硅树脂_变体1043,78.9901085235561,82.4901085235561,62.99208681884488,77.49307596648927,False
286.678576841931,3.653617311511831,13.444810483688748,0.0,1.4724450487212142,3.741659817360044,0.3067836118331886,0.5026472544141809,16.749593866099403,0.7644236267620441,8.339309202159507,0.0,0.0,0.0,1.4471689541121515,0.0,1.0902117949081531,0.0,0.0,0.0,0.0,0.0,0.0,1.6368414306499406,22.44058667287659,1.749868810291462,0.1323207957341028,0.0828861449763591,FC(F)(F)C(F)(F)OC(F)(F)C(F)(F)OC(F)(F)C(F)(F)F,smart_silicone_hybrid,智能-硅树脂_变体1044,88.14987317596126,95.64987317596126,54.719898540769016,90.00491122317288,False
143.372065844804,1.901042895269102,27.841668865321264,0.3319815364406557,1.0,1.4947723389123742,0.0,0.0,6.620648416980415,0.4721311466084088,0.0,0.0,0.0,0.0,1.4822788604152244,0.0,1.2394870860668372,0.0,0.0,0.5430829658633118,0.0,0.0,0.0,6.991713290045378,36.33459605990292,1.6104692659778728,0.1736589769475971,0.237580266965759,OC(=O)C=C,smart_silicone_hybrid,智能-硅树脂_变体1045,79.586522470812,79.586522470812,73.8692179766496,76.5105657295684,False
265.53848657265064,2.6819838732716508,50.23789114180708,0.744237386654049,1.516454540692011,3.8150962468836496,0.5038683009603094,0.5317744067039564,15.529374240148496,0.4676725689071064,2.590183988142436,0.0,0.0,0.0,2.4713782463067,0.0,0.9015157721619984,0.0,0.0,0.4144200453255665,0.0,0.0,0.0,2.837384555014549,24.734146190032057,1.938483318347876,0.2006264896907137,0.1467699116177125,O=C(O)c1ccccc1C(=O)O.[Zn],smart_silicone_hybrid,智能-硅树脂_变体1046,88.06431708097415,89.06431708097415,71.45145366477932,86.14502195668192,False
174.43280989780746,0.3334969847165219,44.249769066612046,1.433409298143142,2.894209709032066,5.379207720565522,0.3103317278577011,0.6829188680330024,12.77520843048423,0.3502032833289323,0.0,0.0,0.0,0.0,3.056166698476892,0.0,1.1827581338478268,0.0,0.0,0.0,0.0,0.0,0.0,5.364207807076797,38.05853262159553,1.5702973683913315,0.1263581245115358,0.2264853260747086,OB(O)c1ccccc1,smart_silicone_hybrid,智能-硅树脂_变体1047,83.78352371616752,88.28352371616752,69.92681897293402,83.24846660131726,False
375.0935009520065,4.633754006071014,30.74583625944807,0.0,2.615028083833016,6.55531355089032,0.0,0.0,21.45494369919387,1.0,4.972467005096343,0.0,0.0,0.0,3.255180179796714,0.0,3.292693788799598,0.0,0.0,0.0,0.0,0.0,0.0,2.984753423294559,15.386497784752034,0.9643461342518532,0.1076377384073623,0.1582035976500531,FC(F)(F)C(F)(F)OC(F)(F)C(F)(F)OC(F)(F)C(F)(F)F,smart_silicone_hybrid,智能-硅树脂_变体1048,79.496475605022,87.996475605022,48.9971804840176,83.2475329235154,False
166.6384733523858,1.4222259221919051,36.572969613739055,1.0,2.414597325650912,5.389058636477378,0.0,0.0,11.470901501383892,0.7551557709994539,0.0,0.0,0.0,0.3519986742512797,2.807030650520716,0.0,0.6137594185095558,0.0,0.0,0.0,0.0,0.0,0.0,5.322077835945967,37.9496916978533,1.556132750872506,0.0587757857834581,0.2423716231370073,CC(C)NC(=O)C=C,smart_silicone_hybrid,智能-硅树脂_变体1049,83.49043208551558,83.49043208551558,71.29234566841247,81.4433024598609,False
252.76661238722036,4.544835930609574,31.32133751828473,0.0,2.859895967930564,4.764981103438901,0.6872838998144287,1.2262581036116131,17.668992874955812,0.6991112626681413,0.0,0.0,0.0,0.7209082075329611,1.2102845256146226,0.0,3.2333451613067044,0.0,0.0,0.0,0.0,0.0,0.0,3.457128888527068,27.53326815997981,1.7757459289361068,0.2202051629895899,0.1582047034574767,c1ccc(N=Nc2ccccc2)cc1,smart_silicone_hybrid,智能-硅树脂_变体1050,80.88557699979847,84.88557699979847,58.90846159983879,79.41990389985894,False
262.6999955672521,1.923388796392053,55.84474971571616,0.9163515644676032,1.8974528400291009,4.904373488163829,0.0,0.0,14.449036956889897,0.9237518325565066,0.0,0.0,0.0,0.6340562251085164,2.606355880306764,0.0,0.6828712868463325,0.0,0.0,0.0,0.0,0.4807000297357038,0.0,4.312251159910016,36.85721290378436,1.441120087420619,0.1875443790308978,0.179653285635452,[Ti]C[Ti],smart_silicone_hybrid,智能-硅树脂_变体1051,78.76620753136059,79.76620753136059,65.01296602508847,76.88634527195242,False
333.3097307493104,2.3583620277267645,83.25662729885823,2.004238833583954,3.64821456127578,7.970690464325285,0.0,0.0,21.09400945852243,0.9139117940196092,2.105673964072474,0.0,0.0,1.5295493444913892,3.884660534506362,0.442837401414891,0.827588297629817,0.0,0.0,0.0,0.0,0.0,0.0672716886331663,5.582582520837358,31.154697076331946,1.5371781275102498,0.0995787306252789,0.2153264489268382,C[N+](C)(C)CCCS([O-])(=O)=O.FC(F)(F)C(F)(F)F,smart_silicone_hybrid,智能-硅树脂_变体1052,85.56604784202264,90.06604784202264,66.45283827361811,85.14623348941585,False
201.9083730962132,4.317629040154888,23.754114887150457,0.4483599001972829,1.337885466911216,7.724591302864873,0.0,0.0,13.031577149732676,0.7912443587103897,0.0,0.0,0.0,0.3942084096942428,1.4442764892475344,0.0,1.8758335770559795,0.0,0.0,0.0,0.0,0.0,0.0,4.379947699471602,30.983513331586717,1.460112853777693,0.0713993443084559,0.1528075991495352,CC(C)NC(=O)C=C,smart_silicone_hybrid,智能-硅树脂_变体1053,78.72880360584409,81.22880360584409,59.78304288467528,77.81016252409087,False
258.4747621266616,2.102776644777408,45.55205585792935,0.982673565901684,1.364822825647737,3.317980554162236,0.5074008822669316,0.5911116340486098,15.852155874249002,0.4301293088575421,3.301730882125419,0.0,0.0,0.0,2.396556287936705,0.0,1.114166164211614,0.0,0.0,0.5232217221772842,0.0,0.0,0.0,4.501911532107352,29.798813226766384,1.802428029651924,0.2052942799024683,0.1522889921680714,O=C(O)c1ccccc1C(=O)O.[Zn],smart_silicone_hybrid,智能-硅树脂_变体1054,87.31455401909626,88.81455401909626,70.651643215277,85.82018781336738,False
204.171333636829,2.5579268911069337,6.754710206875819,0.0,0.8948164916809667,3.003425797934072,0.0,0.0,8.969648271940358,1.0,0.0,0.0,0.0,0.0,1.366006141664757,0.0,1.3614228813562708,0.0,0.0,0.0,0.0,0.6528422762236175,0.0,1.6386435639861523,31.04356122204113,1.5386735063814927,0.1727459486737943,0.0377017348089556,[Ti]C[Ti],smart_silicone_hybrid,智能-硅树脂_变体1055,78.05472156629845,81.55472156629845,61.243777253038765,77.33830509640892,False
182.222560175878,1.5320822969319088,38.58745879582846,1.0,2.512975717150019,6.993027181493496,0.0,0.0,11.393590594187197,0.8016958472163707,0.0,0.0,0.0,0.6195284509346533,2.971085603581633,0.0,0.8383772845338351,0.0,0.0,0.0,0.0,0.0,0.0,5.32638029726405,37.45737843982384,1.3982111979153018,0.0645497312228738,0.2402558902682556,CC(C)NC(=O)C=C,smart_silicone_hybrid,智能-硅树脂_变体1056,79.74108869240854,79.74108869240854,68.29287095392684,78.81876208468597,False
331.81484673520475,3.096741443635617,0.0,0.0,0.0,1.7672088395828731,0.0,0.0,12.928365559420676,1.0,6.806269465538026,0.0,0.0,0.0,0.0,0.0,0.0,0.0,0.0,0.0,0.0,0.5507380874002652,0.0,0.0,20.115118242706394,1.93082691785615,0.2530532551815425,0.0,[Ti]C[Ti],smart_fluoropolymer_hybrid,智能-氟聚合物_变体1057,74.68664748008803,74.18664748008803,57.14931798407042,72.38065323606162,False
154.04590037670326,2.9215618369252603,10.906028272683743,0.0,1.262097845413157,1.1656575660006243,0.6975810672819416,1.1077524581166092,8.431288511866086,0.0,1.5765882922014351,0.0,0.0,0.7444704835323035,0.0,0.0,0.0,0.0,0.0,0.0,0.0,0.0,0.0,2.238030946773605,31.639536039641456,2.34537654597975,0.1030413660211584,0.0994114372585587,c1ccc(N=Nc2ccccc2)cc1,smart_fluoropolymer_hybrid,智能-氟聚合物_变体1058,73.14675510341635,73.14675510341635,50.51740408273309,69.45272857239145,False
159.8736918234378,1.0906425661147283,39.333808409057625,1.5121597579282708,1.4810913632811036,1.396859319557619,0.6099203730605947,0.6185718999002972,10.583141832135237,0.332618984402486,3.008257517077942,0.0,0.0,0.0,2.0,0.0,0.0,0.0,0.0,0.0,0.0,0.0,0.0,4.398511854716404,34.276673759289345,2.235192614120712,0.0996586997371669,0.1989456711354874,OB(O)c1ccccc1,smart_fluoropolymer_hybrid,智能-氟聚合物_变体1059,84.68582216090232,89.18582216090232,66.34865772872185,84.18007551263162,False
307.90390848069626,3.650569543593104,26.679998803345867,0.6194677085536981,1.3343520306697534,3.175294364847436,0.0,0.0,17.494765358849108,0.8755169216031948,10.420011312522382,0.0,0.0,0.0,2.0,0.0,0.0,0.0,0.0,0.0,0.0,0.0,0.0,2.670946782459533,16.851316697474864,1.9190117757045444,0.0791141185073107,0.1104435122954468,FC(F)(F)C(F)(F)OC(F)(F)C(F)(F)OC(F)(F)C(F)(F)F,smart_fluoropolymer_hybrid,智能-氟聚合物_变体1060,90.25242976208598,95.25242976208598,60.80194380966879,91.5767008334602,False
267.2902117503377,3.427356856072258,25.737377453266557,1.1197989590168786,0.7907263668095509,2.0,0.6168870368375906,0.5307726351228208,15.135218287989936,0.4414918755549124,6.425522222901474,0.8214336035973746,0.0,0.0,1.6461015920210755,0.0,0.0,0.0,0.0,0.6070865745947567,0.0,0.0,0.0,3.765619517350596,25.61485025574945,2.184504623229422,0.2416740610629295,0.1163958083383242,O=C(O)c1ccccc1C(=O)O.[Zn],smart_fluoropolymer_hybrid,智能-氟聚合物_变体1061,76.18655637843263,77.18655637843263,58.3492451027461,73.43058946490284,False
285.07758919200273,2.7903396958471625,42.158002545861386,1.0923415164985586,3.159683112325049,4.505280241818702,0.0,0.0,19.16924281111058,0.92506656709021,10.392736555303458,0.0,0.0,0.0,2.6039016004213598,0.0,0.0,0.0,0.0,0.0,0.0,0.0,0.0,4.4055979317571525,18.038853690528164,1.9139612585698933,0.0979574891191751,0.1694246060247493,FC(F)(F)C(F)(F)OC(F)(F)C(F)(F)OC(F)(F)C(F)(F)F,smart_fluoropolymer_hybrid,智能-氟聚合物_变体1062,86.52724042973064,91.52724042973064,57.42179234378451,88.36906830081145,False
314.29372451899985,1.845905321842364,57.76544280042958,1.3432510564475035,2.430273132616407,7.756877692458199,0.0,0.0,19.50073574907083,0.9371520802248006,5.372272275255634,0.0,0.0,1.6728790601125283,2.449070944357884,0.528665920872872,0.0,0.0,0.0,0.0,0.0,0.0,0.0537685881917556,4.29537271201762,26.55767018411799,1.9093921904674975,0.0978019358619879,0.173372847629559,C[N+](C)(C)CCCS([O-])(=O)=O.FC(F)(F)C(F)(F)F,smart_fluoropolymer_hybrid,智能-氟聚合物_变体1063,87.26550264272876,91.26550264272876,69.012402114183,87.88585184991013,False
202.13588696546316,3.268471737789158,12.390233972512524,0.3021535950447676,0.4265715213424505,2.0,0.0,0.0,14.191672447779949,0.7868730933013437,3.697521814964304,1.0806838355537391,0.0,0.4876110251386408,0.6007155323239945,0.0,0.0,0.0,0.0,0.0,0.0,0.0,0.0,2.5700992387235777,27.640940998752896,1.96,0.0538733644891999,0.1715356287058314,CC(C)NC(=O)C=C,smart_fluoropolymer_hybrid,智能-氟聚合物_变体1064,78.39872571571674,78.39872571571674,57.718980572573386,74.37910800100171,False
210.75039978969969,2.641244071794276,0.0,0.0,0.0,1.0902994754386242,0.0,0.0,11.118622912629217,1.0,5.605074246227395,0.0,0.0,0.0,0.0,0.0,0.0,0.0,0.0,0.0,0.0,0.3271758215528169,0.0,0.0,22.1118195120268,1.97639150965636,0.2370581537932314,0.0,[Ti]C[Ti],smart_fluoropolymer_hybrid,智能-氟聚合物_变体1065,78.10486937912825,78.10486937912825,58.9838955033026,74.17340856538976,False
186.92885733325272,0.1966619682997251,35.1753110287516,0.6643797662615769,1.886036775619228,2.4329027988799488,0.0,0.0,8.758378426940991,0.9395065349094424,2.315254816165325,0.0,0.0,0.0,1.3875917381059115,0.0,0.0,0.0,0.0,0.0,0.0,0.3440951021839412,0.0,2.720524270427453,33.02632092030793,1.9521836232877905,0.2407228722175945,0.1169975416197004,[Ti]C[Ti],smart_fluoropolymer_hybrid,智能-氟聚合物_变体1066,83.84610142348092,84.34610142348092,69.07688113878473,81.69227099643665,False
247.04757375275048,3.1470597290800346,14.874524135647626,0.5302256166255701,0.5336541249105838,3.1811114909545624,0.0,0.0,13.77466626999368,0.7656154300643541,12.342797211514249,0.0,0.0,0.3299589595592382,0.4493464195883474,0.0,0.0,0.0,0.0,0.0,0.0,0.0,0.0,3.86356497514436,21.323662080006194,1.9375344809251127,0.083349204362441,0.107958006829874,CC(C)NC(=O)C=C,smart_fluoropolymer_hybrid,智能-氟聚合物_变体1067,73.67488747934087,72.67488747934087,54.13990998347269,71.37242123553861,False
135.7094799323432,1.001813111092607,18.71187506836298,0.6568653320699033,0.6604630033325629,0.6737882786902656,0.0,0.0,4.844455232107549,0.405299796417849,3.9585220414499753,0.0,0.0,0.0,1.3870446592024308,0.0,0.0,0.0,0.0,0.0,0.0,0.0,0.0,2.2154150763393767,27.392366320617302,1.9842942958916117,0.0463103047599655,0.0898795873945107,[Ga],smart_fluoropolymer_hybrid,智能-氟聚合物_变体1068,82.53349127955262,88.03349127955262,59.92679302364209,84.62344389568683,False
242.8063777949249,2.2464796664474216,59.686130607876905,1.6001466036552654,1.5092090588274605,2.589660085177916,1.0,1.0,15.717381779798048,0.1779660184053849,2.9300616092146434,0.0,0.0,0.0,2.7728804781300083,0.0,0.0,0.0,0.0,0.4608471921054793,0.0,0.0,0.0,4.392084759206617,31.729593302148142,2.3534921569733136,0.2767125909495704,0.1893400144465683,O=C(O)c1ccccc1C(=O)O.[Zn],smart_fluoropolymer_hybrid,智能-氟聚合物_变体1069,84.36354296811953,85.36354296811953,67.49083437449563,82.80448007768368,False
244.2984595531161,1.9621212704193884,42.370024593331465,1.654470865428281,2.0,2.540035659648239,0.4141119659692256,0.5970594631980664,15.355163400322764,0.5018260346776414,2.287791060706569,0.0,0.0,0.0,2.327676287234394,0.0,1.1770384578035995,0.0,0.0,0.0,0.0,0.0,0.0,4.59941834756466,28.545249963094427,1.739567302912742,0.1202497527087361,0.194994571016057,OB(O)c1ccccc1,smart_fluoropolymer_hybrid,智能-氟聚合物_变体1070,88.00419571549428,92.50419571549428,69.40335657239542,87.102937000846,False
283.5909189356394,2.6288459894853475,26.528004349574893,0.4352773214979639,1.663922687306744,2.713082688561182,0.6564160960337431,0.3541736734960499,15.191572142273763,0.3930135156241877,7.428284782339484,0.0,0.0,0.0,2.0,0.0,0.0,0.0,0.0,0.0,0.0,0.0,0.0,2.815269869061664,24.836758020133832,2.0765804912156867,0.1272207599251698,0.1531594711041109,FC(F)(F)C(F)(F)OC(F)(F)C(F)(F)OC(F)(F)C(F)(F)F,smart_fluoropolymer_hybrid,智能-氟聚合物_变体1071,87.63741186808276,92.63741186808276,57.10992949446621,88.84618830765794,False
